date,arrivals,gdp_per_capita,inflation_rate,brent_crude_price,usd_lkr,rub_lkr,inr_lkr,gbp_lkr,eur_lkr,cny_lkr,web_search,youtube_search,image_search,is_holiday,holiday_name,event_name,is_tourist_event,location,temperature,precipitation,humidity,wind_speed
1/1/2010,1787,2808.367792,6.217648893,76.60238095,114.4,null,2.472,184.253,null,null,69.28571429,21.63463667,59,FALSE,null,null,FALSE,Colombo,26,0,73.625,12.2
1/2/2010,1876,2808.367792,6.217648893,76.60238095,null,null,null,null,null,null,71.14285714,21.63463667,59.67741935,FALSE,null,null,FALSE,Colombo,26.3,0.1,74.91666667,13
1/3/2010,1965,2808.367792,6.217648893,76.60238095,null,null,null,null,null,null,73,21.63463667,60.35483871,FALSE,null,null,FALSE,Colombo,26,0.6,79.625,12.3
1/4/2010,1697,2808.367792,6.217648893,76.60238095,114.45,3.799,2.474,182.892,163.889,16.75,72.28571429,21.63463667,61.03225806,FALSE,null,null,FALSE,Colombo,25.6,0,75.625,17
1/5/2010,1787,2808.367792,6.217648893,76.60238095,114.325,3.775,2.502,183.183,164.951,16.76,71.57142857,21.63463667,61.70967742,FALSE,null,null,FALSE,Colombo,24.6,0,70.95833333,18.7
1/6/2010,1787,2808.367792,6.217648893,76.60238095,114.325,3.797,2.501,182.159,164.268,16.74,70.85714286,21.63463667,62.38709677,FALSE,null,null,FALSE,Colombo,24.8,0,67.25,17.1
1/7/2010,1787,2808.367792,6.217648893,76.60238095,114.31,3.799,2.516,183.366,164.788,16.75,70.14285714,21.63463667,63.06451613,FALSE,null,null,FALSE,Colombo,25.6,0,71.16666667,13.5
1/8/2010,1787,2808.367792,6.217648893,76.60238095,114.4,3.799,2.527,184.138,163.647,16.75,69.42857143,21.63463667,63.74193548,FALSE,null,null,FALSE,Colombo,25.6,0.8,79.33333333,13
1/9/2010,1876,2808.367792,6.217648893,76.60238095,null,null,null,null,null,null,68.71428571,21.63463667,64.41935484,FALSE,null,null,FALSE,Colombo,26,3.2,87.875,11.5
1/10/2010,1965,2808.367792,6.217648893,76.60238095,null,null,null,null,null,null,68,21.63463667,65.09677419,FALSE,null,null,FALSE,Colombo,26.2,0.1,83.33333333,6.9
1/11/2010,1697,2808.367792,6.217648893,76.60238095,114.35,3.828,2.503,184.886,164.902,16.74,66.42857143,21.63463667,65.77419355,FALSE,null,null,FALSE,Colombo,26.2,0.7,82.375,6.4
1/12/2010,1787,2808.367792,6.217648893,76.60238095,114.3,3.901,2.514,186.238,165.962,16.76,64.85714286,21.63463667,66.4516129,FALSE,null,null,FALSE,Colombo,26.3,6.8,84.375,11.2
1/13/2010,1787,2808.367792,6.217648893,76.60238095,114.365,3.867,2.508,186.781,165.666,16.75,63.28571429,21.63463667,67.12903226,FALSE,null,null,FALSE,Colombo,26,4.8,85.45833333,7.6
1/14/2010,1787,2808.367792,6.217648893,76.60238095,114.365,3.869,2.495,185.794,165.96,16.75,61.71428571,21.63463667,67.80645161,TRUE,Tamil Thai Pongal Day,null,FALSE,Colombo,26.3,5.7,85.5,10.2
1/15/2010,1787,2808.367792,6.217648893,76.60238095,114.25,3.884,2.503,186.594,165.875,16.75,60.14285714,21.63463667,68.48387097,FALSE,null,null,FALSE,Colombo,26.4,0,73.41666667,11.9
1/16/2010,1871,2808.367792,6.217648893,76.60238095,null,null,null,null,null,null,58.57142857,21.63463667,69.16129032,FALSE,null,null,FALSE,Colombo,26.5,3.3,75.91666667,12.4
1/17/2010,1965,2808.367792,6.217648893,76.60238095,null,null,null,null,null,null,57,21.63463667,69.83870968,FALSE,null,null,FALSE,Colombo,26.5,2.7,78.5,14.2
1/18/2010,1697,2808.367792,6.217648893,76.60238095,114.25,3.867,2.497,187.028,164.343,16.72,56.42857143,21.63463667,70.51612903,FALSE,null,null,FALSE,Colombo,26.2,4.5,77,10.2
1/19/2010,1787,2808.367792,6.217648893,76.60238095,114.25,3.86,2.494,186.272,164.36,16.74,55.85714286,21.63463667,71.19354839,FALSE,null,null,FALSE,Colombo,26.8,4.9,76.375,9.8
1/20/2010,1787,2808.367792,6.217648893,76.60238095,114.375,3.86,2.475,185.294,163.383,16.74,55.28571429,21.63463667,71.87096774,FALSE,null,null,FALSE,Colombo,27,0,67.20833333,11.2
1/21/2010,1787,2808.367792,6.217648893,76.60238095,114.4,3.843,2.474,184.201,161.263,16.75,54.71428571,21.63463667,72.5483871,FALSE,null,null,FALSE,Colombo,26.7,0,64.66666667,14.9
1/22/2010,1787,2808.367792,6.217648893,76.60238095,114.35,3.848,2.483,185.797,161.207,16.75,54.14285714,21.63463667,73.22580645,FALSE,null,null,FALSE,Colombo,26.2,0,65,13.8
1/23/2010,1876,2808.367792,6.217648893,76.60238095,null,null,null,null,null,null,53.57142857,21.63463667,73.90322581,FALSE,null,null,FALSE,Colombo,25.9,0,61.66666667,13.7
1/24/2010,1965,2808.367792,6.217648893,76.60238095,null,null,null,null,null,null,53,21.63463667,74.58064516,FALSE,null,null,FALSE,Colombo,26.4,0,65.625,9
1/25/2010,1697,2808.367792,6.217648893,76.60238095,114.4,3.825,2.498,184.884,161.611,16.76,55.14285714,21.63463667,75.25806452,FALSE,null,null,FALSE,Colombo,27.3,0,67.58333333,10.1
1/26/2010,1787,2808.367792,6.217648893,76.60238095,114.525,3.804,2.479,185.101,161.882,16.78,57.28571429,21.63463667,75.93548387,FALSE,null,null,FALSE,Colombo,27.7,0,66.29166667,7.9
1/27/2010,1787,2808.367792,6.217648893,76.60238095,114.525,3.776,2.474,184.85,161.206,16.78,59.42857143,21.63463667,76.61290323,FALSE,null,null,FALSE,Colombo,27.9,0.2,68.41666667,9.4
1/28/2010,1787,2808.367792,6.217648893,76.60238095,114.65,3.776,2.486,183.48,160.565,16.77,61.57142857,21.63463667,77.29032258,FALSE,null,null,FALSE,Colombo,28.4,0.1,66.375,9.8
1/29/2010,1787,2808.367792,6.217648893,76.60238095,114.65,3.776,2.485,182.959,160.108,16.79,63.71428571,21.63463667,77.96774194,TRUE,Nawam Full Moon Poya Day,null,FALSE,Colombo,28.3,0,62.16666667,14.3
1/30/2010,1876,2808.367792,6.217648893,76.60238095,null,null,null,null,null,null,65.85714286,21.63463667,78.64516129,FALSE,null,null,FALSE,Colombo,26.2,48.9,72.95833333,15.5
1/31/2010,1965,2808.367792,6.217648893,76.60238095,null,null,null,null,null,null,68,21.63463667,79.32258065,FALSE,null,null,FALSE,Colombo,26.5,3.8,77.16666667,11.5
2/1/2010,1781,2808.367792,6.217648893,73.903,114.65,3.776,2.486,183.25,158.974,16.79,69.42857143,21.63463667,80,FALSE,null,null,FALSE,Colombo,26.4,15.7,80.33333333,11.6
2/2/2010,1874,2808.367792,6.217648893,73.903,114.685,3.784,2.495,182.192,159.702,16.79,70.85714286,21.63463667,80.64285714,FALSE,null,null,FALSE,Colombo,26.7,10.8,78.5,10.1
2/3/2010,1874,2808.367792,6.217648893,73.903,114.6,3.814,2.479,180.513,160.129,16.8,72.28571429,21.63463667,81.28571429,FALSE,null,null,FALSE,Colombo,27,1,72.125,14.8
2/4/2010,1874,2808.367792,6.217648893,73.903,114.6,3.821,2.459,179.339,159.249,16.79,73.71428571,21.63463667,81.92857143,TRUE,Independence Day,null,FALSE,Colombo,26.9,0,71.08333333,11.7
2/5/2010,1874,2808.367792,6.217648893,73.903,114.7,3.798,2.449,178.897,157.363,16.79,75.14285714,21.63463667,82.57142857,FALSE,null,null,FALSE,Colombo,27.2,0,65.875,11.9
2/6/2010,1968,2808.367792,6.217648893,73.903,null,null,null,null,null,null,76.57142857,21.63463667,83.21428571,FALSE,null,null,FALSE,Colombo,27.4,0,64.375,14.2
2/7/2010,2062,2808.367792,6.217648893,73.903,null,null,null,null,null,null,78,21.63463667,83.85714286,FALSE,null,null,FALSE,Colombo,27.4,0,60.5,15
2/8/2010,1781,2808.367792,6.217648893,73.903,114.7,3.773,2.473,180.238,156.738,16.81,76.57142857,21.63463667,84.5,FALSE,null,null,FALSE,Colombo,27.3,0,60.625,14.6
2/9/2010,1874,2808.367792,6.217648893,73.903,114.75,3.759,2.475,178.815,156.617,16.81,75.14285714,21.63463667,85.14285714,FALSE,null,null,FALSE,Colombo,26.4,1.1,68.875,11.3
2/10/2010,1874,2808.367792,6.217648893,73.903,114.75,3.782,2.477,180.111,158.223,16.81,73.71428571,21.63463667,85.78571429,FALSE,null,null,FALSE,Colombo,28.2,2,70.91666667,12
2/11/2010,1874,2808.367792,6.217648893,73.903,114.75,3.787,2.471,179.953,157.5,16.81,72.28571429,21.63463667,86.42857143,FALSE,null,null,FALSE,Colombo,27.8,0.7,74.375,9.3
2/12/2010,1874,2808.367792,6.217648893,73.903,114.7,3.809,2.469,179.286,157.001,16.8,70.85714286,21.63463667,87.07142857,FALSE,null,null,FALSE,Colombo,26.8,0.7,79.04166667,10.5
2/13/2010,1968,2808.367792,6.217648893,73.903,null,null,null,null,null,null,69.42857143,21.63463667,87.71428571,FALSE,null,null,FALSE,Colombo,27.5,3.6,79.75,9.6
2/14/2010,2062,2808.367792,6.217648893,73.903,null,null,null,null,null,null,68,21.63463667,88.35714286,FALSE,null,null,FALSE,Colombo,27.4,0,75.79166667,9.2
2/15/2010,1787,2808.367792,6.217648893,73.903,114.45,3.793,2.49,180.654,156.192,16.79,70,21.63463667,89,FALSE,null,null,FALSE,Colombo,28.1,0,72.29166667,12.8
2/16/2010,1874,2808.367792,6.217648893,73.903,114.425,3.785,2.475,179.159,155.646,16.74,72,21.63463667,89.64285714,FALSE,null,null,FALSE,Colombo,28.2,2.4,70.875,5.7
2/17/2010,1874,2808.367792,6.217648893,73.903,114.3,3.816,2.473,178.784,157.563,16.75,74,21.63463667,90.28571429,FALSE,null,null,FALSE,Colombo,27.6,6.9,79.79166667,6.3
2/18/2010,1874,2808.367792,6.217648893,73.903,114.4,3.796,2.478,177.011,155.522,16.73,76,21.63463667,90.92857143,FALSE,null,null,FALSE,Colombo,26.7,19.9,87.79166667,13.1
2/19/2010,1874,2808.367792,6.217648893,73.903,114.4,3.807,2.48,177.053,155.767,16.73,78,21.63463667,91.57142857,FALSE,null,null,FALSE,Colombo,27.4,0.1,81.08333333,8.5
2/20/2010,1968,2808.367792,6.217648893,73.903,null,null,null,null,null,null,80,21.63463667,92.21428571,FALSE,null,null,FALSE,Colombo,27.5,0.9,80.45833333,13.2
2/21/2010,2062,2808.367792,6.217648893,73.903,null,null,null,null,null,null,82,21.63463667,92.85714286,FALSE,null,null,FALSE,Colombo,28,0,77.875,10.6
2/22/2010,1781,2808.367792,6.217648893,73.903,114.375,3.819,2.47,176.177,155.762,16.76,80.85714286,21.63463667,93.5,FALSE,null,null,FALSE,Colombo,27.6,0,79.04166667,15.8
2/23/2010,1874,2808.367792,6.217648893,73.903,114.3,3.809,2.468,176.024,155.533,16.74,79.71428571,21.63463667,94.14285714,FALSE,null,null,FALSE,Colombo,28.1,0,76.41666667,14.2
2/24/2010,1874,2808.367792,6.217648893,73.903,114.275,3.813,2.47,174.895,154.391,16.75,78.57142857,21.63463667,94.78571429,FALSE,null,null,FALSE,Colombo,26.8,3.9,81.83333333,11.5
2/25/2010,1874,2808.367792,6.217648893,73.903,114.55,3.809,2.486,174.809,154.62,16.74,77.42857143,21.63463667,95.42857143,FALSE,null,null,FALSE,Colombo,27.4,0,74.41666667,13.4
2/26/2010,1874,2808.367792,6.217648893,73.903,114.625,3.817,2.491,171.803,155.267,16.78,76.28571429,21.63463667,96.07142857,FALSE,null,null,FALSE,Colombo,27.8,0,74.83333333,12.3
2/27/2010,1968,2808.367792,6.217648893,73.903,null,null,null,null,null,null,75.14285714,21.63463667,96.71428571,TRUE,Prophet's Birthday,null,FALSE,Colombo,27.7,0,74.75,11
2/28/2010,2062,2808.367792,6.217648893,73.903,null,null,null,null,null,null,74,21.63463667,97.35714286,TRUE,Medin Full Moon Poya Day,null,FALSE,Colombo,27.8,0.1,74.75,13.4
3/1/2010,1708,2808.367792,6.217648893,79.51913043,114.6,3.829,2.507,171.459,156.165,16.8,73.14285714,21.63463667,98,FALSE,null,null,FALSE,Colombo,28,0,72.45833333,13
3/2/2010,1798,2808.367792,6.217648893,79.51913043,114.6,3.824,2.501,172.662,155.392,16.78,72.28571429,21.63463667,96.61290323,FALSE,null,null,FALSE,Colombo,28,0,68.25,14.1
3/3/2010,1798,2808.367792,6.217648893,79.51913043,114.3,3.821,2.494,171.683,155.907,16.78,71.42857143,21.63463667,95.22580645,FALSE,null,null,FALSE,Colombo,28,0,68.16666667,11.8
3/4/2010,1798,2808.367792,6.217648893,79.51913043,114.2,3.838,2.512,172.844,156.585,16.74,70.57142857,21.63463667,93.83870968,FALSE,null,null,FALSE,Colombo,27.6,1.7,73.41666667,14.6
3/5/2010,1798,2808.367792,6.217648893,79.51913043,114.19,3.827,2.508,172.025,155.089,16.72,69.71428571,21.63463667,92.4516129,FALSE,null,null,FALSE,Colombo,27.6,0,70.875,14.5
3/6/2010,1888,2808.367792,6.217648893,79.51913043,null,null,null,null,null,null,68.85714286,21.63463667,91.06451613,FALSE,null,null,FALSE,Colombo,27.1,0,69.08333333,13.9
3/7/2010,1978,2808.367792,6.217648893,79.51913043,null,null,null,null,null,null,68,21.63463667,89.67741935,FALSE,null,null,FALSE,Colombo,28.5,0,73.04166667,15.5
3/8/2010,1708,2808.367792,6.217648893,79.51913043,114.2,3.827,2.503,171.222,155.55,16.74,68.14285714,21.63463667,88.29032258,FALSE,null,null,FALSE,Colombo,29.1,0.9,74.25,12.3
3/9/2010,1798,2808.367792,6.217648893,79.51913043,114.125,3.839,2.512,170.899,155.666,16.73,68.28571429,21.63463667,86.90322581,FALSE,null,null,FALSE,Colombo,29.2,0.1,70.45833333,12.9
3/10/2010,1798,2808.367792,6.217648893,79.51913043,114.1,3.837,2.505,171.707,155.227,16.71,68.42857143,21.63463667,85.51612903,FALSE,null,null,FALSE,Colombo,29.1,0,70.125,14.2
3/11/2010,1798,2808.367792,6.217648893,79.51913043,114,3.855,2.507,173.073,155.827,16.72,68.57142857,21.63463667,84.12903226,FALSE,null,null,FALSE,Colombo,29.3,0.2,68.91666667,16.3
3/12/2010,1798,2808.367792,6.217648893,79.51913043,113.98,3.871,2.503,171.674,155.923,16.7,68.71428571,21.63463667,82.74193548,FALSE,null,null,FALSE,Colombo,28.6,6.6,73.875,11.6
3/13/2010,1888,2808.367792,6.217648893,79.51913043,null,null,null,null,null,null,68.85714286,21.63463667,81.35483871,TRUE,Maha Sivarathri Day,null,FALSE,Colombo,28.3,4.4,77.29166667,10.7
3/14/2010,1978,2808.367792,6.217648893,79.51913043,null,null,null,null,null,null,69,21.63463667,79.96774194,FALSE,null,null,FALSE,Colombo,28.2,1.1,78.75,10.5
3/15/2010,1708,2808.367792,6.217648893,79.51913043,114.05,3.894,2.508,174.102,156.865,16.69,71.57142857,21.63463667,78.58064516,FALSE,null,null,FALSE,Colombo,28.3,0.2,77,12.6
3/16/2010,1797,2808.367792,6.217648893,79.51913043,114.15,3.873,2.514,174.819,155.975,16.71,74.14285714,21.63463667,77.19354839,FALSE,null,null,FALSE,Colombo,28.2,0.3,78.95833333,10
3/17/2010,1798,2808.367792,6.217648893,79.51913043,114.115,3.891,2.508,173.892,157.242,16.72,76.71428571,21.63463667,75.80645161,FALSE,null,null,FALSE,Colombo,28.6,0,72.375,13.7
3/18/2010,1798,2808.367792,6.217648893,79.51913043,114.05,3.916,2.509,171.332,156.771,16.71,79.28571429,21.63463667,74.41935484,FALSE,null,null,FALSE,Colombo,28.1,2.2,72.125,7.6
3/19/2010,1798,2808.367792,6.217648893,79.51913043,114.05,3.903,2.509,172.295,155.177,16.69,81.85714286,21.63463667,73.03225806,FALSE,null,null,FALSE,Colombo,28.2,0.5,74.54166667,10.9
3/20/2010,1888,2808.367792,6.217648893,79.51913043,null,null,null,null,null,null,84.42857143,21.63463667,71.64516129,FALSE,null,null,FALSE,Colombo,29.2,0,69.45833333,11.9
3/21/2010,1978,2808.367792,6.217648893,79.51913043,null,null,null,null,null,null,87,21.63463667,70.25806452,FALSE,null,null,FALSE,Colombo,29.2,0.3,71.25,11.3
3/22/2010,1708,2808.367792,6.217648893,79.51913043,114.125,3.887,2.51,171.6,154.355,16.7,84.42857143,21.63463667,68.87096774,FALSE,null,null,FALSE,Colombo,28.8,0.6,71.25,12
3/23/2010,1798,2808.367792,6.217648893,79.51913043,114.05,3.866,2.51,169.604,154.685,16.73,81.85714286,21.63463667,67.48387097,FALSE,null,null,FALSE,Colombo,28.3,3.1,76.91666667,11.6
3/24/2010,1798,2808.367792,6.217648893,79.51913043,114.05,3.859,2.512,169.05,154.024,16.7,79.28571429,21.63463667,66.09677419,FALSE,null,null,FALSE,Colombo,27.9,1.9,78.25,15.3
3/25/2010,1798,2808.367792,6.217648893,79.51913043,114.13,3.848,2.529,170.082,151.863,16.72,76.71428571,21.63463667,64.70967742,FALSE,null,null,FALSE,Colombo,29,0.4,73.5,11.8
3/26/2010,1798,2808.367792,6.217648893,79.51913043,114.13,3.863,2.542,171.064,151.514,16.72,74.14285714,21.63463667,63.32258065,FALSE,null,null,FALSE,Colombo,28.5,10.9,76.79166667,13.6
3/27/2010,1888,2808.367792,6.217648893,79.51913043,null,null,null,null,null,null,71.57142857,21.63463667,61.93548387,FALSE,null,null,FALSE,Colombo,27.5,4.7,84.91666667,11.4
3/28/2010,1978,2808.367792,6.217648893,79.51913043,null,null,null,null,null,null,69,21.63463667,60.5483871,FALSE,null,null,FALSE,Colombo,27.9,4.5,82.125,7.9
3/29/2010,1708,2808.367792,6.217648893,79.51913043,114.13,3.851,2.533,171.902,153.082,16.72,71.85714286,21.63463667,59.16129032,TRUE,Bak Full Moon Poya Day,null,FALSE,Colombo,28.3,0.9,79.58333333,9
3/30/2010,1798,2808.367792,6.217648893,79.51913043,114.05,3.867,2.544,173.174,153.841,16.71,74.71428571,21.63463667,57.77419355,FALSE,null,null,FALSE,Colombo,27.7,4.8,82.125,14.4
3/31/2010,1798,2808.367792,6.217648893,79.51913043,114.05,3.862,2.54,174.082,152.981,16.7,77.57142857,21.63463667,56.38709677,FALSE,null,null,FALSE,Colombo,27.3,10.7,84.625,12.2
4/1/2010,1648,2808.367792,6.217648893,85.15636364,113.85,3.88,2.543,173.154,154.116,16.71,80.42857143,100,55,FALSE,null,null,FALSE,Colombo,27.4,7.4,86,13.6
4/2/2010,1648,2808.367792,6.217648893,85.15636364,113.85,3.879,2.564,174.017,154.642,16.67,83.28571429,100,55.96666667,TRUE,Good Friday,null,FALSE,Colombo,28.4,2.4,81.5,10.2
4/3/2010,1731,2808.367792,6.217648893,85.15636364,null,null,null,null,null,null,86.14285714,100,56.93333333,FALSE,null,null,FALSE,Colombo,28.2,1.5,81.91666667,12.9
4/4/2010,1813,2808.367792,6.217648893,85.15636364,null,null,null,null,null,null,89,100,57.9,FALSE,null,null,FALSE,Colombo,27.1,13.2,85.33333333,11.3
4/5/2010,1566,2808.367792,6.217648893,85.15636364,113.8,3.891,2.562,173.834,153.743,16.68,90.57142857,100,58.86666667,FALSE,null,null,FALSE,Colombo,27.1,11,88.04166667,10.5
4/6/2010,1648,2808.367792,6.217648893,85.15636364,113.825,3.902,2.562,173.415,153.459,16.68,92.14285714,100,59.83333333,FALSE,null,null,FALSE,Colombo,27.1,29.5,86.25,9.4
4/7/2010,1648,2808.367792,6.217648893,85.15636364,113.8,3.882,2.567,174.039,152.537,16.67,93.71428571,100,60.8,FALSE,null,null,FALSE,Colombo,27.3,14.1,85.5,9.4
4/8/2010,1648,2808.367792,6.217648893,85.15636364,113.9,3.886,2.578,175.127,151.832,16.68,95.28571429,100,61.76666667,FALSE,null,null,FALSE,Colombo,27.8,0.6,83.66666667,8
4/9/2010,1648,2808.367792,6.217648893,85.15636364,113.9,3.871,2.558,174.877,152.188,16.7,96.85714286,100,62.73333333,FALSE,null,null,FALSE,Colombo,27.4,15.3,87.29166667,7.4
4/10/2010,1731,2808.367792,6.217648893,85.15636364,null,null,null,null,null,null,98.42857143,100,63.7,FALSE,null,null,FALSE,Colombo,27.2,10.5,85.66666667,10.6
4/11/2010,1813,2808.367792,6.217648893,85.15636364,null,null,null,null,null,null,100,100,64.66666667,FALSE,null,null,FALSE,Colombo,27.7,7.8,86.08333333,11.5
4/12/2010,1566,2808.367792,6.217648893,85.15636364,113.8,3.909,2.555,174.996,153.753,16.7,95.85714286,100,65.63333333,FALSE,null,null,FALSE,Colombo,27.9,2.8,85.20833333,10
4/13/2010,1648,2808.367792,6.217648893,85.15636364,113.8,3.923,2.574,176.026,154.614,16.66,91.71428571,100,66.6,TRUE,Day Before Sinhala and Tamil New Year,null,FALSE,Colombo,27.9,1.8,87.04166667,13
4/14/2010,1648,2808.367792,6.217648893,85.15636364,113.8,3.915,2.567,176.429,154.933,16.67,87.57142857,100,67.56666667,TRUE,Sinhala and Tamil New Year,null,FALSE,Colombo,26.5,18.7,90.83333333,11.5
4/15/2010,1648,2808.367792,6.217648893,85.15636364,113.825,3.936,2.575,175.11,155.354,16.67,83.42857143,100,68.53333333,FALSE,null,null,FALSE,Colombo,27.8,1.8,84.29166667,10
4/16/2010,1648,2808.367792,6.217648893,85.15636364,114,3.927,2.547,174.777,154.58,16.67,79.28571429,100,69.5,FALSE,null,null,FALSE,Colombo,27.8,3.2,84.70833333,10.2
4/17/2010,1731,2808.367792,6.217648893,85.15636364,null,null,null,null,null,null,75.14285714,100,70.46666667,FALSE,null,null,FALSE,Colombo,27.4,8.1,88.125,11
4/18/2010,1813,2808.367792,6.217648893,85.15636364,null,null,null,null,null,null,71,100,71.43333333,FALSE,null,null,FALSE,Colombo,27.5,9.4,86.70833333,10.5
4/19/2010,1566,2808.367792,6.217648893,85.15636364,113.95,3.925,2.559,175.065,153.889,16.7,70.28571429,100,72.4,FALSE,null,null,FALSE,Colombo,27.3,7.1,87.16666667,12.1
4/20/2010,1648,2808.367792,6.217648893,85.15636364,113.9,3.907,2.557,175.515,153.69,16.7,69.57142857,100,73.36666667,FALSE,null,null,FALSE,Colombo,27.9,2.7,86.45833333,13.1
4/21/2010,1648,2808.367792,6.217648893,85.15636364,113.93,3.91,2.558,175.315,153.065,16.68,68.85714286,100,74.33333333,FALSE,null,null,FALSE,Colombo,27.3,6,89.375,14.2
4/22/2010,1648,2808.367792,6.217648893,85.15636364,113.9,3.913,2.57,175.157,152.524,16.69,68.14285714,100,75.3,FALSE,null,null,FALSE,Colombo,27.3,7,87.375,10.3
4/23/2010,1648,2808.367792,6.217648893,85.15636364,113.89,3.894,2.566,176.07,151.407,16.67,67.42857143,100,76.26666667,FALSE,null,null,FALSE,Colombo,27.1,15.8,88,14.3
4/24/2010,1731,2808.367792,6.217648893,85.15636364,null,null,null,null,null,null,66.71428571,100,77.23333333,FALSE,null,null,FALSE,Colombo,26.4,20,91.20833333,13.9
4/25/2010,1813,2808.367792,6.217648893,85.15636364,null,null,null,null,null,null,66,100,78.2,FALSE,null,null,FALSE,Colombo,27.3,8.2,86.58333333,11.3
4/26/2010,1566,2808.367792,6.217648893,85.15636364,113.935,3.918,2.562,173.559,152.453,16.66,68.71428571,100,79.16666667,FALSE,null,null,FALSE,Colombo,27.3,10.8,88,10.8
4/27/2010,1648,2808.367792,6.217648893,85.15636364,113.85,3.921,2.55,173.075,152.621,16.7,71.42857143,100,80.13333333,FALSE,null,null,FALSE,Colombo,27.5,6.2,86.83333333,11.3
4/28/2010,1648,2808.367792,6.217648893,85.15636364,113.85,3.876,2.559,174.606,149.889,16.67,74.14285714,100,81.1,TRUE,Adhi Vesak Full Mon Poya Day,null,FALSE,Colombo,27.6,5.8,86.58333333,7.4
4/29/2010,1648,2808.367792,6.217648893,85.15636364,113.95,3.876,2.574,174.008,150.447,16.66,76.85714286,100,82.06666667,FALSE,null,null,FALSE,Colombo,27.8,6.9,84.875,11.2
4/30/2010,1648,2808.367792,6.217648893,85.15636364,113.95,3.895,2.554,173.33,150.71,16.7,79.57142857,100,83.03333333,FALSE,null,null,FALSE,Colombo,27.4,5.2,85.25,9.4
5/1/2010,1253,2808.367792,6.217648893,76.13238095,null,null,null,null,null,null,82.28571429,21.63463667,84,TRUE,International Workers' Day,null,FALSE,Colombo,27.6,9.6,84.70833333,10.3
5/2/2010,1312,2808.367792,6.217648893,76.13238095,null,null,null,null,null,null,85,21.63463667,83.58064516,FALSE,null,null,FALSE,Colombo,28,6.1,84.16666667,9.2
5/3/2010,1133,2808.367792,6.217648893,76.13238095,113.7,3.901,2.545,171.902,151.531,16.7,82.14285714,21.63463667,83.16129032,FALSE,null,null,FALSE,Colombo,27.5,7.9,88,11.9
5/4/2010,1193,2808.367792,6.217648893,76.13238095,113.56,3.896,2.535,171.578,150.016,16.66,79.28571429,21.63463667,82.74193548,FALSE,null,null,FALSE,Colombo,27.7,2.2,89.08333333,13.4
5/5/2010,1193,2808.367792,6.217648893,76.13238095,113.65,3.835,2.499,167.913,147.441,16.63,76.42857143,21.63463667,82.32258065,FALSE,null,null,FALSE,Colombo,27.5,1.9,88.25,13.8
5/6/2010,1193,2808.367792,6.217648893,76.13238095,113.67,3.781,2.497,168.379,145.585,16.65,73.57142857,21.63463667,81.90322581,FALSE,null,null,FALSE,Colombo,27.8,7.7,87.25,11.3
5/7/2010,1193,2808.367792,6.217648893,76.13238095,113.75,3.702,2.535,168.792,143.855,16.64,70.71428571,21.63463667,81.48387097,FALSE,null,null,FALSE,Colombo,27.6,9.4,86.83333333,12.4
5/8/2010,1253,2808.367792,6.217648893,76.13238095,null,null,null,null,null,null,67.85714286,21.63463667,81.06451613,FALSE,null,null,FALSE,Colombo,27.1,20.1,89.20833333,11
5/9/2010,1312,2808.367792,6.217648893,76.13238095,null,null,null,null,null,null,65,21.63463667,80.64516129,FALSE,null,null,FALSE,Colombo,26.3,21.3,90.91666667,14.8
5/10/2010,1133,2808.367792,6.217648893,76.13238095,113.68,3.727,2.521,170.05,145.168,16.69,67.28571429,21.63463667,80.22580645,FALSE,null,null,FALSE,Colombo,27.8,3.2,85.45833333,14.3
5/11/2010,1193,2808.367792,6.217648893,76.13238095,113.7,3.732,2.528,168.56,145.306,16.63,69.57142857,21.63463667,79.80645161,FALSE,null,null,FALSE,Colombo,28.1,4,84.875,14.1
5/12/2010,1193,2808.367792,6.217648893,76.13238095,113.7,3.766,2.521,166.001,143.893,16.66,71.85714286,21.63463667,79.38709677,FALSE,null,null,FALSE,Colombo,27.8,6.5,87.79166667,11.3
5/13/2010,1193,2808.367792,6.217648893,76.13238095,113.625,3.786,2.511,165.314,143.506,16.64,74.14285714,21.63463667,78.96774194,FALSE,null,null,FALSE,Colombo,27.8,6.5,88.5,13.7
5/14/2010,1193,2808.367792,6.217648893,76.13238095,113.7,3.694,2.499,164.704,142.361,16.23,76.42857143,21.63463667,78.5483871,FALSE,null,null,FALSE,Colombo,27.2,13.7,89.04166667,14
5/15/2010,1253,2808.367792,6.217648893,76.13238095,null,null,null,null,null,null,78.71428571,21.63463667,78.12903226,FALSE,null,null,FALSE,Colombo,27.4,9.3,89.41666667,16.5
5/16/2010,1312,2808.367792,6.217648893,76.13238095,null,null,null,null,null,null,81,21.63463667,77.70967742,FALSE,null,null,FALSE,Colombo,26.8,5.2,89.5,14.8
5/17/2010,1133,2808.367792,6.217648893,76.13238095,113.75,3.745,2.495,162.702,140.567,16.66,81.71428571,21.63463667,77.29032258,FALSE,null,null,FALSE,Colombo,26.6,9,90.20833333,14.6
5/18/2010,1193,2808.367792,6.217648893,76.13238095,113.75,3.723,2.452,164.354,140.988,16.67,82.42857143,21.63463667,76.87096774,FALSE,null,null,FALSE,Colombo,26.4,9.5,90.54166667,19.4
5/19/2010,1193,2808.367792,6.217648893,76.13238095,113.7,3.731,2.431,163.275,138.604,16.67,83.14285714,21.63463667,76.4516129,FALSE,null,null,FALSE,Colombo,26.8,9.2,89.375,16.9
5/20/2010,1193,2808.367792,6.217648893,76.13238095,113.8,3.728,2.426,164.695,141.335,16.65,83.85714286,21.63463667,76.03225806,FALSE,null,null,FALSE,Colombo,26.2,57.2,91.79166667,23
5/21/2010,1193,2808.367792,6.217648893,76.13238095,113.83,3.624,2.423,164.111,141.88,16.68,84.57142857,21.63463667,75.61290323,FALSE,null,null,FALSE,Colombo,26.3,18.8,91.08333333,17.3
5/22/2010,1253,2808.367792,6.217648893,76.13238095,null,null,null,null,null,null,85.28571429,21.63463667,75.19354839,FALSE,null,null,FALSE,Colombo,26.5,14.3,90.375,16.5
5/23/2010,1312,2808.367792,6.217648893,76.13238095,null,null,null,null,null,null,86,21.63463667,74.77419355,FALSE,null,null,FALSE,Colombo,26.5,16.8,89.375,17.1
5/24/2010,1133,2808.367792,6.217648893,76.13238095,113.8,3.661,2.395,164.14,143.118,16.69,84.42857143,21.63463667,74.35483871,FALSE,null,null,FALSE,Colombo,26.8,13.9,87.95833333,19.2
5/25/2010,1193,2808.367792,6.217648893,76.13238095,113.8,3.573,2.418,163.769,140.572,16.25,82.85714286,21.63463667,73.93548387,FALSE,null,null,FALSE,Colombo,26.9,15.1,87.95833333,17.1
5/26/2010,1193,2808.367792,6.217648893,76.13238095,113.95,3.618,2.438,166.185,140.719,16.67,81.28571429,21.63463667,73.51612903,FALSE,null,null,FALSE,Colombo,27.7,4.7,86.91666667,18.3
5/27/2010,1193,2808.367792,6.217648893,76.13238095,113.95,3.654,2.46,164.835,138.654,16.7,79.71428571,21.63463667,73.09677419,TRUE,Vesak Full Moon Poya Day,null,FALSE,Colombo,27.6,3,85.08333333,17.9
5/28/2010,1193,2808.367792,6.217648893,76.13238095,113.95,3.715,2.455,165.466,140.945,16.7,78.14285714,21.63463667,72.67741935,TRUE,Day Following Vesak Full Moon Poya Day,null,FALSE,Colombo,27.1,6.6,88.125,15.2
5/29/2010,1253,2808.367792,6.217648893,76.13238095,null,null,null,null,null,null,76.57142857,21.63463667,72.25806452,FALSE,null,null,FALSE,Colombo,27.2,4.3,84.91666667,17.2
5/30/2010,1312,2808.367792,6.217648893,76.13238095,null,null,null,null,null,null,75,21.63463667,71.83870968,FALSE,null,null,FALSE,Colombo,27.1,2.8,87.04166667,17.2
5/31/2010,1133,2808.367792,6.217648893,76.13238095,113.8,3.712,2.413,166.683,139.817,16.67,73.42857143,21.63463667,71.41935484,FALSE,null,null,FALSE,Colombo,27.4,2.1,87.25,15.5
6/1/2010,1236,2808.367792,6.217648893,75.24636364,113.8,3.686,2.418,166.419,140.036,16.66,71.85714286,21.63463667,71,FALSE,null,null,FALSE,Colombo,28.1,4.1,86.41666667,15
6/2/2010,1236,2808.367792,6.217648893,75.24636364,113.6,3.648,2.437,166.127,139.143,16.67,70.28571429,21.63463667,71.13333333,FALSE,null,null,FALSE,Colombo,27.7,1.6,88.375,13.5
6/3/2010,1236,2808.367792,6.217648893,75.24636364,113.7,3.641,2.423,164.294,139.171,16.62,68.71428571,21.63463667,71.26666667,FALSE,null,null,FALSE,Colombo,27.5,2.1,88.41666667,13.6
6/4/2010,1236,2808.367792,6.217648893,75.24636364,113.6,3.653,2.415,164.513,138.225,16.65,67.14285714,21.63463667,71.4,FALSE,null,null,FALSE,Colombo,27.2,7.4,88.5,15.4
6/5/2010,1298,2808.367792,6.217648893,75.24636364,null,null,null,null,null,null,65.57142857,21.63463667,71.53333333,FALSE,null,null,FALSE,Colombo,26.4,25.5,90.125,21
6/6/2010,1360,2808.367792,6.217648893,75.24636364,null,null,null,null,null,null,64,21.63463667,71.66666667,FALSE,null,null,FALSE,Colombo,26.2,20.2,89.5,22.8
6/7/2010,1174,2808.367792,6.217648893,75.24636364,113.7,3.602,2.427,164.547,136.047,16.63,64.14285714,21.63463667,71.8,FALSE,null,null,FALSE,Colombo,27,17.4,84.70833333,20.2
6/8/2010,1236,2808.367792,6.217648893,75.24636364,113.7,3.582,2.416,165.14,135.474,16.66,64.28571429,21.63463667,71.93333333,FALSE,null,null,FALSE,Colombo,27.3,10.7,84.75,20.7
6/9/2010,1236,2808.367792,6.217648893,75.24636364,113.6,3.574,2.429,167.06,136.15,16.65,64.42857143,21.63463667,72.06666667,FALSE,null,null,FALSE,Colombo,26.5,13.8,87.45833333,22.1
6/10/2010,1236,2808.367792,6.217648893,75.24636364,113.615,3.59,2.427,165.102,136.144,16.63,64.57142857,21.63463667,72.2,FALSE,null,null,FALSE,Colombo,25.9,48.9,90.625,26.7
6/11/2010,1236,2808.367792,6.217648893,75.24636364,113.515,3.589,2.443,167.437,137.577,16.65,64.71428571,21.63463667,72.33333333,FALSE,null,null,FALSE,Colombo,26.5,13,88.66666667,24.1
6/12/2010,1298,2808.367792,6.217648893,75.24636364,null,null,null,null,null,null,64.85714286,21.63463667,72.46666667,FALSE,null,null,FALSE,Colombo,26.5,13.5,88.25,18.8
6/13/2010,1360,2808.367792,6.217648893,75.24636364,null,null,null,null,null,null,65,21.63463667,72.6,FALSE,null,null,FALSE,Colombo,26.3,8.6,89.45833333,13.5
6/14/2010,1174,2808.367792,6.217648893,75.24636364,113.57,3.594,2.45,168.106,137.5,16.61,66.71428571,21.63463667,72.73333333,FALSE,null,null,FALSE,Colombo,26.5,10,87.70833333,13.5
6/15/2010,1236,2808.367792,6.217648893,75.24636364,113.57,3.614,2.443,167.095,138.766,16.63,68.42857143,21.63463667,72.86666667,FALSE,null,Asia Cup Sri Lanka (Cricket),TRUE,Colombo,26.9,4.6,87.83333333,14.1
6/16/2010,1237,2808.367792,6.217648893,75.24636364,113.45,3.634,2.456,168.267,139.958,16.63,70.14285714,21.63463667,73,FALSE,null,Asia Cup Sri Lanka (Cricket),TRUE,Colombo,27,3.1,87,14.8
6/17/2010,1236,2808.367792,6.217648893,75.24636364,113.525,3.636,2.466,168.341,139.629,16.58,71.85714286,21.63463667,73.13333333,FALSE,null,Asia Cup Sri Lanka (Cricket),TRUE,Colombo,26.4,5.8,88.33333333,14.7
6/18/2010,1236,2808.367792,6.217648893,75.24636364,113.525,3.667,2.485,167.39,140.538,16.63,73.57142857,21.63463667,73.26666667,FALSE,null,Asia Cup Sri Lanka (Cricket),TRUE,Colombo,26.3,9.7,87.33333333,14.6
6/19/2010,1298,2808.367792,6.217648893,75.24636364,null,null,null,null,null,null,75.28571429,21.63463667,73.4,FALSE,null,Asia Cup Sri Lanka (Cricket),TRUE,Colombo,26.5,5.7,87.70833333,16
6/20/2010,1360,2808.367792,6.217648893,75.24636364,null,null,null,null,null,null,77,21.63463667,73.53333333,FALSE,null,Asia Cup Sri Lanka (Cricket),TRUE,Colombo,26.5,5.1,86.04166667,16.2
6/21/2010,1174,2808.367792,6.217648893,75.24636364,113.5,3.663,2.467,168.242,140.623,16.63,74.85714286,21.63463667,73.66666667,FALSE,null,Asia Cup Sri Lanka (Cricket),TRUE,Colombo,26.5,8.4,87.83333333,14.5
6/22/2010,1236,2808.367792,6.217648893,75.24636364,113.6,3.682,2.461,170.123,139.668,16.7,72.71428571,21.63463667,73.8,FALSE,null,Asia Cup Sri Lanka (Cricket),TRUE,Colombo,26.7,12.2,86.79166667,17.3
6/23/2010,1236,2808.367792,6.217648893,75.24636364,113.65,3.675,2.444,169.725,139.348,16.68,70.57142857,21.63463667,73.93333333,FALSE,null,Asia Cup Sri Lanka (Cricket),TRUE,Colombo,26.3,24.9,88.41666667,21.6
6/24/2010,1236,2808.367792,6.217648893,75.24636364,113.65,3.661,2.467,171.22,139.971,16.7,68.42857143,21.63463667,74.06666667,FALSE,null,Asia Cup Sri Lanka (Cricket),TRUE,Colombo,26.8,12.7,86.66666667,19.5
6/25/2010,1236,2808.367792,6.217648893,75.24636364,113.65,3.658,2.459,171.597,140.181,16.72,66.28571429,21.63463667,74.2,TRUE,Poson Full Moon Poya Day,null,FALSE,Colombo,27.4,10.6,82.83333333,25.5
6/26/2010,1298,2808.367792,6.217648893,75.24636364,null,null,null,null,null,null,64.14285714,21.63463667,74.33333333,FALSE,null,null,FALSE,Colombo,27.1,6.8,88.70833333,17.4
6/27/2010,1360,2808.367792,6.217648893,75.24636364,null,null,null,null,null,null,62,21.63463667,74.46666667,FALSE,null,null,FALSE,Colombo,26.8,11.1,89.29166667,16.3
6/28/2010,1174,2808.367792,6.217648893,75.24636364,113.625,3.668,2.442,170.986,140.665,16.75,61.28571429,21.63463667,74.6,FALSE,null,null,FALSE,Colombo,25.9,25.2,90.375,18.5
6/29/2010,1236,2808.367792,6.217648893,75.24636364,113.525,3.657,2.445,169.777,139.52,16.72,60.57142857,21.63463667,74.73333333,FALSE,null,null,FALSE,Colombo,26.5,30.8,86.79166667,19.8
6/30/2010,1236,2808.367792,6.217648893,75.24636364,113.575,3.622,2.436,172.202,138.291,16.69,59.85714286,21.63463667,74.86666667,FALSE,null,null,FALSE,Colombo,26.4,14.9,84.79166667,21.7
7/1/2010,1991,2808.367792,6.217648893,75.195,113.485,3.631,2.434,172.363,138.976,16.76,59.14285714,21.63463667,75,FALSE,null,null,FALSE,Colombo,25.9,16.3,89.58333333,20.5
7/2/2010,1991,2808.367792,6.217648893,75.195,113.385,3.659,2.424,171.665,142.06,16.73,58.42857143,21.63463667,74.22580645,FALSE,null,null,FALSE,Colombo,26.2,4.5,89.16666667,18.5
7/3/2010,2091,2808.367792,6.217648893,75.195,null,null,null,null,null,null,57.71428571,21.63463667,73.4516129,FALSE,null,null,FALSE,Colombo,26.2,3.6,88.54166667,16.3
7/4/2010,2191,2808.367792,6.217648893,75.195,null,null,null,null,null,null,57,21.63463667,72.67741935,FALSE,null,null,FALSE,Colombo,26.1,3.9,88.5,16.6
7/5/2010,1892,2808.367792,6.217648893,75.195,113.4,3.648,2.425,171.867,142.446,16.74,57.57142857,21.63463667,71.90322581,FALSE,null,null,FALSE,Colombo,25.7,25,90.91666667,17
7/6/2010,1991,2808.367792,6.217648893,75.195,113.425,3.64,2.412,172.221,142.209,16.73,58.14285714,21.63463667,71.12903226,FALSE,null,null,FALSE,Colombo,26.5,1.4,87,21.8
7/7/2010,1991,2808.367792,6.217648893,75.195,113.4,3.658,2.42,171.96,143.205,16.71,58.71428571,21.63463667,70.35483871,FALSE,null,null,FALSE,Colombo,26.8,2.3,84.875,10.9
7/8/2010,1991,2808.367792,6.217648893,75.195,113.4,3.658,2.431,170.907,143.292,16.73,59.28571429,21.63463667,69.58064516,FALSE,null,null,FALSE,Colombo,26.7,10,88.5,9.7
7/9/2010,1991,2808.367792,6.217648893,75.195,113.45,3.68,2.424,170.017,143.972,16.75,59.85714286,21.63463667,68.80645161,FALSE,null,null,FALSE,Colombo,26.5,5.1,87.16666667,8.3
7/10/2010,2091,2808.367792,6.217648893,75.195,null,null,null,null,null,null,60.42857143,21.63463667,68.03225806,FALSE,null,null,FALSE,Colombo,26.7,2.7,84.83333333,16.1
7/11/2010,2191,2808.367792,6.217648893,75.195,null,null,null,null,null,null,61,21.63463667,67.25806452,FALSE,null,null,FALSE,Colombo,26.7,2,83.91666667,17.7
7/12/2010,1892,2808.367792,6.217648893,75.195,113.175,3.675,2.418,171.641,143.367,16.76,61.14285714,21.63463667,66.48387097,FALSE,null,null,FALSE,Colombo,26,10.9,88,18.6
7/13/2010,1991,2808.367792,6.217648893,75.195,113.1,3.679,2.419,172.455,142.482,16.7,61.28571429,21.63463667,65.70967742,FALSE,null,null,FALSE,Colombo,26.2,3.4,85.45833333,16.6
7/14/2010,1991,2808.367792,6.217648893,75.195,113,3.693,2.422,174.516,143.948,16.71,61.42857143,21.63463667,64.93548387,FALSE,null,null,FALSE,Colombo,26.2,9.3,87.5,17.3
7/15/2010,1991,2808.367792,6.217648893,75.195,112.9,3.696,2.413,172.401,143.973,16.67,61.57142857,21.63463667,64.16129032,FALSE,null,null,FALSE,Colombo,26,17.5,88,17.8
7/16/2010,1995,2808.367792,6.217648893,75.195,112.75,3.72,2.393,171.628,146.081,16.65,61.71428571,21.63463667,63.38709677,FALSE,null,null,FALSE,Colombo,25.8,16.8,86.66666667,21.4
7/17/2010,2091,2808.367792,6.217648893,75.195,null,null,null,null,null,null,61.85714286,21.63463667,62.61290323,FALSE,null,null,FALSE,Colombo,26.1,11.5,89,19.8
7/18/2010,2191,2808.367792,6.217648893,75.195,null,null,null,null,null,null,62,21.63463667,61.83870968,FALSE,null,null,FALSE,Colombo,26.6,8.1,88.33333333,22
7/19/2010,1892,2808.367792,6.217648893,75.195,112.75,3.696,2.387,172.317,145.82,16.64,63.14285714,21.63463667,61.06451613,FALSE,null,null,FALSE,Colombo,26,27,89.08333333,21.1
7/20/2010,1991,2808.367792,6.217648893,75.195,112.85,3.694,2.391,171.046,145.904,16.65,64.28571429,21.63463667,60.29032258,FALSE,null,null,FALSE,Colombo,25.8,8.6,90.5,15.9
7/21/2010,1991,2808.367792,6.217648893,75.195,112.775,3.701,2.393,172.033,145.407,16.66,65.42857143,21.63463667,59.51612903,FALSE,null,null,FALSE,Colombo,26.7,3.2,86.70833333,16
7/22/2010,1991,2808.367792,6.217648893,75.195,112.76,3.693,2.403,174.031,143.867,16.63,66.57142857,21.63463667,58.74193548,FALSE,null,null,FALSE,Colombo,26.8,1.4,87.875,16.4
7/23/2010,1991,2808.367792,6.217648893,75.195,112.74,3.711,2.398,174.749,145.359,16.65,67.71428571,21.63463667,57.96774194,FALSE,null,Esala Perahera,TRUE,Colombo,26.7,2.8,83.66666667,21.2
7/24/2010,2091,2808.367792,6.217648893,75.195,null,null,null,null,null,null,68.85714286,21.63463667,57.19354839,FALSE,null,Esala Perahera,TRUE,Colombo,26.7,7.2,86.66666667,17.9
7/25/2010,2191,2808.367792,6.217648893,75.195,null,null,null,null,null,null,70,21.63463667,56.41935484,TRUE,Esala Full Moon Poya Day,Esala Perahera,TRUE,Colombo,26.5,3.9,87.125,16.2
7/26/2010,1892,2808.367792,6.217648893,75.195,112.85,3.715,2.418,175.878,145.514,16.62,68.71428571,21.63463667,55.64516129,FALSE,null,Esala Perahera,TRUE,Colombo,26.7,4.4,88.20833333,16.9
7/27/2010,1991,2808.367792,6.217648893,75.195,112.8,3.733,2.407,175.488,146.62,16.65,67.42857143,21.63463667,54.87096774,FALSE,null,Esala Perahera,TRUE,Colombo,26.5,10.2,88.16666667,21.3
7/28/2010,1991,2808.367792,6.217648893,75.195,112.55,3.734,2.419,175.745,146.572,16.63,66.14285714,21.63463667,54.09677419,FALSE,null,Esala Perahera,TRUE,Colombo,26.5,9.9,88.75,18
7/29/2010,1991,2808.367792,6.217648893,75.195,112.57,3.73,2.431,176.921,146.236,16.66,64.85714286,21.63463667,53.32258065,FALSE,null,Esala Perahera,TRUE,Colombo,26.4,3.9,86.83333333,17.9
7/30/2010,1991,2808.367792,6.217648893,75.195,112.8,3.755,2.432,178.779,147.191,16.6,63.57142857,21.63463667,52.5483871,FALSE,null,Esala Perahera,TRUE,Colombo,26.2,5.5,89.125,15
7/31/2010,2091,2808.367792,6.217648893,75.195,null,null,null,null,null,null,62.28571429,21.63463667,51.77419355,FALSE,null,Esala Perahera,TRUE,Colombo,26.4,4.6,86.54166667,15.9
8/1/2010,2081,2808.367792,6.217648893,76.89181818,null,null,null,null,null,null,61,21.63463667,51,FALSE,null,Esala Perahera,TRUE,Colombo,26.5,0.2,86.29166667,18.5
8/2/2010,1797,2808.367792,6.217648893,76.89181818,112.485,3.778,2.434,179.171,147.181,16.58,62,21.63463667,51.29032258,FALSE,null,null,FALSE,Colombo,26.7,2.8,87.25,19.5
8/3/2010,1892,2808.367792,6.217648893,76.89181818,112.34,3.764,2.448,178.479,148.289,16.6,63,21.63463667,51.58064516,FALSE,null,null,FALSE,Colombo,26.1,15.6,91.16666667,15.2
8/4/2010,1892,2808.367792,6.217648893,76.89181818,112.35,3.766,2.438,178.575,148.603,16.6,64,21.63463667,51.87096774,FALSE,null,null,FALSE,Colombo,26.3,3.7,89.54166667,14.2
8/5/2010,1892,2808.367792,6.217648893,76.89181818,112.35,3.772,2.443,179.17,147.863,16.6,65,21.63463667,52.16129032,FALSE,null,null,FALSE,Colombo,26.7,1.8,87.70833333,18.4
8/6/2010,1892,2808.367792,6.217648893,76.89181818,112.35,3.753,2.435,178.58,148.156,16.59,66,21.63463667,52.4516129,FALSE,null,null,FALSE,Colombo,26.5,3.1,89.29166667,17.3
8/7/2010,1986,2808.367792,6.217648893,76.89181818,null,null,null,null,null,null,67,21.63463667,52.74193548,FALSE,null,null,FALSE,Colombo,26.4,2.7,88.58333333,17.1
8/8/2010,2081,2808.367792,6.217648893,76.89181818,null,null,null,null,null,null,68,21.63463667,53.03225806,FALSE,null,null,FALSE,Colombo,26.5,6,88.08333333,17.3
8/9/2010,1797,2808.367792,6.217648893,76.89181818,112.3,3.742,2.422,178.205,149.257,16.58,68.57142857,21.63463667,53.32258065,FALSE,null,null,FALSE,Colombo,26.4,15.4,89.375,17.5
8/10/2010,1892,2808.367792,6.217648893,76.89181818,112.4,3.694,2.405,175.463,148.573,16.58,69.14285714,21.63463667,53.61290323,FALSE,null,null,FALSE,Colombo,26.9,2.1,84.20833333,19.9
8/11/2010,1892,2808.367792,6.217648893,76.89181818,112.325,3.672,2.402,174.884,148.121,16.55,69.71428571,21.63463667,53.90322581,FALSE,null,null,FALSE,Colombo,27,1.6,84.08333333,22.1
8/12/2010,1892,2808.367792,6.217648893,76.89181818,112.325,3.678,2.41,175.249,144.175,16.52,70.28571429,21.63463667,54.19354839,FALSE,null,null,FALSE,Colombo,26.5,7.7,87.125,21
8/13/2010,1892,2808.367792,6.217648893,76.89181818,112.35,3.685,2.403,176.125,144.046,16.5,70.85714286,21.63463667,54.48387097,FALSE,null,null,FALSE,Colombo,25.8,19.5,89.29166667,21.5
8/14/2010,1986,2808.367792,6.217648893,76.89181818,null,null,null,null,null,null,71.42857143,21.63463667,54.77419355,FALSE,null,null,FALSE,Colombo,26.4,10.8,86.54166667,22.2
8/15/2010,2081,2808.367792,6.217648893,76.89181818,null,null,null,null,null,null,72,21.63463667,55.06451613,FALSE,null,null,FALSE,Colombo,26.2,4.1,85.54166667,25.1
8/16/2010,1797,2808.367792,6.217648893,76.89181818,112.45,3.699,2.41,175.221,143.303,16.55,72.42857143,21.63463667,55.35483871,FALSE,null,null,FALSE,Colombo,26,5.3,85.70833333,18.9
8/17/2010,1892,2808.367792,6.217648893,76.89181818,112.4,3.698,2.415,175.462,144.234,16.57,72.85714286,21.63463667,55.64516129,FALSE,null,null,FALSE,Colombo,26.2,2.1,84.83333333,25.6
8/18/2010,1892,2808.367792,6.217648893,76.89181818,112.45,3.684,2.416,175.255,144.782,16.53,73.28571429,21.63463667,55.93548387,FALSE,null,null,FALSE,Colombo,26.3,1.5,85.08333333,21.8
8/19/2010,1892,2808.367792,6.217648893,76.89181818,112.375,3.66,2.409,174.441,144.588,16.53,73.71428571,21.63463667,56.22580645,FALSE,null,null,FALSE,Colombo,26.1,1,85.66666667,17.7
8/20/2010,1892,2808.367792,6.217648893,76.89181818,112.3,3.669,2.411,174.421,144.076,16.55,74.14285714,21.63463667,56.51612903,FALSE,null,null,FALSE,Colombo,25.8,9.4,90.5,17.6
8/21/2010,1986,2808.367792,6.217648893,76.89181818,null,null,null,null,null,null,74.57142857,21.63463667,56.80645161,FALSE,null,null,FALSE,Colombo,25.7,7.2,89.54166667,19.4
8/22/2010,2081,2808.367792,6.217648893,76.89181818,null,null,null,null,null,null,75,21.63463667,57.09677419,FALSE,null,null,FALSE,Colombo,26.1,1.2,86.125,17.3
8/23/2010,1797,2808.367792,6.217648893,76.89181818,112.45,3.65,2.397,173.252,142.711,16.54,73.85714286,21.63463667,57.38709677,FALSE,null,null,FALSE,Colombo,26.2,2.5,86.20833333,22.7
8/24/2010,1892,2808.367792,6.217648893,76.89181818,112.45,3.641,2.4,174.071,142.333,16.55,72.71428571,21.63463667,57.67741935,TRUE,Nikini Full Moon Poya Day,null,FALSE,Colombo,26.2,5.8,85.41666667,25.3
8/25/2010,1892,2808.367792,6.217648893,76.89181818,112.58,3.664,2.404,174.891,141.985,16.57,71.57142857,21.63463667,57.96774194,FALSE,null,null,FALSE,Colombo,26.1,1.7,86.75,23.8
8/26/2010,1892,2808.367792,6.217648893,76.89181818,112.6,3.67,2.407,174.861,142.504,16.58,70.42857143,21.63463667,58.25806452,FALSE,null,null,FALSE,Colombo,26.1,3.1,87.125,18.2
8/27/2010,1892,2808.367792,6.217648893,76.89181818,112.65,3.671,2.402,174.279,143.227,16.58,69.28571429,21.63463667,58.5483871,FALSE,null,null,FALSE,Colombo,26.3,0.7,82.70833333,19.5
8/28/2010,1986,2808.367792,6.217648893,76.89181818,null,null,null,null,null,null,68.14285714,21.63463667,58.83870968,FALSE,null,null,FALSE,Colombo,25.8,6.9,87.29166667,19.9
8/29/2010,2081,2808.367792,6.217648893,76.89181818,null,null,null,null,null,null,67,21.63463667,59.12903226,FALSE,null,null,FALSE,Colombo,25,33,91.83333333,17
8/30/2010,1797,2808.367792,6.217648893,76.89181818,112.7,3.658,2.396,173.094,143.798,16.57,67,21.63463667,59.41935484,FALSE,null,null,FALSE,Colombo,25.2,22,88,27
8/31/2010,1892,2808.367792,6.217648893,76.89181818,112.75,3.674,2.416,174.3,142.734,16.57,67,21.63463667,59.70967742,FALSE,null,null,FALSE,Colombo,25.6,1,84.45833333,16.7
9/1/2010,1545,2808.367792,6.217648893,77.93818182,112.75,3.668,2.409,173.377,143.041,16.52,67,21.63463667,60,FALSE,null,null,FALSE,Colombo,26,0,85.66666667,15.6
9/2/2010,1545,2808.367792,6.217648893,77.93818182,112.575,3.683,2.425,174.094,144.456,16.57,67,21.63463667,59.6,FALSE,null,null,FALSE,Colombo,26.1,1.1,85.20833333,18.4
9/3/2010,1545,2808.367792,6.217648893,77.93818182,112.7,3.668,2.416,173.1,144.388,16.56,67,21.63463667,59.2,FALSE,null,null,FALSE,Colombo,26.4,3.3,84.20833333,21.6
9/4/2010,1622,2808.367792,6.217648893,77.93818182,null,null,null,null,null,null,67,21.63463667,58.8,FALSE,null,null,FALSE,Colombo,26.4,1.7,85.41666667,18.1
9/5/2010,1700,2808.367792,6.217648893,77.93818182,null,null,null,null,null,null,67,21.63463667,58.4,FALSE,null,null,FALSE,Colombo,26.4,1.8,86.04166667,17.1
9/6/2010,1468,2808.367792,6.217648893,77.93818182,112.45,3.643,2.404,172.997,145.338,16.59,67,21.63463667,58,FALSE,null,null,FALSE,Colombo,26,2.6,90.25,16.4
9/7/2010,1545,2808.367792,6.217648893,77.93818182,112.61,3.659,2.421,174.12,144.768,16.57,67,21.63463667,57.6,FALSE,null,null,FALSE,Colombo,26.3,1.9,88,17.7
9/8/2010,1545,2808.367792,6.217648893,77.93818182,112.535,3.64,2.425,173.437,142.817,16.57,67,21.63463667,57.2,FALSE,null,null,FALSE,Colombo,26.6,4.9,88.20833333,17.6
9/9/2010,1545,2808.367792,6.217648893,77.93818182,112.41,3.637,2.429,172.555,143.178,16.62,67,21.63463667,56.8,FALSE,null,null,FALSE,Colombo,26.1,6,90.58333333,13
9/10/2010,1545,2808.367792,6.217648893,77.93818182,112.41,3.664,2.428,173.526,142.716,16.63,67,21.63463667,56.4,TRUE,Eid al-Fitr,null,FALSE,Colombo,25.7,11.4,90.33333333,11.9
9/11/2010,1622,2808.367792,6.217648893,77.93818182,null,null,null,null,null,null,67,21.63463667,56,FALSE,null,null,FALSE,Colombo,26.5,1.5,85.5,15.6
9/12/2010,1700,2808.367792,6.217648893,77.93818182,null,null,null,null,null,null,67,21.63463667,55.6,FALSE,null,null,FALSE,Colombo,26.5,1.6,86.45833333,13
9/13/2010,1468,2808.367792,6.217648893,77.93818182,112.46,3.672,2.43,174.669,142.536,16.65,65.85714286,21.63463667,55.2,FALSE,null,null,FALSE,Colombo,26.2,8.4,87.66666667,17.2
9/14/2010,1545,2808.367792,6.217648893,77.93818182,112.41,3.637,2.433,175.596,144.849,16.71,64.71428571,21.63463667,54.8,FALSE,null,null,FALSE,Colombo,26.2,4.8,88.33333333,14.1
9/15/2010,1545,2808.367792,6.217648893,77.93818182,112.41,3.585,2.434,175.488,146.088,16.73,63.57142857,21.63463667,54.4,FALSE,null,null,FALSE,Colombo,26,6.3,89.125,18.8
9/16/2010,1546,2808.367792,6.217648893,77.93818182,112.33,3.635,2.452,175.743,146.189,16.73,62.42857143,21.63463667,54,FALSE,null,null,FALSE,Colombo,26.3,5.8,88.33333333,17.7
9/17/2010,1545,2808.367792,6.217648893,77.93818182,112.45,3.612,2.458,174.72,146.911,16.73,61.28571429,21.63463667,53.6,FALSE,null,null,FALSE,Colombo,27,1.9,86.25,16
9/18/2010,1622,2808.367792,6.217648893,77.93818182,null,null,null,null,null,null,60.14285714,21.63463667,53.2,FALSE,null,null,FALSE,Colombo,25.9,29.1,89.25,21.4
9/19/2010,1700,2808.367792,6.217648893,77.93818182,null,null,null,null,null,null,59,21.63463667,52.8,FALSE,null,null,FALSE,Colombo,26,12.7,87.875,15.4
9/20/2010,1468,2808.367792,6.217648893,77.93818182,112.36,3.616,2.461,175.427,146.725,16.75,59.14285714,21.63463667,52.4,FALSE,null,null,FALSE,Colombo,26.3,6.1,87.91666667,14.8
9/21/2010,1545,2808.367792,6.217648893,77.93818182,112.37,3.626,2.464,175.92,146.804,16.77,59.28571429,21.63463667,52,FALSE,null,null,FALSE,Colombo,25.8,8.4,90.41666667,9.7
9/22/2010,1545,2808.367792,6.217648893,77.93818182,112.33,3.626,2.47,175.988,148.913,16.76,59.42857143,21.63463667,51.6,TRUE,Binara Full Moon Poya Day,null,FALSE,Colombo,25.7,11.5,89.125,12.8
9/23/2010,1545,2808.367792,6.217648893,77.93818182,112.33,3.65,2.483,177.217,150.534,16.72,59.57142857,21.63463667,51.2,FALSE,null,null,FALSE,Colombo,25.3,22.1,89.20833333,14.5
9/24/2010,1545,2808.367792,6.217648893,77.93818182,112.01,3.656,2.483,176.894,149.528,16.7,59.71428571,21.63463667,50.8,FALSE,null,null,FALSE,Colombo,25,32.7,91.29166667,15.4
9/25/2010,1622,2808.367792,6.217648893,77.93818182,null,null,null,null,null,null,59.85714286,21.63463667,50.4,FALSE,null,null,FALSE,Colombo,25.9,16.5,86.375,14.1
9/26/2010,1700,2808.367792,6.217648893,77.93818182,null,null,null,null,null,null,60,21.63463667,50,FALSE,null,null,FALSE,Colombo,26.1,4.8,87.75,11.3
9/27/2010,1468,2808.367792,6.217648893,77.93818182,111.76,3.672,2.484,176.554,151.113,16.7,59.28571429,21.63463667,49.6,FALSE,null,null,FALSE,Colombo,25.6,16.5,89.75,14.1
9/28/2010,1545,2808.367792,6.217648893,77.93818182,111.75,3.67,2.497,176.327,150.362,16.71,58.57142857,21.63463667,49.2,FALSE,null,null,FALSE,Colombo,25.3,15.2,89.95833333,13.6
9/29/2010,1545,2808.367792,6.217648893,77.93818182,111.67,3.647,2.506,175.53,151.768,16.69,57.85714286,21.63463667,48.8,FALSE,null,null,FALSE,Colombo,24.6,16.1,89.125,9.7
9/30/2010,1545,2808.367792,6.217648893,77.93818182,111.71,3.667,2.519,176.84,152.195,16.74,57.14285714,21.63463667,48.4,FALSE,null,null,FALSE,Colombo,25,8.3,86.29166667,7.9
10/1/2010,1489,2808.367792,6.217648893,83.33857143,111.8,3.666,2.505,176.702,152.294,16.69,56.42857143,21.63463667,48,FALSE,null,null,FALSE,Colombo,25.8,19.5,88,12.3
10/2/2010,1563,2808.367792,6.217648893,83.33857143,null,null,null,null,null,null,55.71428571,21.63463667,48.4516129,FALSE,null,null,FALSE,Colombo,24.7,77.7,93.70833333,16
10/3/2010,1638,2808.367792,6.217648893,83.33857143,null,null,null,null,null,null,55,21.63463667,48.90322581,FALSE,null,null,FALSE,Colombo,25.6,24.2,89.83333333,19.9
10/4/2010,1414,2808.367792,6.217648893,83.33857143,111.66,3.72,2.51,177.294,154.195,16.67,55.42857143,21.63463667,49.35483871,FALSE,null,null,FALSE,Colombo,26.6,5.6,84.91666667,21.7
10/5/2010,1489,2808.367792,6.217648893,83.33857143,111.59,3.742,2.524,177.376,152.773,16.7,55.85714286,21.63463667,49.80645161,FALSE,null,null,FALSE,Colombo,26.6,10.5,87.29166667,23.2
10/6/2010,1489,2808.367792,6.217648893,83.33857143,111.61,3.752,2.528,177.388,154.396,16.71,56.28571429,21.63463667,50.25806452,FALSE,null,null,FALSE,Colombo,26.3,9.8,87.875,23
10/7/2010,1489,2808.367792,6.217648893,83.33857143,111.73,3.737,2.513,178.191,155.556,16.75,56.71428571,21.63463667,50.70967742,FALSE,null,null,FALSE,Colombo,26.3,10.5,87.41666667,21.6
10/8/2010,1489,2808.367792,6.217648893,83.33857143,111.61,3.739,2.517,177.481,155.606,16.78,57.14285714,21.63463667,51.16129032,FALSE,null,null,FALSE,Colombo,26.2,12.6,88.45833333,18.5
10/9/2010,1563,2808.367792,6.217648893,83.33857143,null,null,null,null,null,null,57.57142857,21.63463667,51.61290323,FALSE,null,null,FALSE,Colombo,26.1,11,88.375,23.2
10/10/2010,1638,2808.367792,6.217648893,83.33857143,null,null,null,null,null,null,58,21.63463667,52.06451613,FALSE,null,null,FALSE,Colombo,26.9,3.1,85.54166667,19.3
10/11/2010,1414,2808.367792,6.217648893,83.33857143,111.75,3.708,2.51,176.591,155.618,16.72,58.57142857,21.63463667,52.51612903,FALSE,null,null,FALSE,Colombo,26.7,2.8,86.41666667,18.7
10/12/2010,1489,2808.367792,6.217648893,83.33857143,111.71,3.71,2.518,177.591,155.048,16.75,59.14285714,21.63463667,52.96774194,FALSE,null,null,FALSE,Colombo,26.7,2.4,86.29166667,16
10/13/2010,1489,2808.367792,6.217648893,83.33857143,111.71,3.716,2.533,178.837,155.573,16.81,59.71428571,21.63463667,53.41935484,FALSE,null,null,FALSE,Colombo,26.8,0.1,80.20833333,16
10/14/2010,1489,2808.367792,6.217648893,83.33857143,111.71,3.686,2.537,178.796,155.981,16.85,60.28571429,21.63463667,53.87096774,FALSE,null,null,FALSE,Colombo,26.7,1.1,79.33333333,19.8
10/15/2010,1489,2808.367792,6.217648893,83.33857143,111.8,3.674,2.523,177.376,157.298,16.8,60.85714286,21.63463667,54.32258065,FALSE,null,null,FALSE,Colombo,26.7,0,78.45833333,21.2
10/16/2010,1561,2808.367792,6.217648893,83.33857143,null,null,null,null,null,null,61.42857143,21.63463667,54.77419355,FALSE,null,null,FALSE,Colombo,26.6,2.4,83.25,22
10/17/2010,1638,2808.367792,6.217648893,83.33857143,null,null,null,null,null,null,62,21.63463667,55.22580645,FALSE,null,null,FALSE,Colombo,26.3,6.4,85.75,17.8
10/18/2010,1414,2808.367792,6.217648893,83.33857143,111.68,3.646,2.522,175.763,156.286,16.84,62,21.63463667,55.67741935,FALSE,null,null,FALSE,Colombo,25.9,4.1,88.16666667,15.5
10/19/2010,1489,2808.367792,6.217648893,83.33857143,111.84,3.637,2.524,176.979,155.665,16.79,62,21.63463667,56.12903226,FALSE,null,null,FALSE,Colombo,26.5,1.3,85.5,17.7
10/20/2010,1489,2808.367792,6.217648893,83.33857143,111.68,3.654,2.522,175.515,153.623,16.83,62,21.63463667,56.58064516,FALSE,null,null,FALSE,Colombo,26.1,0.1,81.25,14.9
10/21/2010,1489,2808.367792,6.217648893,83.33857143,111.75,3.681,2.508,175.129,155.961,16.77,62,21.63463667,57.03225806,FALSE,null,null,FALSE,Colombo,26.2,0.3,81.04166667,16.6
10/22/2010,1489,2808.367792,6.217648893,83.33857143,111.65,3.684,2.518,175.71,155.561,16.77,62,21.63463667,57.48387097,TRUE,Vap Full Moon Poya Day,null,FALSE,Colombo,26.3,2.4,81.83333333,20.6
10/23/2010,1563,2808.367792,6.217648893,83.33857143,null,null,null,null,null,null,62,21.63463667,57.93548387,FALSE,null,null,FALSE,Colombo,26.6,0,77,15.8
10/24/2010,1638,2808.367792,6.217648893,83.33857143,null,null,null,null,null,null,62,21.63463667,58.38709677,FALSE,null,null,FALSE,Colombo,26.4,1.6,85.375,17.3
10/25/2010,1414,2808.367792,6.217648893,83.33857143,111.675,3.664,2.512,176.898,155.774,16.77,61,21.63463667,58.83870968,FALSE,null,null,FALSE,Colombo,26.6,1.3,85.625,14.8
10/26/2010,1489,2808.367792,6.217648893,83.33857143,111.65,3.632,2.509,175.943,155.965,16.7,60,21.63463667,59.29032258,FALSE,null,null,FALSE,Colombo,26.6,0.9,84.54166667,14.8
10/27/2010,1489,2808.367792,6.217648893,83.33857143,111.54,3.641,2.515,178.01,154.764,16.71,59,21.63463667,59.74193548,FALSE,null,null,FALSE,Colombo,25.8,5.7,87.125,12.3
10/28/2010,1489,2808.367792,6.217648893,83.33857143,111.65,3.622,2.519,179.092,153.585,16.72,58,21.63463667,60.19354839,FALSE,null,null,FALSE,Colombo,25.3,16.4,90.91666667,7.9
10/29/2010,1489,2808.367792,6.217648893,83.33857143,111.65,3.623,2.511,179.094,155.562,16.67,57,21.63463667,60.64516129,FALSE,null,null,FALSE,Colombo,25.6,18.8,90.125,12.6
10/30/2010,1563,2808.367792,6.217648893,83.33857143,null,null,null,null,null,null,56,21.63463667,61.09677419,FALSE,null,null,FALSE,Colombo,25.7,6.5,90.375,12.6
10/31/2010,1638,2808.367792,6.217648893,83.33857143,null,null,null,null,null,null,55,21.63463667,61.5483871,FALSE,null,null,FALSE,Colombo,25.2,22.6,89.625,14.8
11/1/2010,1960,2808.367792,6.217648893,85.80090909,111.675,3.63,2.518,179.217,155.752,16.73,56.71428571,21.63463667,62,FALSE,null,Surfing Championship (Arugam Bay),TRUE,Colombo,26.1,4.5,88.04166667,14.2
11/2/2010,2064,2808.367792,6.217648893,85.80090909,111.7,3.622,2.518,179.793,155.133,16.72,58.42857143,21.63463667,61.46666667,FALSE,null,Surfing Championship (Arugam Bay),TRUE,Colombo,26.6,2.4,81.33333333,12.1
11/3/2010,2064,2808.367792,6.217648893,85.80090909,111.7,3.664,2.532,181.209,156.81,16.76,60.14285714,21.63463667,60.93333333,FALSE,null,Surfing Championship (Arugam Bay),TRUE,Colombo,26.7,1.6,81.08333333,11.9
11/4/2010,2064,2808.367792,6.217648893,85.80090909,111.41,3.651,2.536,180.256,157.95,16.75,61.85714286,21.63463667,60.4,FALSE,null,Surfing Championship (Arugam Bay),TRUE,Colombo,25.8,7.7,88.70833333,12.3
11/5/2010,2064,2808.367792,6.217648893,85.80090909,111.41,3.614,2.512,179.778,158.202,16.68,63.57142857,21.63463667,59.86666667,TRUE,Deepavali Festival Day,Surfing Championship (Arugam Bay),TRUE,Colombo,24.8,25.5,92.33333333,14.5
11/6/2010,2167,2808.367792,6.217648893,85.80090909,null,null,null,null,null,null,65.28571429,21.63463667,59.33333333,FALSE,null,Surfing Championship (Arugam Bay),TRUE,Colombo,25.5,10.1,88.16666667,21.3
11/7/2010,2270,2808.367792,6.217648893,85.80090909,null,null,null,null,null,null,67,21.63463667,58.8,FALSE,null,Surfing Championship (Arugam Bay),TRUE,Colombo,26.2,11.8,86.16666667,24.8
11/8/2010,1960,2808.367792,6.217648893,85.80090909,111.39,3.636,2.517,178.445,156.353,16.81,67.57142857,21.63463667,58.26666667,FALSE,null,null,FALSE,Colombo,26.6,1.6,82.16666667,15.7
11/9/2010,2064,2808.367792,6.217648893,85.80090909,111.615,3.639,2.521,180.03,155.077,16.84,68.14285714,21.63463667,57.73333333,FALSE,null,null,FALSE,Colombo,25.9,8,87.16666667,11.7
11/10/2010,2064,2808.367792,6.217648893,85.80090909,111.66,3.646,2.506,179.798,153.8,16.86,68.71428571,21.63463667,57.2,FALSE,null,null,FALSE,Colombo,25.3,25.7,89.83333333,12.6
11/11/2010,2064,2808.367792,6.217648893,85.80090909,111.575,3.619,2.493,180.153,153.923,16.8,69.28571429,21.63463667,56.66666667,FALSE,null,null,FALSE,Colombo,24.7,140.9,92.16666667,10
11/12/2010,2064,2808.367792,6.217648893,85.80090909,111.65,3.61,2.471,179.454,152.395,16.83,69.85714286,21.63463667,56.13333333,FALSE,null,null,FALSE,Colombo,26.2,0.4,86.375,13.6
11/13/2010,2167,2808.367792,6.217648893,85.80090909,null,null,null,null,null,null,70.42857143,21.63463667,55.6,FALSE,null,null,FALSE,Colombo,26.5,2.9,85.125,8.6
11/14/2010,2270,2808.367792,6.217648893,85.80090909,null,null,null,null,null,null,71,21.63463667,55.06666667,FALSE,null,null,FALSE,Colombo,25.7,5,86.45833333,8.1
11/15/2010,1960,2808.367792,6.217648893,85.80090909,111.715,3.577,2.459,177.127,152.894,16.83,69.14285714,21.63463667,54.53333333,FALSE,null,null,FALSE,Colombo,26.2,1.7,86.08333333,9.5
11/16/2010,2058,2808.367792,6.217648893,85.80090909,111.46,3.556,2.471,177.194,151.776,16.76,67.28571429,21.63463667,54,FALSE,null,null,FALSE,Colombo,25.6,3.7,88.125,15.1
11/17/2010,2064,2808.367792,6.217648893,85.80090909,111.46,3.596,2.468,179.24,150.387,16.84,65.42857143,21.63463667,53.46666667,TRUE,Eid al-Adha,null,FALSE,Colombo,25.3,9.3,90.5,13.2
11/18/2010,2064,2808.367792,6.217648893,85.80090909,111.7,3.588,2.467,178.575,150.678,16.81,63.57142857,21.63463667,52.93333333,FALSE,null,null,FALSE,Colombo,25.8,4.8,85.70833333,6.4
11/19/2010,2064,2808.367792,6.217648893,85.80090909,111.7,3.575,2.45,177.789,152.42,16.78,61.71428571,21.63463667,52.4,FALSE,null,null,FALSE,Colombo,25.5,20.3,87.58333333,8
11/20/2010,2167,2808.367792,6.217648893,85.80090909,null,null,null,null,null,null,59.85714286,21.63463667,51.86666667,FALSE,null,null,FALSE,Colombo,25.5,9.3,88.70833333,10.2
11/21/2010,2270,2808.367792,6.217648893,85.80090909,null,null,null,null,null,null,58,21.63463667,51.33333333,TRUE,Il Full Moon Poya Day,null,FALSE,Colombo,24.7,17.4,91.625,13.2
11/22/2010,1960,2808.367792,6.217648893,85.80090909,111.4,3.551,2.444,175.71,152.884,16.74,57.14285714,21.63463667,50.8,FALSE,null,null,FALSE,Colombo,25.4,23.4,88.08333333,8.5
11/23/2010,2064,2808.367792,6.217648893,85.80090909,111.35,3.558,2.433,175.489,151.793,16.7,56.28571429,21.63463667,50.26666667,FALSE,null,null,FALSE,Colombo,24.8,55.6,90.33333333,8
11/24/2010,2064,2808.367792,6.217648893,85.80090909,111.22,3.573,2.443,175.42,148.897,16.74,55.42857143,21.63463667,49.73333333,FALSE,null,null,FALSE,Colombo,25,14.7,90.29166667,11
11/25/2010,2064,2808.367792,6.217648893,85.80090909,111.3,3.547,2.433,173.821,148.284,16.71,54.57142857,21.63463667,49.2,FALSE,null,null,FALSE,Colombo,25.3,8.6,89.70833333,11.2
11/26/2010,2064,2808.367792,6.217648893,85.80090909,111.47,3.549,2.432,173.567,148.736,16.74,53.71428571,21.63463667,48.66666667,FALSE,null,null,FALSE,Colombo,24.9,20.3,90.625,16
11/27/2010,2167,2808.367792,6.217648893,85.80090909,null,null,null,null,null,null,52.85714286,21.63463667,48.13333333,FALSE,null,null,FALSE,Colombo,25.4,12,91.04166667,13.4
11/28/2010,2270,2808.367792,6.217648893,85.80090909,null,null,null,null,null,null,52,21.63463667,47.6,FALSE,null,null,FALSE,Colombo,25.5,16.5,90.20833333,10.2
11/29/2010,1960,2808.367792,6.217648893,85.80090909,111.45,3.536,2.432,173.216,147.603,16.7,53.42857143,21.63463667,47.06666667,FALSE,null,null,FALSE,Colombo,25.5,11.5,89.20833333,10.8
11/30/2010,2064,2808.367792,6.217648893,85.80090909,111.375,3.549,2.455,173.779,146.222,16.68,54.85714286,21.63463667,46.53333333,FALSE,null,null,FALSE,Colombo,25.4,18.3,88.54166667,8.4
12/1/2010,2693,2808.367792,6.217648893,91.96,111.19,3.567,2.465,173.642,144.565,16.71,56.28571429,21.63463667,46,FALSE,null,null,FALSE,Colombo,24.9,43.7,92.70833333,6.6
12/2/2010,2693,2808.367792,6.217648893,91.96,111.27,3.559,2.478,175.561,146.148,16.72,57.71428571,21.63463667,45.93548387,FALSE,null,null,FALSE,Colombo,25.2,30.1,90.16666667,9
12/3/2010,2693,2808.367792,6.217648893,91.96,111.28,3.565,2.481,174.718,147.188,16.74,59.14285714,21.63463667,45.87096774,FALSE,null,null,FALSE,Colombo,24.4,24.2,93.20833333,16.4
12/4/2010,2827,2808.367792,6.217648893,91.96,null,null,null,null,null,null,60.57142857,21.63463667,45.80645161,FALSE,null,null,FALSE,Colombo,24.8,29.5,90.95833333,20.2
12/5/2010,2962,2808.367792,6.217648893,91.96,null,null,null,null,null,null,62,21.63463667,45.74193548,FALSE,null,null,FALSE,Colombo,24.9,3.5,81.91666667,22.3
12/6/2010,2558,2808.367792,6.217648893,91.96,111.2,3.573,2.48,175.178,149.271,16.73,63.14285714,21.63463667,45.67741935,FALSE,null,null,FALSE,Colombo,24.9,9.7,88.95833333,17
12/7/2010,2693,2808.367792,6.217648893,91.96,111.15,3.578,2.467,175.503,147.946,16.66,64.28571429,21.63463667,45.61290323,FALSE,null,null,FALSE,Colombo,24.6,19.6,92.58333333,17.1
12/8/2010,2693,2808.367792,6.217648893,91.96,111.05,3.587,2.459,175.063,147.435,16.7,65.42857143,21.63463667,45.5483871,FALSE,null,null,FALSE,Colombo,25.2,24.7,91.375,13.5
12/9/2010,2693,2808.367792,6.217648893,91.96,111,3.582,2.466,175.451,147.236,16.65,66.57142857,21.63463667,45.48387097,FALSE,null,null,FALSE,Colombo,24.1,47.5,91.41666667,15.8
12/10/2010,2693,2808.367792,6.217648893,91.96,110.915,3.612,2.454,175.788,147.014,16.63,67.71428571,21.63463667,45.41935484,FALSE,null,null,FALSE,Colombo,25.3,12.3,88.95833333,13.4
12/11/2010,2827,2808.367792,6.217648893,91.96,null,null,null,null,null,null,68.85714286,21.63463667,45.35483871,FALSE,null,null,FALSE,Colombo,25.6,4.6,88.70833333,16.2
12/12/2010,2962,2808.367792,6.217648893,91.96,null,null,null,null,null,null,70,21.63463667,45.29032258,FALSE,null,null,FALSE,Colombo,26.1,1.9,85.04166667,17.3
12/13/2010,2558,2808.367792,6.217648893,91.96,110.89,3.608,2.468,175.039,146.785,16.68,68.57142857,21.63463667,45.22580645,FALSE,null,null,FALSE,Colombo,25.4,0,80.375,11.9
12/14/2010,2693,2808.367792,6.217648893,91.96,110.9,3.603,2.446,172.418,148.454,16.68,67.14285714,21.63463667,45.16129032,FALSE,null,null,FALSE,Colombo,24.8,0,81.79166667,9.3
12/15/2010,2693,2808.367792,6.217648893,91.96,110.94,3.617,2.442,173.582,148.411,16.64,65.71428571,21.63463667,45.09677419,FALSE,null,null,FALSE,Colombo,25.6,0.8,82.04166667,6.6
12/16/2010,2688,2808.367792,6.217648893,91.96,111.05,3.625,2.461,172.694,146.568,16.71,64.28571429,21.63463667,45.03225806,FALSE,null,null,FALSE,Colombo,25.2,7.5,88.20833333,10.7
12/17/2010,2693,2808.367792,6.217648893,91.96,111.175,3.602,2.451,172.461,146.997,16.65,62.85714286,21.63463667,44.96774194,FALSE,null,null,FALSE,Colombo,25.8,0.8,83.75,7.1
12/18/2010,2827,2808.367792,6.217648893,91.96,null,null,null,null,null,null,61.42857143,21.63463667,44.90322581,FALSE,null,null,FALSE,Colombo,26,1.3,81.54166667,9.7
12/19/2010,2962,2808.367792,6.217648893,91.96,null,null,null,null,null,null,60,21.63463667,44.83870968,FALSE,null,null,FALSE,Colombo,26,0.3,76.70833333,14.1
12/20/2010,2558,2808.367792,6.217648893,91.96,111.175,3.616,2.461,172.098,146.606,16.71,65.71428571,21.63463667,44.77419355,TRUE,Unduvap Full Moon Poya Day,null,FALSE,Colombo,25.5,3,84.04166667,8.4
12/21/2010,2693,2808.367792,6.217648893,91.96,111.25,3.626,2.471,171.175,145.879,16.76,71.42857143,21.63463667,44.70967742,FALSE,null,null,FALSE,Colombo,25.6,5.7,85.79166667,15.2
12/22/2010,2693,2808.367792,6.217648893,91.96,111.25,3.625,2.464,171.367,145.704,16.69,77.14285714,21.63463667,44.64516129,FALSE,null,null,FALSE,Colombo,24.8,10.1,86.25,15.1
12/23/2010,2693,2808.367792,6.217648893,91.96,111.05,3.653,2.468,171.643,145.726,16.72,82.85714286,21.63463667,44.58064516,FALSE,null,null,FALSE,Colombo,23.8,33.8,88.33333333,12.5
12/24/2010,2693,2808.367792,6.217648893,91.96,111.15,3.665,2.464,171.454,145.686,16.77,88.57142857,21.63463667,44.51612903,FALSE,null,null,FALSE,Colombo,22.8,43.1,88.66666667,16
12/25/2010,2827,2808.367792,6.217648893,91.96,null,null,null,null,null,null,94.28571429,21.63463667,44.4516129,TRUE,Christmas Day,null,FALSE,Colombo,23.6,37.8,91,15.9
12/26/2010,2962,2808.367792,6.217648893,91.96,null,null,null,null,null,null,100,21.63463667,44.38709677,FALSE,null,null,FALSE,Colombo,24.6,0,82.625,22.3
12/27/2010,2558,2808.367792,6.217648893,91.96,111.2,3.654,2.467,170.714,145.818,16.73,98.57142857,21.63463667,44.32258065,FALSE,null,null,FALSE,Colombo,24.3,0,80.95833333,23.1
12/28/2010,2693,2808.367792,6.217648893,91.96,110.95,3.638,2.468,171.98,146.395,16.76,97.14285714,21.63463667,44.25806452,FALSE,null,null,FALSE,Colombo,24.4,0,81.625,18.6
12/29/2010,2693,2808.367792,6.217648893,91.96,110.955,3.627,2.475,171.152,145.572,16.8,95.71428571,21.63463667,44.19354839,FALSE,null,null,FALSE,Colombo,25,2,87.95833333,9.7
12/30/2010,2693,2808.367792,6.217648893,91.96,110.95,3.627,2.481,173.091,146.688,16.8,94.28571429,21.63463667,44.12903226,FALSE,null,null,FALSE,Colombo,25,6.8,88.875,10.1
12/31/2010,2693,2808.367792,6.217648893,91.96,110.945,3.64,2.486,171.773,147.413,16.84,92.85714286,21.63463667,44.06451613,FALSE,null,null,FALSE,Colombo,24.4,1.9,90.29166667,9.8
1/1/2011,2457,3224.957363,6.716768436,96.95238095,null,null,null,null,null,null,91.42857143,23,44,FALSE,null,null,FALSE,Colombo,24.7,4.6,89.08333333,18.4
1/2/2011,2574,3224.957363,6.716768436,96.95238095,null,null,null,null,null,null,90,23,44.25806452,FALSE,null,null,FALSE,Colombo,24.7,10,88.20833333,16.1
1/3/2011,2223,3224.957363,6.716768436,96.95238095,110.95,3.639,2.468,172.777,148.428,16.76,90,23,44.51612903,FALSE,null,null,FALSE,Colombo,25.1,2.8,83.125,15.9
1/4/2011,2340,3224.957363,6.716768436,96.95238095,110.85,3.635,2.445,171.89,148.18,16.83,90,23,44.77419355,FALSE,null,null,FALSE,Colombo,24.5,0.2,81.25,17.7
1/5/2011,2340,3224.957363,6.716768436,96.95238095,110.825,3.637,2.444,171.449,147.514,16.72,90,23,45.03225806,FALSE,null,null,FALSE,Colombo,24.5,2.5,87.04166667,19.5
1/6/2011,2340,3224.957363,6.716768436,96.95238095,110.83,3.603,2.444,172.46,145.757,16.71,90,23,45.29032258,FALSE,null,null,FALSE,Colombo,24.6,0,80.95833333,24
1/7/2011,2340,3224.957363,6.716768436,96.95238095,110.85,3.634,2.443,172.555,144.201,16.69,90,23,45.5483871,FALSE,null,null,FALSE,Colombo,24.4,6.5,87.16666667,23
1/8/2011,2457,3224.957363,6.716768436,96.95238095,null,null,null,null,null,null,90,23,45.80645161,FALSE,null,null,FALSE,Colombo,25,5.5,88.625,19.9
1/9/2011,2574,3224.957363,6.716768436,96.95238095,null,null,null,null,null,null,90,23,46.06451613,FALSE,null,null,FALSE,Colombo,24.4,37.1,92.20833333,16.9
1/10/2011,2223,3224.957363,6.716768436,96.95238095,110.8,3.618,2.45,172.618,143.124,16.71,88.71428571,23,46.32258065,FALSE,null,null,FALSE,Colombo,24.4,1.9,91.08333333,14.8
1/11/2011,2340,3224.957363,6.716768436,96.95238095,110.61,3.66,2.46,174.52,143.459,16.68,87.42857143,23,46.58064516,FALSE,null,null,FALSE,Colombo,24.7,0,86.04166667,15.2
1/12/2011,2340,3224.957363,6.716768436,96.95238095,110.75,3.702,2.454,175.344,143.494,16.75,86.14285714,23,46.83870968,FALSE,null,null,FALSE,Colombo,23.8,0,80.70833333,18
1/13/2011,2340,3224.957363,6.716768436,96.95238095,110.77,3.689,2.442,175.704,145.421,16.81,84.85714286,23,47.09677419,FALSE,null,null,FALSE,Colombo,21.4,25.9,85.75,25.8
1/14/2011,2340,3224.957363,6.716768436,96.95238095,110.76,3.702,2.437,176.046,147.978,16.8,83.57142857,23,47.35483871,FALSE,null,null,FALSE,Colombo,23.3,0,82.79166667,22.4
1/15/2011,2457,3224.957363,6.716768436,96.95238095,null,null,null,null,null,null,82.28571429,23,47.61290323,TRUE,Tamil Thai Pongal Day,null,FALSE,Colombo,24.6,7.8,89.125,14.8
1/16/2011,2584,3224.957363,6.716768436,96.95238095,null,null,null,null,null,null,81,23,47.87096774,FALSE,null,null,FALSE,Colombo,25.3,1.8,86.95833333,8.3
1/17/2011,2223,3224.957363,6.716768436,96.95238095,110.815,3.706,2.438,176.832,148.153,16.83,81.14285714,23,48.12903226,FALSE,null,null,FALSE,Colombo,25.2,2.1,87.20833333,8.9
1/18/2011,2340,3224.957363,6.716768436,96.95238095,110.8,3.713,2.444,177.269,147.239,16.82,81.28571429,23,48.38709677,FALSE,null,null,FALSE,Colombo,25.4,6.2,87.125,9.4
1/19/2011,2340,3224.957363,6.716768436,96.95238095,110.8,3.711,2.429,176.483,148.339,16.89,81.42857143,23,48.64516129,TRUE,Duruthu Full Moon Poya Day,null,FALSE,Colombo,25,0.5,83.58333333,10
1/20/2011,2340,3224.957363,6.716768436,96.95238095,110.95,3.7,2.433,177.688,149.264,16.73,81.57142857,23,48.90322581,FALSE,null,null,FALSE,Colombo,24.6,0,76.29166667,8.5
1/21/2011,2340,3224.957363,6.716768436,96.95238095,111.01,3.722,2.438,177.303,149.495,16.85,81.71428571,23,49.16129032,FALSE,null,null,FALSE,Colombo,24.2,0,76,6.4
1/22/2011,2457,3224.957363,6.716768436,96.95238095,null,null,null,null,null,null,81.85714286,23,49.41935484,FALSE,null,null,FALSE,Colombo,25.2,0,75.45833333,9.2
1/23/2011,2574,3224.957363,6.716768436,96.95238095,null,null,null,null,null,null,82,23,49.67741935,FALSE,null,null,FALSE,Colombo,25.3,0,72.375,13
1/24/2011,2223,3224.957363,6.716768436,96.95238095,110.87,3.732,2.426,175.56,151.196,16.84,83.71428571,23,49.93548387,FALSE,null,null,FALSE,Colombo,25.6,0,71.54166667,13.1
1/25/2011,2340,3224.957363,6.716768436,96.95238095,110.9,3.721,2.436,176.203,151.232,16.8,85.42857143,23,50.19354839,FALSE,null,null,FALSE,Colombo,25.9,2.4,73.08333333,14.7
1/26/2011,2340,3224.957363,6.716768436,96.95238095,111.085,3.75,2.434,176.45,151.856,16.89,87.14285714,23,50.4516129,FALSE,null,null,FALSE,Colombo,25.8,7.2,81.125,11.6
1/27/2011,2340,3224.957363,6.716768436,96.95238095,110.78,3.723,2.412,175.694,151.708,16.89,88.85714286,23,50.70967742,FALSE,null,null,FALSE,Colombo,25.6,17.4,84.04166667,10.8
1/28/2011,2340,3224.957363,6.716768436,96.95238095,110.76,3.726,2.419,177.57,152.057,16.78,90.57142857,23,50.96774194,FALSE,null,null,FALSE,Colombo,25.3,8.3,82.54166667,12.4
1/29/2011,2457,3224.957363,6.716768436,96.95238095,null,null,null,null,null,null,92.28571429,23,51.22580645,FALSE,null,null,FALSE,Colombo,25.4,4.5,81.75,15.8
1/30/2011,2574,3224.957363,6.716768436,96.95238095,null,null,null,null,null,null,94,23,51.48387097,FALSE,null,null,FALSE,Colombo,25.6,4.6,83.58333333,9
1/31/2011,2223,3224.957363,6.716768436,96.95238095,110.86,3.746,2.437,178.811,150.8,16.8,91.71428571,23,51.74193548,FALSE,null,null,FALSE,Colombo,25,2.8,85.54166667,13.1
2/1/2011,2452,3224.957363,6.716768436,104.2385,110.76,3.768,2.435,179.562,151.779,16.93,89.42857143,24,52,FALSE,null,null,FALSE,Colombo,24.3,10.1,87,15.7
2/2/2011,2452,3224.957363,6.716768436,104.2385,110.95,3.768,2.433,178.873,153.192,16.92,87.14285714,24,52.14285714,FALSE,null,null,FALSE,Colombo,23.5,6.7,88.75,25.6
2/3/2011,2452,3224.957363,6.716768436,104.2385,110.85,3.759,2.429,178.293,153.172,16.88,84.85714286,24,52.28571429,FALSE,null,null,FALSE,Colombo,23.3,31.2,90.875,18.8
2/4/2011,2452,3224.957363,6.716768436,104.2385,110.71,3.778,2.444,178.418,151.144,16.88,82.57142857,24,52.42857143,TRUE,Independence Day,null,FALSE,Colombo,23.4,1.9,86.875,31.3
2/5/2011,2574,3224.957363,6.716768436,104.2385,null,null,null,null,null,null,80.28571429,24,52.57142857,FALSE,null,null,FALSE,Colombo,24,1.4,88.33333333,26.6
2/6/2011,2697,3224.957363,6.716768436,104.2385,null,null,null,null,null,null,78,24,52.71428571,FALSE,null,null,FALSE,Colombo,24.9,6,87.875,15.1
2/7/2011,2329,3224.957363,6.716768436,104.2385,110.76,3.793,2.453,178.323,150.433,16.95,79,24,52.85714286,FALSE,null,null,FALSE,Colombo,24.4,36.6,90.08333333,17.6
2/8/2011,2452,3224.957363,6.716768436,104.2385,110.97,3.796,2.437,178.635,150.468,16.83,80,24,53,FALSE,null,null,FALSE,Colombo,25.3,1.7,84.29166667,18.4
2/9/2011,2452,3224.957363,6.716768436,104.2385,110.95,3.784,2.432,178.736,151.241,16.87,81,24,53.14285714,FALSE,null,null,FALSE,Colombo,25.9,0.2,81.91666667,14.1
2/10/2011,2452,3224.957363,6.716768436,104.2385,111.04,3.788,2.435,177.752,152.334,16.86,82,24,53.28571429,FALSE,null,null,FALSE,Colombo,25.5,1.4,83.25,15.1
2/11/2011,2452,3224.957363,6.716768436,104.2385,111.05,3.784,2.438,177.676,151.031,16.78,83,24,53.42857143,FALSE,null,null,FALSE,Colombo,25.6,0.1,74.29166667,14
2/12/2011,2574,3224.957363,6.716768436,104.2385,null,null,null,null,null,null,84,24,53.57142857,FALSE,null,null,FALSE,Colombo,25.5,0,70.58333333,12.1
2/13/2011,2697,3224.957363,6.716768436,104.2385,null,null,null,null,null,null,85,24,53.71428571,FALSE,null,null,FALSE,Colombo,25.5,0,74.41666667,14.6
2/14/2011,2329,3224.957363,6.716768436,104.2385,110.76,3.774,2.434,178.612,150.44,16.8,82.85714286,24,53.85714286,FALSE,null,null,FALSE,Colombo,25.4,0.8,80.83333333,10.7
2/15/2011,2445,3224.957363,6.716768436,104.2385,110.76,3.794,2.439,178.207,149.459,16.8,80.71428571,24,54,FALSE,null,null,FALSE,Colombo,26.1,0.6,82.16666667,13.2
2/16/2011,2452,3224.957363,6.716768436,104.2385,110.76,3.789,2.447,179.127,149.416,16.83,78.57142857,24,54.14285714,TRUE,Prophet's Birthday,null,FALSE,Colombo,25.9,0,83,11.2
2/17/2011,2452,3224.957363,6.716768436,104.2385,110.76,3.811,2.458,180.163,150.224,16.88,76.42857143,24,54.28571429,TRUE,Nawam Full Moon Poya Day,null,FALSE,Colombo,25.9,0,82.29166667,11.6
2/18/2011,2452,3224.957363,6.716768436,104.2385,110.9,3.805,2.467,179.862,150.711,16.89,74.28571429,24,54.42857143,FALSE,null,null,FALSE,Colombo,26.8,0.3,79.41666667,12.1
2/19/2011,2574,3224.957363,6.716768436,104.2385,null,null,null,null,null,null,72.14285714,24,54.57142857,FALSE,null,null,FALSE,Colombo,26.4,3.3,84.66666667,9.7
2/20/2011,2697,3224.957363,6.716768436,104.2385,null,null,null,null,null,null,70,24,54.71428571,FALSE,null,null,FALSE,Colombo,26,2.7,86.54166667,8.7
2/21/2011,2329,3224.957363,6.716768436,104.2385,110.875,3.788,2.455,178.932,151.933,16.84,70,24,54.85714286,FALSE,null,null,FALSE,Colombo,25.9,6.5,86.83333333,11.2
2/22/2011,2452,3224.957363,6.716768436,104.2385,110.9,3.793,2.455,179.391,151.638,16.83,70,24,55,FALSE,null,null,FALSE,Colombo,26,1.2,84.5,8.3
2/23/2011,2452,3224.957363,6.716768436,104.2385,110.66,3.813,2.439,178.815,151.434,16.86,70,24,55.14285714,FALSE,null,null,FALSE,Colombo,26.8,0.3,78.54166667,7.4
2/24/2011,2452,3224.957363,6.716768436,104.2385,110.79,3.828,2.447,178.553,152.113,16.86,70,24,55.28571429,FALSE,null,null,FALSE,Colombo,26.3,0.6,79.04166667,8.4
2/25/2011,2452,3224.957363,6.716768436,104.2385,110.775,3.839,2.448,180.139,152.929,16.87,70,24,55.42857143,FALSE,null,null,FALSE,Colombo,26.4,0.4,80.04166667,9.5
2/26/2011,2574,3224.957363,6.716768436,104.2385,null,null,null,null,null,null,70,24,55.57142857,FALSE,null,null,FALSE,Colombo,26.2,0,79.25,10.5
2/27/2011,2697,3224.957363,6.716768436,104.2385,null,null,null,null,null,null,70,24,55.71428571,FALSE,null,null,FALSE,Colombo,26.4,0,77.83333333,8.4
2/28/2011,2329,3224.957363,6.716768436,104.2385,110.8,3.85,2.469,180.08,152.327,16.84,70.71428571,24,55.85714286,FALSE,null,null,FALSE,Colombo,26.3,1.5,78.45833333,11.7
3/1/2011,2348,3224.957363,6.716768436,114.9173913,110.75,3.907,2.471,180.827,152.921,16.86,71.42857143,24,56,FALSE,null,null,FALSE,Colombo,26.4,2.6,78.83333333,14.8
3/2/2011,2348,3224.957363,6.716768436,114.9173913,110.75,3.927,2.466,180.118,152.569,16.83,72.14285714,24,56.03225806,TRUE,Maha Sivarathri Day,null,FALSE,Colombo,27.1,0.7,73.29166667,10.4
3/3/2011,2348,3224.957363,6.716768436,114.9173913,110.675,3.917,2.457,179.62,153.543,16.79,72.85714286,24,56.06451613,FALSE,null,null,FALSE,Colombo,26.1,3.8,82.625,8.9
3/4/2011,2348,3224.957363,6.716768436,114.9173913,110.365,3.915,2.451,178.703,154.569,16.83,73.57142857,24,56.09677419,FALSE,null,null,FALSE,Colombo,26.1,18.9,83.5,7.8
3/5/2011,2465,3224.957363,6.716768436,114.9173913,null,null,null,null,null,null,74.28571429,24,56.12903226,FALSE,null,null,FALSE,Colombo,25.9,29.9,86.54166667,8.3
3/6/2011,2583,3224.957363,6.716768436,114.9173913,null,null,null,null,null,null,75,24,56.16129032,FALSE,null,null,FALSE,Colombo,26,3.7,85.375,8
3/7/2011,2230,3224.957363,6.716768436,114.9173913,110.3,3.892,2.444,177.858,154.34,16.75,74.14285714,24,56.19354839,FALSE,null,null,FALSE,Colombo,26.3,12.5,86.33333333,12.4
3/8/2011,2348,3224.957363,6.716768436,114.9173913,110.05,3.878,2.45,178.217,154.117,16.76,73.28571429,24,56.22580645,FALSE,null,null,FALSE,Colombo,26.3,2.9,83.54166667,8.2
3/9/2011,2348,3224.957363,6.716768436,114.9173913,110,3.842,2.438,176.602,153.002,16.72,72.42857143,24,56.25806452,FALSE,null,null,FALSE,Colombo,26.2,0,83.41666667,8.1
3/10/2011,2348,3224.957363,6.716768436,114.9173913,110.005,3.857,2.442,176.972,152.955,16.72,71.57142857,24,56.29032258,FALSE,null,null,FALSE,Colombo,26.4,0,81.91666667,12.1
3/11/2011,2348,3224.957363,6.716768436,114.9173913,110.05,3.868,2.445,178.232,151.73,16.79,70.71428571,24,56.32258065,FALSE,null,null,FALSE,Colombo,26.2,0,78.70833333,13.2
3/12/2011,2465,3224.957363,6.716768436,114.9173913,null,null,null,null,null,null,69.85714286,24,56.35483871,FALSE,null,null,FALSE,Colombo,26.5,0.1,77.83333333,8.3
3/13/2011,2583,3224.957363,6.716768436,114.9173913,null,null,null,null,null,null,69,24,56.38709677,FALSE,null,null,FALSE,Colombo,26.6,3.4,83.58333333,15.1
3/14/2011,2230,3224.957363,6.716768436,114.9173913,110.2,3.845,2.444,177.495,153.074,16.78,69.42857143,24,56.41935484,FALSE,null,null,FALSE,Colombo,26.8,0.7,79.54166667,17.9
3/15/2011,2348,3224.957363,6.716768436,114.9173913,110.41,3.834,2.443,176.723,154.181,16.76,69.85714286,24,56.4516129,FALSE,null,null,FALSE,Colombo,27.4,1,77.16666667,13.4
3/16/2011,2345,3224.957363,6.716768436,114.9173913,110.2,3.852,2.444,178.111,154.536,16.76,70.28571429,24,56.48387097,FALSE,null,null,FALSE,Colombo,27.7,0.2,77.5,12.3
3/17/2011,2348,3224.957363,6.716768436,114.9173913,110.35,3.876,2.454,179.343,153.206,16.82,70.71428571,24,56.51612903,FALSE,null,null,FALSE,Colombo,27.9,1.1,72.875,12.9
3/18/2011,2348,3224.957363,6.716768436,114.9173913,110.45,3.9,2.454,180.101,154.744,16.79,71.14285714,24,56.5483871,FALSE,null,null,FALSE,Colombo,27.3,0,72.5,12.7
3/19/2011,2465,3224.957363,6.716768436,114.9173913,null,null,null,null,null,null,71.57142857,24,56.58064516,TRUE,Medin Full Moon Poya Day,null,FALSE,Colombo,27.4,0.2,76.29166667,9.5
3/20/2011,2583,3224.957363,6.716768436,114.9173913,null,null,null,null,null,null,72,24,56.61290323,FALSE,null,null,FALSE,Colombo,27.2,5.1,79.66666667,12.1
3/21/2011,2230,3224.957363,6.716768436,114.9173913,110.4,3.917,2.459,180.605,156.607,16.86,71.71428571,24,56.64516129,FALSE,null,null,FALSE,Colombo,26.8,3.4,82.54166667,11
3/22/2011,2348,3224.957363,6.716768436,114.9173913,110.35,3.891,2.465,179.174,157.077,16.82,71.42857143,24,56.67741935,FALSE,null,null,FALSE,Colombo,26.9,2.2,83.5,13
3/23/2011,2348,3224.957363,6.716768436,114.9173913,110.4,3.894,2.47,177.868,156.686,16.82,71.14285714,24,56.70967742,FALSE,null,null,FALSE,Colombo,26.9,2,83.125,12.3
3/24/2011,2348,3224.957363,6.716768436,114.9173913,110.35,3.9,2.468,176.985,155.471,16.83,70.85714286,24,56.74193548,FALSE,null,null,FALSE,Colombo,26.6,1.2,85.625,10.2
3/25/2011,2348,3224.957363,6.716768436,114.9173913,110.35,3.893,2.464,176.536,156.438,16.81,70.57142857,24,56.77419355,FALSE,null,null,FALSE,Colombo,26.8,5.9,85.58333333,16.2
3/26/2011,2465,3224.957363,6.716768436,114.9173913,null,null,null,null,null,null,70.28571429,24,56.80645161,FALSE,null,null,FALSE,Colombo,26.6,3.2,88.625,14
3/27/2011,2583,3224.957363,6.716768436,114.9173913,null,null,null,null,null,null,70,24,56.83870968,FALSE,null,null,FALSE,Colombo,26.9,1.2,85.95833333,13.3
3/28/2011,2230,3224.957363,6.716768436,114.9173913,110.4,3.89,2.47,176.738,155.416,16.82,71.42857143,24,56.87096774,FALSE,null,null,FALSE,Colombo,26.5,2.4,87.08333333,12.7
3/29/2011,2348,3224.957363,6.716768436,114.9173913,110.375,3.873,2.473,177.432,155.476,16.82,72.85714286,24,56.90322581,FALSE,null,null,FALSE,Colombo,26.8,6.1,85.08333333,13.5
3/30/2011,2348,3224.957363,6.716768436,114.9173913,110.35,3.887,2.479,176.996,155.745,16.87,74.28571429,24,56.93548387,FALSE,null,null,FALSE,Colombo,27,3,85.29166667,15.3
3/31/2011,2348,3224.957363,6.716768436,114.9173913,110.395,3.897,2.486,177.813,155.886,16.83,75.71428571,24,56.96774194,FALSE,null,null,FALSE,Colombo,27.2,0.3,80.70833333,12.5
4/1/2011,2152,3224.957363,6.716768436,123.3257143,110.35,3.909,2.487,178.042,156.402,16.88,77.14285714,17,57,FALSE,null,null,FALSE,Colombo,27.4,1.2,78.375,13.8
4/2/2011,2260,3224.957363,6.716768436,123.3257143,null,null,null,null,null,null,78.57142857,17,56.93333333,FALSE,null,null,FALSE,Colombo,27.2,2.1,81.125,15.1
4/3/2011,2367,3224.957363,6.716768436,123.3257143,null,null,null,null,null,null,80,17,56.86666667,FALSE,null,null,FALSE,Colombo,27.3,1.8,79.70833333,15.5
4/4/2011,2044,3224.957363,6.716768436,123.3257143,110.4,3.892,2.49,179.81,157.039,16.87,82,17,56.8,FALSE,null,null,FALSE,Colombo,26.9,3.1,83.54166667,16.2
4/5/2011,2152,3224.957363,6.716768436,123.3257143,110.35,3.912,2.501,179.979,156.995,16.84,84,17,56.73333333,FALSE,null,null,FALSE,Colombo,26.7,5.5,84.66666667,14.8
4/6/2011,2152,3224.957363,6.716768436,123.3257143,110.21,3.906,2.497,180.116,156.94,16.89,86,17,56.66666667,FALSE,null,null,FALSE,Colombo,27,1.7,80.29166667,9
4/7/2011,2152,3224.957363,6.716768436,123.3257143,110.365,3.951,2.505,180.885,157.936,16.89,88,17,56.6,FALSE,null,null,FALSE,Colombo,26.9,4.8,78.58333333,8.6
4/8/2011,2152,3224.957363,6.716768436,123.3257143,110.4,3.937,2.485,180.272,157.861,16.87,90,17,56.53333333,FALSE,null,null,FALSE,Colombo,27.3,0.1,79.95833333,11.7
4/9/2011,2260,3224.957363,6.716768436,123.3257143,null,null,null,null,null,null,92,17,56.46666667,FALSE,null,null,FALSE,Colombo,27,4,81.875,14
4/10/2011,2367,3224.957363,6.716768436,123.3257143,null,null,null,null,null,null,94,17,56.4,FALSE,null,null,FALSE,Colombo,27.1,5.1,80,6.9
4/11/2011,2044,3224.957363,6.716768436,123.3257143,110.275,3.926,2.497,179.478,159.87,16.88,92.14285714,17,56.33333333,FALSE,null,null,FALSE,Colombo,26.9,23,82.20833333,13.4
4/12/2011,2152,3224.957363,6.716768436,123.3257143,110.4,3.926,2.48,179.61,159.22,16.9,90.28571429,17,56.26666667,FALSE,null,null,FALSE,Colombo,25.8,31.9,86.16666667,14.3
4/13/2011,2152,3224.957363,6.716768436,123.3257143,110.4,3.908,2.481,180.488,159.815,16.91,88.42857143,17,56.2,TRUE,Day Before Sinhala and Tamil New Year,null,FALSE,Colombo,26.4,19.4,85.66666667,10.6
4/14/2011,2152,3224.957363,6.716768436,123.3257143,110.4,3.929,2.494,180.201,159.428,16.9,86.57142857,17,56.13333333,TRUE,Sinhala and Tamil New Year,null,FALSE,Colombo,26.6,3.2,84.75,12.5
4/15/2011,2152,3224.957363,6.716768436,123.3257143,110.4,3.902,2.479,179.558,159.925,16.9,84.71428571,17,56.06666667,FALSE,null,null,FALSE,Colombo,26.8,2.6,87.29166667,11.2
4/16/2011,2261,3224.957363,6.716768436,123.3257143,null,null,null,null,null,null,82.85714286,17,56,FALSE,null,null,FALSE,Colombo,26.5,17.2,86.29166667,10
4/17/2011,2367,3224.957363,6.716768436,123.3257143,null,null,null,null,null,null,81,17,55.93333333,TRUE,Bak Full Moon Poya Day,null,FALSE,Colombo,26.8,3,84.625,10
4/18/2011,2044,3224.957363,6.716768436,123.3257143,110.375,3.905,2.481,180.105,159.329,16.89,79.28571429,17,55.86666667,FALSE,null,null,FALSE,Colombo,26.3,9.1,86.79166667,10.5
4/19/2011,2152,3224.957363,6.716768436,123.3257143,110.375,3.932,2.491,180.936,157.108,16.91,77.57142857,17,55.8,FALSE,null,null,FALSE,Colombo,26.2,10,89,12.8
4/20/2011,2152,3224.957363,6.716768436,123.3257143,110.3,3.937,2.483,181.998,158.25,16.97,75.85714286,17,55.73333333,FALSE,null,null,FALSE,Colombo,26.3,10,87.25,11.9
4/21/2011,2152,3224.957363,6.716768436,123.3257143,110.175,3.939,2.493,181.899,160.139,16.97,74.14285714,17,55.66666667,FALSE,null,null,FALSE,Colombo,26.8,2.4,84.5,14.8
4/22/2011,2152,3224.957363,6.716768436,123.3257143,110.175,3.955,2.479,181.828,160.332,17,72.42857143,17,55.6,TRUE,Good Friday,null,FALSE,Colombo,26.1,16,88.41666667,10.7
4/23/2011,2260,3224.957363,6.716768436,123.3257143,null,null,null,null,null,null,70.71428571,17,55.53333333,FALSE,null,null,FALSE,Colombo,25.4,19.5,92.20833333,9.7
4/24/2011,2367,3224.957363,6.716768436,123.3257143,null,null,null,null,null,null,69,17,55.46666667,FALSE,null,null,FALSE,Colombo,26.3,17,87.95833333,18.6
4/25/2011,2044,3224.957363,6.716768436,123.3257143,110.185,3.97,2.476,181.607,160.37,16.86,69.71428571,17,55.4,FALSE,null,null,FALSE,Colombo,25.8,7.8,89.54166667,15.4
4/26/2011,2152,3224.957363,6.716768436,123.3257143,110.175,3.974,2.483,183.063,160.672,16.92,70.42857143,17,55.33333333,FALSE,null,null,FALSE,Colombo,26.1,12.5,90.16666667,12.7
4/27/2011,2152,3224.957363,6.716768436,123.3257143,110.1,3.985,2.476,182.437,161.329,16.85,71.14285714,17,55.26666667,FALSE,null,null,FALSE,Colombo,26.3,13.8,90.20833333,13.8
4/28/2011,2152,3224.957363,6.716768436,123.3257143,109.7,4.014,2.483,183.571,162.706,16.93,71.85714286,17,55.2,FALSE,null,null,FALSE,Colombo,26.1,15,90.75,18.3
4/29/2011,2152,3224.957363,6.716768436,123.3257143,109.9,4.012,2.482,183,162.619,16.91,72.57142857,17,55.13333333,FALSE,null,null,FALSE,Colombo,27.4,3.7,87.16666667,17.9
4/30/2011,2260,3224.957363,6.716768436,123.3257143,null,null,null,null,null,null,73.28571429,17,55.06666667,FALSE,null,null,FALSE,Colombo,26.8,7.6,89.58333333,15.5
5/1/2011,1719,3224.957363,6.716768436,114.9295455,null,null,null,null,null,null,74,29,55,TRUE,International Workers' Day,null,FALSE,Colombo,26.3,7.2,90.33333333,12.8
5/2/2011,1485,3224.957363,6.716768436,114.9295455,109.9,4.013,2.469,180.995,162.674,16.88,75.57142857,29,54.4516129,FALSE,null,null,FALSE,Colombo,26.2,12.6,89.58333333,19.6
5/3/2011,1563,3224.957363,6.716768436,114.9295455,109.8,4.039,2.474,180.984,162.933,16.89,77.14285714,29,53.90322581,FALSE,null,null,FALSE,Colombo,27,4.3,86.54166667,15.9
5/4/2011,1563,3224.957363,6.716768436,114.9295455,109.74,4.002,2.451,179.787,162.795,16.89,78.71428571,29,53.35483871,FALSE,null,null,FALSE,Colombo,27.3,2,88.54166667,13.9
5/5/2011,1563,3224.957363,6.716768436,114.9295455,109.7,3.966,2.454,179.708,162.684,16.92,80.28571429,29,52.80645161,FALSE,null,null,FALSE,Colombo,27.1,11.8,89.66666667,13.5
5/6/2011,1563,3224.957363,6.716768436,114.9295455,109.775,3.947,2.456,180.053,159.52,16.89,81.85714286,29,52.25806452,FALSE,null,null,FALSE,Colombo,26.9,5.1,88.29166667,14.2
5/7/2011,1641,3224.957363,6.716768436,114.9295455,null,null,null,null,null,null,83.42857143,29,51.70967742,FALSE,null,null,FALSE,Colombo,27.5,5.9,87.04166667,16.9
5/8/2011,1719,3224.957363,6.716768436,114.9295455,null,null,null,null,null,null,85,29,51.16129032,FALSE,null,null,FALSE,Colombo,27.7,4.4,86.58333333,19.2
5/9/2011,1485,3224.957363,6.716768436,114.9295455,109.775,3.959,2.452,179.587,157.094,16.89,85.42857143,29,50.61290323,FALSE,null,null,FALSE,Colombo,26.8,4.2,90.29166667,14
5/10/2011,1563,3224.957363,6.716768436,114.9295455,109.725,3.959,2.46,179.365,157.681,16.88,85.85714286,29,50.06451613,FALSE,null,null,FALSE,Colombo,26.6,4.6,89.29166667,13.6
5/11/2011,1563,3224.957363,6.716768436,114.9295455,109.7,3.915,2.44,178.777,158.092,16.87,86.28571429,29,49.51612903,FALSE,null,null,FALSE,Colombo,26.7,4.1,87.29166667,15.4
5/12/2011,1563,3224.957363,6.716768436,114.9295455,109.75,3.929,2.446,177.774,155.752,16.88,86.71428571,29,48.96774194,FALSE,null,null,FALSE,Colombo,26.4,14.2,90.125,10.7
5/13/2011,1563,3224.957363,6.716768436,114.9295455,109.75,3.904,2.432,177.843,156.317,16.86,87.14285714,29,48.41935484,FALSE,null,null,FALSE,Colombo,27.2,1.9,82.83333333,15.7
5/14/2011,1641,3224.957363,6.716768436,114.9295455,null,null,null,null,null,null,87.57142857,29,47.87096774,FALSE,null,null,FALSE,Colombo,27.1,2.4,81.91666667,13.9
5/15/2011,1719,3224.957363,6.716768436,114.9295455,null,null,null,null,null,null,88,29,47.32258065,FALSE,null,null,FALSE,Colombo,27,2.9,86.25,15.3
5/16/2011,1477,3224.957363,6.716768436,114.9295455,109.8,3.915,2.434,178.398,154.978,16.88,86.42857143,29,46.77419355,FALSE,null,null,FALSE,Colombo,27.7,2.2,84.625,12.1
5/17/2011,1563,3224.957363,6.716768436,114.9295455,109.8,3.909,2.437,177.508,155.483,16.89,84.85714286,29,46.22580645,TRUE,Vesak Full Moon Poya Day,null,FALSE,Colombo,26.9,5.6,85.83333333,11.3
5/18/2011,1563,3224.957363,6.716768436,114.9295455,109.8,3.932,2.44,178.168,156.333,16.87,83.28571429,29,45.67741935,TRUE,Day Following Vesak Full Moon Poya Day,null,FALSE,Colombo,27.2,0.4,83.41666667,11.4
5/19/2011,1563,3224.957363,6.716768436,114.9295455,109.75,3.9,2.443,178.217,156.416,16.91,81.71428571,29,45.12903226,FALSE,null,null,FALSE,Colombo,27.2,0.8,84.54166667,13.8
5/20/2011,1563,3224.957363,6.716768436,114.9295455,109.81,3.859,2.43,177.182,157.091,16.87,80.14285714,29,44.58064516,FALSE,null,null,FALSE,Colombo,27.2,1.6,86.29166667,16.2
5/21/2011,1641,3224.957363,6.716768436,114.9295455,null,null,null,null,null,null,78.57142857,29,44.03225806,FALSE,null,null,FALSE,Colombo,26.8,4.6,85.75,18.9
5/22/2011,1719,3224.957363,6.716768436,114.9295455,null,null,null,null,null,null,77,29,43.48387097,FALSE,null,null,FALSE,Colombo,26.5,8.9,87.41666667,17.4
5/23/2011,1485,3224.957363,6.716768436,114.9295455,109.89,3.877,2.432,177.962,155.437,16.93,76.42857143,29,42.93548387,FALSE,null,null,FALSE,Colombo,27.2,6.3,84.33333333,15.1
5/24/2011,1563,3224.957363,6.716768436,114.9295455,109.975,3.864,2.426,178.938,154.411,16.94,75.85714286,29,42.38709677,FALSE,null,null,FALSE,Colombo,26.7,5.5,89.25,15.5
5/25/2011,1563,3224.957363,6.716768436,114.9295455,109.95,3.9,2.425,180.107,155.12,16.92,75.28571429,29,41.83870968,FALSE,null,null,FALSE,Colombo,26.2,13.3,89.08333333,15.2
5/26/2011,1563,3224.957363,6.716768436,114.9295455,109.875,3.927,2.432,181.379,154.853,16.92,74.71428571,29,41.29032258,FALSE,null,null,FALSE,Colombo,26.3,13.3,89.70833333,15.5
5/27/2011,1563,3224.957363,6.716768436,114.9295455,109.87,3.913,2.435,180.841,155.32,16.92,74.14285714,29,40.74193548,FALSE,null,null,FALSE,Colombo,26.5,9.1,87.95833333,17
5/28/2011,1641,3224.957363,6.716768436,114.9295455,null,null,null,null,null,null,73.57142857,29,40.19354839,FALSE,null,null,FALSE,Colombo,26.3,21.1,88.58333333,19.5
5/29/2011,1719,3224.957363,6.716768436,114.9295455,null,null,null,null,null,null,73,29,39.64516129,FALSE,null,null,FALSE,Colombo,26.7,6.3,86.5,19.2
5/30/2011,1485,3224.957363,6.716768436,114.9295455,109.77,3.92,2.435,180.479,157.377,16.91,73.71428571,29,39.09677419,FALSE,null,null,FALSE,Colombo,26.5,10.7,87.95833333,18.1
5/31/2011,1563,3224.957363,6.716768436,114.9295455,109.7,3.92,2.446,179.105,156.79,16.94,74.42857143,29,38.5483871,FALSE,null,null,FALSE,Colombo,26.3,15.9,87.04166667,21.3
6/1/2011,1617,3224.957363,6.716768436,114.3704545,109.675,3.938,2.448,179.716,157.93,16.92,75.14285714,24,38,FALSE,null,null,FALSE,Colombo,26.2,20.7,88.375,21.7
6/2/2011,1617,3224.957363,6.716768436,114.3704545,109.75,3.948,2.448,180.273,156.989,16.95,75.85714286,24,38.16666667,FALSE,null,null,FALSE,Colombo,27.2,3.3,81.75,18.3
6/3/2011,1617,3224.957363,6.716768436,114.3704545,109.725,3.932,2.448,179.232,159.033,16.91,76.57142857,24,38.33333333,FALSE,null,null,FALSE,Colombo,26.9,5.8,84.41666667,18.1
6/4/2011,1698,3224.957363,6.716768436,114.3704545,null,null,null,null,null,null,77.28571429,24,38.5,FALSE,null,null,FALSE,Colombo,26.5,8.8,90.45833333,15.7
6/5/2011,1778,3224.957363,6.716768436,114.3704545,null,null,null,null,null,null,78,24,38.66666667,FALSE,null,null,FALSE,Colombo,26.9,4,88.75,16.8
6/6/2011,1536,3224.957363,6.716768436,114.3704545,109.575,3.958,2.452,180.183,160.605,16.9,78.42857143,24,38.83333333,FALSE,null,null,FALSE,Colombo,26.4,12.3,89.79166667,13.2
6/7/2011,1617,3224.957363,6.716768436,114.3704545,109.55,3.95,2.449,179.481,159.738,16.89,78.85714286,24,39,FALSE,null,null,FALSE,Colombo,26.8,5.5,89.83333333,13.2
6/8/2011,1617,3224.957363,6.716768436,114.3704545,109.46,3.947,2.447,179.126,160.907,16.89,79.28571429,24,39.16666667,FALSE,null,null,FALSE,Colombo,26.8,4.9,89.66666667,15.8
6/9/2011,1617,3224.957363,6.716768436,114.3704545,109.45,3.934,2.448,177.779,159.565,16.88,79.71428571,24,39.33333333,FALSE,null,null,FALSE,Colombo,26.3,8.8,90.16666667,12.8
6/10/2011,1617,3224.957363,6.716768436,114.3704545,109.5,3.92,2.441,179.394,158.779,16.89,80.14285714,24,39.5,FALSE,null,null,FALSE,Colombo,26.8,4.1,87.5,14.6
6/11/2011,1698,3224.957363,6.716768436,114.3704545,null,null,null,null,null,null,80.57142857,24,39.66666667,FALSE,null,null,FALSE,Colombo,27.1,2.1,83.625,16.7
6/12/2011,1778,3224.957363,6.716768436,114.3704545,null,null,null,null,null,null,81,24,39.83333333,FALSE,null,null,FALSE,Colombo,27.1,1.7,86.04166667,18.1
6/13/2011,1536,3224.957363,6.716768436,114.3704545,109.51,3.93,2.448,179.361,157.111,16.91,80.85714286,24,40,FALSE,null,null,FALSE,Colombo,26.4,7,87.04166667,16.1
6/14/2011,1617,3224.957363,6.716768436,114.3704545,109.55,3.9,2.447,177.219,157.864,16.9,80.71428571,24,40.16666667,FALSE,null,null,FALSE,Colombo,26,15.5,90,16.6
6/15/2011,1617,3224.957363,6.716768436,114.3704545,109.55,3.898,2.44,177.139,158.223,16.93,80.57142857,24,40.33333333,TRUE,Poson Full Moon Poya Day,null,FALSE,Colombo,26.4,10,89.29166667,15.9
6/16/2011,1610,3224.957363,6.716768436,114.3704545,109.575,3.905,2.445,177.433,155.166,16.92,80.42857143,24,40.5,FALSE,null,null,FALSE,Colombo,26.5,6.8,88.91666667,16.9
6/17/2011,1617,3224.957363,6.716768436,114.3704545,109.55,3.91,2.435,177.506,155.712,16.91,80.28571429,24,40.66666667,FALSE,null,null,FALSE,Colombo,26.5,7.9,89.16666667,15.6
6/18/2011,1698,3224.957363,6.716768436,114.3704545,null,null,null,null,null,null,80.14285714,24,40.83333333,FALSE,null,null,FALSE,Colombo,27.4,3,83.95833333,19.1
6/19/2011,1778,3224.957363,6.716768436,114.3704545,null,null,null,null,null,null,80,24,41,FALSE,null,null,FALSE,Colombo,27.5,1.1,80.83333333,19.4
6/20/2011,1536,3224.957363,6.716768436,114.3704545,109.575,3.919,2.443,177.972,156.777,16.95,79.28571429,24,41.16666667,FALSE,null,null,FALSE,Colombo,27,3.3,87.91666667,18.9
6/21/2011,1617,3224.957363,6.716768436,114.3704545,109.575,3.917,2.441,176.106,156.752,16.96,78.57142857,24,41.33333333,FALSE,null,null,FALSE,Colombo,27.4,2,81.91666667,18.1
6/22/2011,1617,3224.957363,6.716768436,114.3704545,109.6,3.882,2.438,175.508,157.87,16.93,77.85714286,24,41.5,FALSE,null,null,FALSE,Colombo,27.3,1.2,80.375,17.8
6/23/2011,1617,3224.957363,6.716768436,114.3704545,109.6,3.882,2.436,174.911,157.2,16.92,77.14285714,24,41.66666667,FALSE,null,null,FALSE,Colombo,27.1,2.8,84.16666667,18.8
6/24/2011,1617,3224.957363,6.716768436,114.3704545,109.59,3.897,2.435,175.314,156.306,16.91,76.42857143,24,41.83333333,FALSE,null,null,FALSE,Colombo,27.2,2.5,84.20833333,21.6
6/25/2011,1698,3224.957363,6.716768436,114.3704545,null,null,null,null,null,null,75.71428571,24,42,FALSE,null,null,FALSE,Colombo,26.9,7.7,87.45833333,21.6
6/26/2011,1778,3224.957363,6.716768436,114.3704545,null,null,null,null,null,null,75,24,42.16666667,FALSE,null,null,FALSE,Colombo,27.3,1.3,83.25,18.7
6/27/2011,1536,3224.957363,6.716768436,114.3704545,109.65,3.902,2.436,175.498,155.541,16.96,76,24,42.33333333,FALSE,null,null,FALSE,Colombo,26.9,9.2,88,19.2
6/28/2011,1617,3224.957363,6.716768436,114.3704545,109.7,3.917,2.443,176.084,156.63,16.96,77,24,42.5,FALSE,null,null,FALSE,Colombo,27.1,4.3,84.04166667,22
6/29/2011,1617,3224.957363,6.716768436,114.3704545,109.6,3.929,2.45,175.764,157.623,16.92,78,24,42.66666667,FALSE,null,null,FALSE,Colombo,27.3,1.2,84.25,18
6/30/2011,1617,3224.957363,6.716768436,114.3704545,109.5,3.932,2.454,176.038,158.224,16.93,79,24,42.83333333,FALSE,null,null,FALSE,Colombo,26.9,2.4,85.70833333,17.7
7/1/2011,2596,3224.957363,6.716768436,117.4833333,109.5,3.933,2.465,176.164,158.863,16.94,80,13,43,FALSE,null,null,FALSE,Colombo,26.5,2.4,87.41666667,17.3
7/2/2011,2726,3224.957363,6.716768436,117.4833333,null,null,null,null,null,null,81,13,43.32258065,FALSE,null,null,FALSE,Colombo,26.7,3.1,88.04166667,15.6
7/3/2011,2856,3224.957363,6.716768436,117.4833333,null,null,null,null,null,null,82,13,43.64516129,FALSE,null,null,FALSE,Colombo,26.9,2.9,85.08333333,17.3
7/4/2011,2466,3224.957363,6.716768436,117.4833333,109.5,3.925,2.465,175.892,159.048,16.92,82.42857143,13,43.96774194,FALSE,null,null,FALSE,Colombo,26.8,4.1,85.58333333,18.7
7/5/2011,2596,3224.957363,6.716768436,117.4833333,109.505,3.915,2.462,175.208,159.219,16.93,82.85714286,13,44.29032258,FALSE,null,null,FALSE,Colombo,26.1,12.5,88.41666667,17.7
7/6/2011,2596,3224.957363,6.716768436,117.4833333,109.505,3.93,2.473,174.899,157.945,16.94,83.28571429,13,44.61290323,FALSE,null,null,FALSE,Colombo,26.5,7.2,87.08333333,19.9
7/7/2011,2596,3224.957363,6.716768436,117.4833333,109.5,3.912,2.467,175.844,156.779,16.94,83.71428571,13,44.93548387,FALSE,null,null,FALSE,Colombo,26.8,3.3,85.625,16.3
7/8/2011,2596,3224.957363,6.716768436,117.4833333,109.495,3.881,2.462,174.187,157.258,16.93,84.14285714,13,45.25806452,FALSE,null,null,FALSE,Colombo,26.4,9.4,88.75,15.9
7/9/2011,2726,3224.957363,6.716768436,117.4833333,null,null,null,null,null,null,84.57142857,13,45.58064516,FALSE,null,null,FALSE,Colombo,26.5,6.9,89.29166667,14.5
7/10/2011,2856,3224.957363,6.716768436,117.4833333,null,null,null,null,null,null,85,13,45.90322581,FALSE,null,Kandy Cultural Dance Festival,TRUE,Colombo,26.6,6.6,87.58333333,18
7/11/2011,2466,3224.957363,6.716768436,117.4833333,109.5,3.87,2.451,174.408,156.25,16.95,84.71428571,13,46.22580645,FALSE,null,Kandy Cultural Dance Festival,TRUE,Colombo,26.4,12,88.08333333,18
7/12/2011,2596,3224.957363,6.716768436,117.4833333,109.58,3.915,2.462,176.752,153.672,16.86,84.42857143,13,46.5483871,FALSE,null,Kandy Cultural Dance Festival,TRUE,Colombo,26.1,23.9,87.45833333,20.6
7/13/2011,2596,3224.957363,6.716768436,117.4833333,109.6,3.902,2.463,176.955,153.182,17.05,84.14285714,13,46.87096774,FALSE,null,Kandy Cultural Dance Festival,TRUE,Colombo,26.1,9.1,87.45833333,21
7/14/2011,2596,3224.957363,6.716768436,117.4833333,109.6,3.898,2.46,176.679,155.44,17.03,83.85714286,13,47.19354839,TRUE,Esala Full Moon Poya Day,Kandy Cultural Dance Festival,TRUE,Colombo,25.8,11.4,88.95833333,19.5
7/15/2011,2596,3224.957363,6.716768436,117.4833333,109.49,3.892,2.457,175.77,155.03,16.92,83.57142857,13,47.51612903,FALSE,null,Kandy Cultural Dance Festival,TRUE,Colombo,26,3.6,89.16666667,16.8
7/16/2011,2731,3224.957363,6.716768436,117.4833333,null,null,null,null,null,null,83.28571429,13,47.83870968,FALSE,null,null,FALSE,Colombo,25.8,14.9,88.70833333,18.9
7/17/2011,2856,3224.957363,6.716768436,117.4833333,null,null,null,null,null,null,83,13,48.16129032,FALSE,null,null,FALSE,Colombo,25.8,11.6,89.29166667,15.1
7/18/2011,2466,3224.957363,6.716768436,117.4833333,109.5,3.905,2.46,176.622,154.961,16.94,82.42857143,13,48.48387097,FALSE,null,null,FALSE,Colombo,26.1,11.7,88.08333333,18.4
7/19/2011,2596,3224.957363,6.716768436,117.4833333,109.475,3.912,2.463,176.892,154.483,16.96,81.85714286,13,48.80645161,FALSE,null,null,FALSE,Colombo,26.4,1.2,85.54166667,15.8
7/20/2011,2596,3224.957363,6.716768436,117.4833333,109.5,3.956,2.466,178.617,154.973,16.98,81.28571429,13,49.12903226,FALSE,null,null,FALSE,Colombo,26.5,12.9,86.66666667,17.2
7/21/2011,2596,3224.957363,6.716768436,117.4833333,109.5,3.944,2.468,178.442,155.681,16.99,80.71428571,13,49.4516129,FALSE,null,null,FALSE,Colombo,26.4,9.3,85.41666667,18.2
7/22/2011,2596,3224.957363,6.716768436,117.4833333,109.45,3.955,2.466,178.154,157.921,16.99,80.14285714,13,49.77419355,FALSE,null,null,FALSE,Colombo,26.2,5.5,88.125,15.6
7/23/2011,2726,3224.957363,6.716768436,117.4833333,null,null,null,null,null,null,79.57142857,13,50.09677419,FALSE,null,null,FALSE,Colombo,26.4,2.7,88.54166667,18.1
7/24/2011,2856,3224.957363,6.716768436,117.4833333,null,null,null,null,null,null,79,13,50.41935484,FALSE,null,null,FALSE,Colombo,26,12.2,89.58333333,17.7
7/25/2011,2466,3224.957363,6.716768436,117.4833333,109.475,3.974,2.477,179.662,157.126,17.01,79,13,50.74193548,FALSE,null,null,FALSE,Colombo,25.7,20.3,88,19.8
7/26/2011,2596,3224.957363,6.716768436,117.4833333,109.45,3.979,2.484,178.822,157.381,16.99,79,13,51.06451613,FALSE,null,null,FALSE,Colombo,25.5,18.1,89.83333333,18.2
7/27/2011,2596,3224.957363,6.716768436,117.4833333,109.485,3.966,2.483,179.213,158.839,16.98,79,13,51.38709677,FALSE,null,null,FALSE,Colombo,25.9,7.2,88.54166667,19.1
7/28/2011,2596,3224.957363,6.716768436,117.4833333,109.45,3.964,2.476,179.723,157.275,17.01,79,13,51.70967742,FALSE,null,null,FALSE,Colombo,26.1,5,86.33333333,17.9
7/29/2011,2596,3224.957363,6.716768436,117.4833333,109.45,3.939,2.48,178.137,156.853,16.98,79,13,52.03225806,FALSE,null,null,FALSE,Colombo,26.5,3.7,85.125,17
7/30/2011,2726,3224.957363,6.716768436,117.4833333,null,null,null,null,null,null,79,13,52.35483871,FALSE,null,null,FALSE,Colombo,26.1,2,88.58333333,15.2
7/31/2011,2856,3224.957363,6.716768436,117.4833333,null,null,null,null,null,null,79,13,52.67741935,FALSE,null,null,FALSE,Colombo,26.7,1,85.33333333,16.6
8/1/2011,2358,3224.957363,6.716768436,110.3547826,109.31,3.923,2.469,178.088,157.564,16.97,80.71428571,23,53,FALSE,null,null,FALSE,Colombo,26.8,1.1,87,16.3
8/2/2011,2482,3224.957363,6.716768436,110.3547826,109.31,3.942,2.467,179.629,155.854,17.06,82.42857143,23,53,FALSE,null,null,FALSE,Colombo,26.9,3.2,85.16666667,19.3
8/3/2011,2482,3224.957363,6.716768436,110.3547826,109.31,3.884,2.462,178.387,155.144,17.02,84.14285714,23,53,FALSE,null,null,FALSE,Colombo,26.1,7,87.04166667,15.6
8/4/2011,2482,3224.957363,6.716768436,110.3547826,109.665,3.879,2.453,179.829,156.587,17.04,85.85714286,23,53,FALSE,null,null,FALSE,Colombo,26.2,2.5,88.45833333,13
8/5/2011,2482,3224.957363,6.716768436,110.3547826,109.705,3.791,2.441,179.109,154.661,17.08,87.57142857,23,53,FALSE,null,null,FALSE,Colombo,25.8,17,88.58333333,13.8
8/6/2011,2606,3224.957363,6.716768436,110.3547826,null,null,null,null,null,null,89.28571429,23,53,FALSE,null,null,FALSE,Colombo,25.4,12.4,88.79166667,19
8/7/2011,2730,3224.957363,6.716768436,110.3547826,null,null,null,null,null,null,91,23,53,FALSE,null,null,FALSE,Colombo,26.8,2.2,84.33333333,18
8/8/2011,2358,3224.957363,6.716768436,110.3547826,109.765,3.674,2.428,179.114,156.68,17.08,88.57142857,23,53,FALSE,null,null,FALSE,Colombo,26.2,11.3,88.08333333,17.5
8/9/2011,2482,3224.957363,6.716768436,110.3547826,109.785,3.666,2.424,176.925,155.613,17.1,86.14285714,23,53,FALSE,null,null,FALSE,Colombo,26,11.3,87.75,19.2
8/10/2011,2482,3224.957363,6.716768436,110.3547826,109.7,3.72,2.414,178.099,157.767,17.18,83.71428571,23,53,FALSE,null,null,FALSE,Colombo,26.1,10.4,87.45833333,16.4
8/11/2011,2482,3224.957363,6.716768436,110.3547826,109.65,3.776,2.415,178.489,155.489,17.17,81.28571429,23,53,FALSE,null,null,FALSE,Colombo,26.7,6.3,85.41666667,17.7
8/12/2011,2482,3224.957363,6.716768436,110.3547826,109.65,3.798,2.411,179.181,156.185,17,78.85714286,23,53,FALSE,null,null,FALSE,Colombo,26.8,4.7,84.91666667,18.4
8/13/2011,2606,3224.957363,6.716768436,110.3547826,null,null,null,null,null,null,76.42857143,23,53,TRUE,Nikini Full Moon Poya Day,null,FALSE,Colombo,26.4,9.4,86.75,17.1
8/14/2011,2730,3224.957363,6.716768436,110.3547826,null,null,null,null,null,null,74,23,53,FALSE,null,null,FALSE,Colombo,26.7,3.1,84.66666667,17
8/15/2011,2358,3224.957363,6.716768436,110.3547826,109.31,3.818,2.42,180.687,156.245,17.18,75.71428571,23,53,FALSE,null,null,FALSE,Colombo,26,12.8,91,10.5
8/16/2011,2487,3224.957363,6.716768436,110.3547826,109.85,3.816,2.419,181.769,157.914,17.24,77.42857143,23,53,FALSE,null,null,FALSE,Colombo,25.7,13,88,15.7
8/17/2011,2482,3224.957363,6.716768436,110.3547826,109.85,3.776,2.404,181.605,158.261,17.2,79.14285714,23,53,FALSE,null,null,FALSE,Colombo,25.6,18.5,89.25,19
8/18/2011,2482,3224.957363,6.716768436,110.3547826,109.95,3.774,2.408,181.005,158.591,17.19,80.85714286,23,53,FALSE,null,null,FALSE,Colombo,26.5,3.2,84,17.1
8/19/2011,2482,3224.957363,6.716768436,110.3547826,109.95,3.773,2.413,180.983,157.553,17.17,82.57142857,23,53,FALSE,null,null,FALSE,Colombo,26.2,5,86.41666667,19.8
8/20/2011,2606,3224.957363,6.716768436,110.3547826,null,null,null,null,null,null,84.28571429,23,53,FALSE,null,null,FALSE,Colombo,26.7,6.4,86.58333333,16.2
8/21/2011,2730,3224.957363,6.716768436,110.3547826,null,null,null,null,null,null,86,23,53,FALSE,null,null,FALSE,Colombo,26.5,11,87.875,16.9
8/22/2011,2358,3224.957363,6.716768436,110.3547826,109.95,3.799,2.41,181.421,158.3,17.2,86.85714286,23,53,FALSE,null,null,FALSE,Colombo,25.5,15,88.95833333,18.4
8/23/2011,2482,3224.957363,6.716768436,110.3547826,109.975,3.799,2.39,179.978,157.866,17.2,87.71428571,23,53,FALSE,null,null,FALSE,Colombo,25.5,15.8,88.20833333,16.3
8/24/2011,2482,3224.957363,6.716768436,110.3547826,109.91,3.804,2.389,179.152,158.793,17.22,88.57142857,23,53,FALSE,null,null,FALSE,Colombo,25.2,14.8,89.91666667,19.1
8/25/2011,2482,3224.957363,6.716768436,110.3547826,110,3.815,2.383,180.081,158.425,17.23,89.42857143,23,53,FALSE,null,null,FALSE,Colombo,26,15.7,86.83333333,18.4
8/26/2011,2482,3224.957363,6.716768436,110.3547826,109.99,3.818,2.386,180.346,158.169,17.26,90.28571429,23,53,FALSE,null,null,FALSE,Colombo,26.5,1.8,84.58333333,16.9
8/27/2011,2606,3224.957363,6.716768436,110.3547826,null,null,null,null,null,null,91.14285714,23,53,FALSE,null,null,FALSE,Colombo,26.8,1.3,82.41666667,19.2
8/28/2011,2730,3224.957363,6.716768436,110.3547826,null,null,null,null,null,null,92,23,53,FALSE,null,null,FALSE,Colombo,26.3,4,86.04166667,17.7
8/29/2011,2358,3224.957363,6.716768436,110.3547826,109.9,3.8,2.379,178.774,159.475,17.19,90,23,53,FALSE,null,null,FALSE,Colombo,27,2.5,80.54166667,17.5
8/30/2011,2482,3224.957363,6.716768436,110.3547826,109.66,3.8,2.394,178.242,159.476,17.19,88,23,53,FALSE,null,null,FALSE,Colombo,26.1,8.5,87.5,15.1
8/31/2011,2482,3224.957363,6.716768436,110.3547826,109.66,3.795,2.408,177.997,158.355,17.24,86,23,53,TRUE,Eid al-Fitr,null,FALSE,Colombo,25.8,15.2,89.58333333,15.2
9/1/2011,2021,3224.957363,6.716768436,111.9627273,109.99,3.769,2.403,178.398,157.675,17.22,84,19,53,FALSE,null,null,FALSE,Colombo,26.1,11.1,87.45833333,15.7
9/2/2011,2021,3224.957363,6.716768436,111.9627273,110,3.733,2.394,177.391,156.862,17.23,82,19,53.1,FALSE,null,null,FALSE,Colombo,25.7,18.6,88.79166667,17.8
9/3/2011,2122,3224.957363,6.716768436,111.9627273,null,null,null,null,null,null,80,19,53.2,FALSE,null,null,FALSE,Colombo,26.3,1.9,86.91666667,12.4
9/4/2011,2223,3224.957363,6.716768436,111.9627273,null,null,null,null,null,null,78,19,53.3,FALSE,null,null,FALSE,Colombo,26.8,2.4,85.25,13.1
9/5/2011,1920,3224.957363,6.716768436,111.9627273,110.085,3.715,2.385,175.314,156.261,17.21,77.57142857,19,53.4,FALSE,null,null,FALSE,Colombo,26.5,7,86.125,15.2
9/6/2011,2021,3224.957363,6.716768436,111.9627273,109.97,3.734,2.382,175.842,155.132,17.2,77.14285714,19,53.5,FALSE,null,null,FALSE,Colombo,26.2,15.4,89.04166667,15.1
9/7/2011,2021,3224.957363,6.716768436,111.9627273,109.97,3.699,2.381,175.507,153.952,17.22,76.71428571,19,53.6,FALSE,null,null,FALSE,Colombo,26.4,10.9,87.875,14.9
9/8/2011,2021,3224.957363,6.716768436,111.9627273,109.97,3.667,2.366,174.66,155.036,17.24,76.28571429,19,53.7,FALSE,null,null,FALSE,Colombo,26.7,6.2,87.29166667,16.2
9/9/2011,2021,3224.957363,6.716768436,111.9627273,109.97,3.634,2.331,174.579,152.693,17.19,75.85714286,19,53.8,FALSE,null,null,FALSE,Colombo,26,25.9,88.25,17.6
9/10/2011,2122,3224.957363,6.716768436,111.9627273,null,null,null,null,null,null,75.42857143,19,53.9,FALSE,null,null,FALSE,Colombo,25.2,28.1,90.20833333,20.6
9/11/2011,2223,3224.957363,6.716768436,111.9627273,null,null,null,null,null,null,75,19,54,TRUE,Binara Full Moon Poya Day,null,FALSE,Colombo,25.7,27.5,89.54166667,19.8
9/12/2011,1920,3224.957363,6.716768436,111.9627273,110.075,3.641,2.314,173.811,150.142,17.22,74.42857143,19,54.1,FALSE,null,null,FALSE,Colombo,25.3,39.3,89.33333333,22.6
9/13/2011,2021,3224.957363,6.716768436,111.9627273,110.115,3.61,2.308,173.384,150.494,17.19,73.85714286,19,54.2,FALSE,null,null,FALSE,Colombo,25.4,24.8,90.08333333,21.3
9/14/2011,2021,3224.957363,6.716768436,111.9627273,109.97,3.619,2.314,173.952,150.675,17.24,73.28571429,19,54.3,FALSE,null,null,FALSE,Colombo,25.7,19.9,89.45833333,21.4
9/15/2011,2021,3224.957363,6.716768436,111.9627273,110.075,3.602,2.324,173.626,151.165,17.22,72.71428571,19,54.4,FALSE,null,null,FALSE,Colombo,25.5,11.7,90.66666667,18.2
9/16/2011,2017,3224.957363,6.716768436,111.9627273,109.97,3.515,2.3,172.598,152.856,17.21,72.14285714,19,54.5,FALSE,null,null,FALSE,Colombo,26.1,3,89.45833333,12.4
9/17/2011,2122,3224.957363,6.716768436,111.9627273,null,null,null,null,null,null,71.57142857,19,54.6,FALSE,null,null,FALSE,Colombo,26.7,1.5,85.58333333,14.8
9/18/2011,2223,3224.957363,6.716768436,111.9627273,null,null,null,null,null,null,71,19,54.7,FALSE,null,null,FALSE,Colombo,26.5,0.9,83.20833333,15
9/19/2011,1920,3224.957363,6.716768436,111.9627273,109.97,3.503,2.289,173.2,151.753,17.25,71.28571429,19,54.8,FALSE,null,null,FALSE,Colombo,26.7,1.7,84.875,15
9/20/2011,2021,3224.957363,6.716768436,111.9627273,110.01,3.484,2.28,170.798,150.488,17.28,71.57142857,19,54.9,FALSE,null,null,FALSE,Colombo,26.7,1,80.70833333,16
9/21/2011,2021,3224.957363,6.716768436,111.9627273,110.185,3.437,2.225,169.173,150.791,17.27,71.85714286,19,55,FALSE,null,null,FALSE,Colombo,26.6,8.7,85.16666667,16.1
9/22/2011,2021,3224.957363,6.716768436,111.9627273,110.3,3.436,2.235,170.601,149.577,17.27,72.14285714,19,55.1,FALSE,null,null,FALSE,Colombo,26.4,6.3,85.70833333,18.1
9/23/2011,2021,3224.957363,6.716768436,111.9627273,110.3,3.397,2.224,171.125,148.492,17.18,72.42857143,19,55.2,FALSE,null,null,FALSE,Colombo,27.1,1.4,80.125,16.6
9/24/2011,2122,3224.957363,6.716768436,111.9627273,null,null,null,null,null,null,72.71428571,19,55.3,FALSE,null,null,FALSE,Colombo,26.9,1,78.875,17.4
9/25/2011,2223,3224.957363,6.716768436,111.9627273,null,null,null,null,null,null,73,19,55.4,FALSE,null,null,FALSE,Colombo,26.8,0.9,79.79166667,14.7
9/26/2011,1920,3224.957363,6.716768436,111.9627273,109.97,3.481,2.255,172.497,148.889,17.27,72.85714286,19,55.5,FALSE,null,null,FALSE,Colombo,26.9,1.4,81.5,15
9/27/2011,2021,3224.957363,6.716768436,111.9627273,110.32,3.47,2.245,171.609,148.834,17.24,72.71428571,19,55.6,FALSE,null,null,FALSE,Colombo,27.1,1.4,81.25,14.7
9/28/2011,2021,3224.957363,6.716768436,111.9627273,110.2,3.449,2.245,171.801,149.909,17.19,72.57142857,19,55.7,FALSE,null,null,FALSE,Colombo,27,0.9,81.125,15.6
9/29/2011,2021,3224.957363,6.716768436,111.9627273,109.97,3.416,2.243,171.383,149.156,17.27,72.42857143,19,55.8,FALSE,null,null,FALSE,Colombo,26.9,0,80.20833333,17
9/30/2011,2021,3224.957363,6.716768436,111.9627273,109.97,3.367,2.243,170.05,149.499,17.24,72.28571429,19,55.9,FALSE,null,null,FALSE,Colombo,26.9,2.4,86.375,17.5
10/1/2011,2048,3224.957363,6.716768436,110.4295238,null,null,null,null,null,null,72.14285714,15,56,FALSE,null,null,FALSE,Colombo,26.8,0.4,85.04166667,16.3
10/2/2011,2145,3224.957363,6.716768436,110.4295238,null,null,null,null,null,null,72,15,55.93548387,FALSE,null,null,FALSE,Colombo,26.8,2.3,81.625,15.2
10/3/2011,1853,3224.957363,6.716768436,110.4295238,110.25,3.352,2.231,170.672,147.206,17.21,72.14285714,15,55.87096774,FALSE,null,null,FALSE,Colombo,26.8,3.9,83.16666667,18.8
10/4/2011,1950,3224.957363,6.716768436,110.4295238,110.2,3.4,2.233,170.474,145.199,17.29,72.28571429,15,55.80645161,FALSE,null,null,FALSE,Colombo,26.6,5.7,89.08333333,15.7
10/5/2011,1950,3224.957363,6.716768436,110.4295238,110.2,3.404,2.242,170.072,147.15,17.29,72.42857143,15,55.74193548,FALSE,null,null,FALSE,Colombo,26.7,0.7,83.91666667,15.5
10/6/2011,1950,3224.957363,6.716768436,110.4295238,110.175,3.432,2.247,171.477,147.084,17.34,72.57142857,15,55.67741935,FALSE,null,null,FALSE,Colombo,26.8,0,78.79166667,16.3
10/7/2011,1950,3224.957363,6.716768436,110.4295238,110.2,3.49,2.249,172.517,147.971,17.37,72.71428571,15,55.61290323,FALSE,null,null,FALSE,Colombo,26.3,1.1,84.29166667,15.1
10/8/2011,2048,3224.957363,6.716768436,110.4295238,null,null,null,null,null,null,72.85714286,15,55.5483871,FALSE,null,null,FALSE,Colombo,26.9,0.6,80.41666667,15.5
10/9/2011,2145,3224.957363,6.716768436,110.4295238,null,null,null,null,null,null,73,15,55.48387097,FALSE,null,null,FALSE,Colombo,26.8,2.6,80.625,18.5
10/10/2011,1853,3224.957363,6.716768436,110.4295238,110.15,3.499,2.229,171.433,147.421,17.28,73.28571429,15,55.41935484,FALSE,null,null,FALSE,Colombo,27,1.3,81.08333333,17
10/11/2011,1950,3224.957363,6.716768436,110.4295238,109.97,3.545,2.251,173.543,150.278,17.35,73.57142857,15,55.35483871,TRUE,Vap Full Moon Poya Day,null,FALSE,Colombo,26.4,4.6,87.08333333,14.5
10/12/2011,1950,3224.957363,6.716768436,110.4295238,110.2,3.524,2.239,173.324,150.06,17.26,73.85714286,15,55.29032258,FALSE,null,null,FALSE,Colombo,26,9.3,87.45833333,15
10/13/2011,1950,3224.957363,6.716768436,110.4295238,109.97,3.566,2.248,174.342,151.938,17.28,74.14285714,15,55.22580645,FALSE,null,null,FALSE,Colombo,26.4,2.4,88.45833333,11.9
10/14/2011,1950,3224.957363,6.716768436,110.4295238,110.2,3.568,2.251,173.483,151.483,17.29,74.42857143,15,55.16129032,FALSE,null,null,FALSE,Colombo,26.5,1.9,88.45833333,12.9
10/15/2011,2048,3224.957363,6.716768436,110.4295238,null,null,null,null,null,null,74.71428571,15,55.09677419,FALSE,null,null,FALSE,Colombo,26.5,2.1,87.79166667,12.9
10/16/2011,2148,3224.957363,6.716768436,110.4295238,null,null,null,null,null,null,75,15,55.03225806,FALSE,null,null,FALSE,Colombo,26.6,0.4,85.91666667,13.8
10/17/2011,1853,3224.957363,6.716768436,110.4295238,110.2,3.547,2.235,173.068,152.924,17.26,75.57142857,15,54.96774194,FALSE,null,null,FALSE,Colombo,26.4,3.1,86.41666667,14.7
10/18/2011,1950,3224.957363,6.716768436,110.4295238,110.185,3.534,2.237,173.433,151.437,17.23,76.14285714,15,54.90322581,FALSE,null,null,FALSE,Colombo,26.7,1.1,82.83333333,13.1
10/19/2011,1950,3224.957363,6.716768436,110.4295238,109.97,3.524,2.212,174.015,151.372,17.27,76.71428571,15,54.83870968,FALSE,null,null,FALSE,Colombo,26.7,2.7,84.125,12.1
10/20/2011,1950,3224.957363,6.716768436,110.4295238,110.185,3.538,2.206,175.441,151.269,17.22,77.28571429,15,54.77419355,FALSE,null,null,FALSE,Colombo,26.2,8.2,86.45833333,16.7
10/21/2011,1950,3224.957363,6.716768436,110.4295238,109.97,3.6,2.208,175.891,151.796,17.24,77.85714286,15,54.70967742,FALSE,null,null,FALSE,Colombo,25.9,28.6,87.41666667,10
10/22/2011,2048,3224.957363,6.716768436,110.4295238,null,null,null,null,null,null,78.42857143,15,54.64516129,FALSE,null,null,FALSE,Colombo,25.2,43.1,91.375,17.1
10/23/2011,2145,3224.957363,6.716768436,110.4295238,null,null,null,null,null,null,79,15,54.58064516,FALSE,null,null,FALSE,Colombo,25.5,27.8,89.25,11.4
10/24/2011,1853,3224.957363,6.716768436,110.4295238,109.99,3.608,2.222,175.962,152.814,17.29,78.28571429,15,54.51612903,FALSE,null,null,FALSE,Colombo,25.6,15.5,89.375,9.4
10/25/2011,1950,3224.957363,6.716768436,110.4295238,109.99,3.587,2.222,175.66,153.166,17.32,77.57142857,15,54.4516129,FALSE,null,null,FALSE,Colombo,25.4,18.5,90.29166667,11.2
10/26/2011,1950,3224.957363,6.716768436,110.4295238,109.99,3.682,2.245,177.084,152.925,17.29,76.85714286,15,54.38709677,TRUE,Deepavali Festival Day,null,FALSE,Colombo,25.6,19.2,88.79166667,7.6
10/27/2011,1950,3224.957363,6.716768436,110.4295238,109.99,3.699,2.262,177.267,152.925,17.28,76.14285714,15,54.32258065,FALSE,null,null,FALSE,Colombo,25.8,17.9,89.45833333,14.5
10/28/2011,1950,3224.957363,6.716768436,110.4295238,109.96,3.627,2.26,177.087,156.038,17.3,75.42857143,15,54.25806452,FALSE,null,null,FALSE,Colombo,26,13.1,87.83333333,10.7
10/29/2011,2048,3224.957363,6.716768436,110.4295238,null,null,null,null,null,null,74.71428571,15,54.19354839,FALSE,null,null,FALSE,Colombo,25.3,16,91.5,5.9
10/30/2011,2145,3224.957363,6.716768436,110.4295238,null,null,null,null,null,null,74,15,54.12903226,FALSE,null,null,FALSE,Colombo,25.2,18.8,91.08333333,9.8
10/31/2011,1853,3224.957363,6.716768436,110.4295238,110.07,3.575,2.234,175.54,155.577,17.35,74,15,54.06451613,FALSE,null,null,FALSE,Colombo,25.4,10.7,89.66666667,11.9
11/1/2011,2694,3224.957363,6.716768436,111.1586364,110.07,3.582,2.241,175.741,152.541,17.33,74,27,54,FALSE,null,International Buddhist Conference,TRUE,Colombo,25.2,21.3,91.08333333,11.3
11/2/2011,2694,3224.957363,6.716768436,111.1586364,110.2,3.622,2.239,176.671,150.752,17.36,74,27,53.73333333,FALSE,null,International Buddhist Conference,TRUE,Colombo,25.6,30.4,88.875,11.4
11/3/2011,2694,3224.957363,6.716768436,111.1586364,110.01,3.586,2.248,176.603,151.487,17.39,74,27,53.46666667,FALSE,null,International Buddhist Conference,TRUE,Colombo,24.9,8.4,91.29166667,9.9
11/4/2011,2694,3224.957363,6.716768436,111.1586364,110.16,3.603,2.245,176.439,151.984,17.31,74,27,53.2,FALSE,null,International Buddhist Conference,TRUE,Colombo,26,4.9,90.33333333,10.1
11/5/2011,2829,3224.957363,6.716768436,111.1586364,null,null,null,null,null,null,74,27,52.93333333,FALSE,null,International Buddhist Conference,TRUE,Colombo,26.2,2.4,89,7.6
11/6/2011,2964,3224.957363,6.716768436,111.1586364,null,null,null,null,null,null,74,27,52.66666667,FALSE,null,null,FALSE,Colombo,25.8,8.1,87.45833333,10.5
11/7/2011,2560,3224.957363,6.716768436,111.1586364,109.91,3.637,2.232,177.092,151.976,17.37,74.14285714,27,52.4,TRUE,Eid al-Adha,null,FALSE,Colombo,25.7,6.9,89.25,12.1
11/8/2011,2694,3224.957363,6.716768436,111.1586364,110.07,3.584,2.199,175.232,151.357,17.35,74.28571429,27,52.13333333,FALSE,null,null,FALSE,Colombo,26.2,0.9,84.58333333,16
11/9/2011,2694,3224.957363,6.716768436,111.1586364,110.06,3.599,2.202,175.398,152.31,17.32,74.42857143,27,51.86666667,FALSE,null,null,FALSE,Colombo,26.3,0.2,79.83333333,13.6
11/10/2011,2694,3224.957363,6.716768436,111.1586364,110.06,3.647,2.204,177.141,149.137,17.38,74.57142857,27,51.6,TRUE,Il Full Moon Poya Day,null,FALSE,Colombo,25.5,0,74.66666667,10.6
11/11/2011,2694,3224.957363,6.716768436,111.1586364,110.2,3.606,2.183,174.955,149.769,17.31,74.71428571,27,51.33333333,FALSE,null,null,FALSE,Colombo,26,0,74.79166667,8.6
11/12/2011,2829,3224.957363,6.716768436,111.1586364,null,null,null,null,null,null,74.85714286,27,51.06666667,FALSE,null,null,FALSE,Colombo,26.4,0,80.16666667,11
11/13/2011,2964,3224.957363,6.716768436,111.1586364,null,null,null,null,null,null,75,27,50.8,FALSE,null,null,FALSE,Colombo,26.4,1,82.5,9.5
11/14/2011,2560,3224.957363,6.716768436,111.1586364,110.01,3.589,2.177,174.298,151.558,17.37,75.85714286,27,50.53333333,FALSE,null,null,FALSE,Colombo,26.6,1.4,81.125,8.9
11/15/2011,2694,3224.957363,6.716768436,111.1586364,110.2,3.573,2.168,173.066,149.938,17.34,76.71428571,27,50.26666667,FALSE,null,Whale Watching Season Start (Mirissa),TRUE,Colombo,26.5,0,79.95833333,6.1
11/16/2011,2701,3224.957363,6.716768436,111.1586364,110.04,3.549,2.16,173.388,149.161,17.33,77.57142857,27,50,FALSE,null,null,FALSE,Colombo,26.1,2.6,84.83333333,11.5
11/17/2011,2694,3224.957363,6.716768436,111.1586364,110.07,3.573,2.151,174.094,148.108,17.36,78.42857143,27,49.73333333,FALSE,null,null,FALSE,Colombo,26.1,7.7,85.20833333,9.5
11/18/2011,2694,3224.957363,6.716768436,111.1586364,110.21,3.542,2.12,172.66,148.149,17.37,79.28571429,27,49.46666667,FALSE,null,null,FALSE,Colombo,25.9,16.2,88.79166667,12.1
11/19/2011,2829,3224.957363,6.716768436,111.1586364,null,null,null,null,null,null,80.14285714,27,49.2,FALSE,null,null,FALSE,Colombo,26.4,3.6,86.33333333,7.7
11/20/2011,2964,3224.957363,6.716768436,111.1586364,null,null,null,null,null,null,81,27,48.93333333,FALSE,null,null,FALSE,Colombo,25.8,21.6,89.375,7.6
11/21/2011,2560,3224.957363,6.716768436,111.1586364,110.375,3.666,2.163,177.513,148.926,17.91,79.85714286,27,48.66666667,FALSE,null,null,FALSE,Colombo,25.7,25.6,88.375,8.3
11/22/2011,2694,3224.957363,6.716768436,111.1586364,113.51,3.617,2.178,176.528,148.989,17.9,78.71428571,27,48.4,FALSE,null,null,FALSE,Colombo,26.7,5.2,79.91666667,12.4
11/23/2011,2694,3224.957363,6.716768436,111.1586364,113.76,3.617,2.188,176.46,153.403,17.9,77.57142857,27,48.13333333,FALSE,null,null,FALSE,Colombo,26.5,7.5,80.75,14.9
11/24/2011,2694,3224.957363,6.716768436,111.1586364,113.9,3.613,2.183,175.851,151.721,17.84,76.42857143,27,47.86666667,FALSE,null,null,FALSE,Colombo,25.9,18.6,87.41666667,10.9
11/25/2011,2694,3224.957363,6.716768436,111.1586364,113.83,3.626,2.191,176.42,152.051,17.81,75.28571429,27,47.6,FALSE,null,null,FALSE,Colombo,25.5,8.8,88.375,30.2
11/26/2011,2829,3224.957363,6.716768436,111.1586364,null,null,null,null,null,null,74.14285714,27,47.33333333,FALSE,null,null,FALSE,Colombo,25,30.8,90.16666667,21.1
11/27/2011,2964,3224.957363,6.716768436,111.1586364,null,null,null,null,null,null,73,27,47.06666667,FALSE,null,null,FALSE,Colombo,25.1,26.6,91.08333333,14.8
11/28/2011,2560,3224.957363,6.716768436,111.1586364,113.83,3.635,2.192,177.557,150.665,17.87,72.28571429,27,46.8,FALSE,null,null,FALSE,Colombo,25.8,3.4,86.91666667,9
11/29/2011,2694,3224.957363,6.716768436,111.1586364,113.76,3.705,2.184,178.639,151.531,17.84,71.57142857,27,46.53333333,FALSE,null,null,FALSE,Colombo,26.3,9.5,85.20833333,11.1
11/30/2011,2694,3224.957363,6.716768436,111.1586364,113.83,3.698,2.217,178.681,151.597,17.86,70.85714286,27,46.26666667,FALSE,null,null,FALSE,Colombo,25.7,19.5,88.875,7.6
12/1/2011,3516,3224.957363,6.716768436,108.3477273,113.875,3.687,2.229,177.728,152.982,17.94,70.14285714,25,46,FALSE,null,null,FALSE,Colombo,26,3,85.83333333,6.4
12/2/2011,3516,3224.957363,6.716768436,108.3477273,113.895,3.677,2.219,178.04,153.293,17.95,69.42857143,25,46.09677419,FALSE,null,null,FALSE,Colombo,25.9,3.2,87.66666667,9.1
12/3/2011,3692,3224.957363,6.716768436,108.3477273,null,null,null,null,null,null,68.71428571,25,46.19354839,FALSE,null,null,FALSE,Colombo,26.5,0.1,82.875,8
12/4/2011,3868,3224.957363,6.716768436,108.3477273,null,null,null,null,null,null,68,25,46.29032258,FALSE,null,null,FALSE,Colombo,26.1,0.6,83.375,8.3
12/5/2011,3340,3224.957363,6.716768436,108.3477273,113.76,3.628,2.22,177.385,152.648,17.95,69.71428571,25,46.38709677,FALSE,null,null,FALSE,Colombo,26.5,0,81.33333333,8.7
12/6/2011,3516,3224.957363,6.716768436,108.3477273,113.73,3.644,2.204,178.756,152.461,17.86,71.42857143,25,46.48387097,FALSE,null,null,FALSE,Colombo,26.3,0,80,11.9
12/7/2011,3516,3224.957363,6.716768436,108.3477273,113.77,3.62,2.203,178.089,152.421,17.92,73.14285714,25,46.58064516,FALSE,null,null,FALSE,Colombo,26.5,0,75.04166667,18.1
12/8/2011,3516,3224.957363,6.716768436,108.3477273,113.9,3.614,2.192,178.107,152.565,17.95,74.85714286,25,46.67741935,FALSE,null,null,FALSE,Colombo,26,0,77.45833333,10
12/9/2011,3516,3224.957363,6.716768436,108.3477273,113.73,3.616,2.164,177.43,151.983,18.01,76.57142857,25,46.77419355,FALSE,null,null,FALSE,Colombo,26.1,4.4,84.29166667,9.9
12/10/2011,3692,3224.957363,6.716768436,108.3477273,null,null,null,null,null,null,78.28571429,25,46.87096774,TRUE,Unduvap Full Moon Poya Day,null,FALSE,Colombo,26.4,7.1,84.83333333,5.8
12/11/2011,3868,3224.957363,6.716768436,108.3477273,null,null,null,null,null,null,80,25,46.96774194,FALSE,null,null,FALSE,Colombo,26,21.9,86.875,8.7
12/12/2011,3340,3224.957363,6.716768436,108.3477273,113.85,3.589,2.144,176.303,152.142,17.88,79.57142857,25,47.06451613,FALSE,null,null,FALSE,Colombo,25.4,27.3,90.125,9.5
12/13/2011,3516,3224.957363,6.716768436,108.3477273,113.85,3.57,2.123,175.925,150.151,17.86,79.14285714,25,47.16129032,FALSE,null,null,FALSE,Colombo,26,29.6,87.875,11.1
12/14/2011,3516,3224.957363,6.716768436,108.3477273,113.79,3.576,2.126,176.472,148.426,17.85,78.71428571,25,47.25806452,FALSE,null,null,FALSE,Colombo,25.2,12.9,89.66666667,7.3
12/15/2011,3516,3224.957363,6.716768436,108.3477273,113.79,3.556,2.166,176.555,147.671,17.95,78.28571429,25,47.35483871,FALSE,null,null,FALSE,Colombo,25,3.7,81.5,9.8
12/16/2011,3516,3224.957363,6.716768436,108.3477273,113.73,3.543,2.16,176.404,148.092,18.07,77.85714286,25,47.4516129,FALSE,null,null,FALSE,Colombo,25.7,3.6,83.04166667,10
12/17/2011,3692,3224.957363,6.716768436,108.3477273,null,null,null,null,null,null,77.42857143,25,47.5483871,FALSE,null,null,FALSE,Colombo,26.2,0,74.16666667,16.5
12/18/2011,3868,3224.957363,6.716768436,108.3477273,null,null,null,null,null,null,77,25,47.64516129,FALSE,null,null,FALSE,Colombo,25.8,20.5,83.5,17.7
12/19/2011,3340,3224.957363,6.716768436,108.3477273,113.82,3.564,2.156,178.193,148.264,17.92,76.71428571,25,47.74193548,FALSE,null,null,FALSE,Colombo,24.9,20.1,91.54166667,11.6
12/20/2011,3516,3224.957363,6.716768436,108.3477273,113.77,3.586,2.171,178.329,147.904,17.97,76.42857143,25,47.83870968,FALSE,null,null,FALSE,Colombo,24.6,54.1,90.29166667,12.5
12/21/2011,3516,3224.957363,6.716768436,108.3477273,113.77,3.628,2.167,178.544,148.828,18.01,76.14285714,25,47.93548387,FALSE,null,null,FALSE,Colombo,25.4,5.8,81.33333333,18.9
12/22/2011,3516,3224.957363,6.716768436,108.3477273,113.9,3.657,2.155,177.43,148.408,17.96,75.85714286,25,48.03225806,FALSE,null,null,FALSE,Colombo,24.9,4.1,79.45833333,22
12/23/2011,3516,3224.957363,6.716768436,108.3477273,113.77,3.653,2.158,177.817,148.639,17.95,75.57142857,25,48.12903226,FALSE,null,null,FALSE,Colombo,24,7.1,87.54166667,19.5
12/24/2011,3692,3224.957363,6.716768436,108.3477273,null,null,null,null,null,null,75.28571429,25,48.22580645,FALSE,null,null,FALSE,Colombo,25.5,0,79.125,20.9
12/25/2011,3868,3224.957363,6.716768436,108.3477273,null,null,null,null,null,null,75,25,48.32258065,TRUE,Christmas Day,null,FALSE,Colombo,25.4,0,77.125,19.7
12/26/2011,3340,3224.957363,6.716768436,108.3477273,113.77,3.631,2.152,178.47,148.418,18.02,78.28571429,25,48.41935484,FALSE,null,null,FALSE,Colombo,24.9,0,77.54166667,21.3
12/27/2011,3516,3224.957363,6.716768436,108.3477273,113.9,3.585,2.154,176.004,148.555,18.03,81.57142857,25,48.51612903,FALSE,null,null,FALSE,Colombo,24.1,0,78.45833333,19.9
12/28/2011,3516,3224.957363,6.716768436,108.3477273,113.9,3.547,2.149,175.582,148.867,18.02,84.85714286,25,48.61290323,FALSE,null,null,FALSE,Colombo,24,0,77.45833333,14.8
12/29/2011,3516,3224.957363,6.716768436,108.3477273,113.9,3.543,2.148,176.972,147.346,18.1,88.14285714,25,48.70967742,FALSE,null,null,FALSE,Colombo,25.3,0,79.375,16.2
12/30/2011,3516,3224.957363,6.716768436,108.3477273,113.9,3.547,2.137,176.654,147.608,18.09,91.42857143,25,48.80645161,FALSE,null,null,FALSE,Colombo,25.7,1.1,80.54166667,14.3
12/31/2011,3692,3224.957363,6.716768436,108.3477273,null,null,null,null,null,null,94.71428571,25,48.90322581,FALSE,null,null,FALSE,Colombo,25.7,0,77.45833333,12
1/1/2012,3029,3327.776124,7.542913732,111.415,null,null,null,null,null,null,98,18,49,FALSE,null,null,FALSE,Colombo,25.5,0,77.95833333,7.7
1/2/2012,2616,3327.776124,7.542913732,111.415,113.9,3.582,2.144,178.099,147.404,18.07,98.28571429,18,49.06451613,FALSE,null,null,FALSE,Colombo,25,0,81.20833333,10.8
1/3/2012,2754,3327.776124,7.542913732,111.415,113.83,3.582,2.153,177.803,147.279,18.11,98.57142857,18,49.12903226,FALSE,null,null,FALSE,Colombo,25.9,0,79.66666667,11.4
1/4/2012,2754,3327.776124,7.542913732,111.415,113.83,3.558,2.153,176.312,148.536,18.05,98.85714286,18,49.19354839,FALSE,null,null,FALSE,Colombo,26,2.5,84.20833333,5.8
1/5/2012,2754,3327.776124,7.542913732,111.415,113.83,3.562,2.161,175.657,147.336,18.02,99.14285714,18,49.25806452,FALSE,null,null,FALSE,Colombo,25.7,17,89.20833333,9
1/6/2012,2754,3327.776124,7.542913732,111.415,113.83,3.572,2.172,175.93,145.509,18.02,99.42857143,18,49.32258065,FALSE,null,null,FALSE,Colombo,25.5,11.8,86.41666667,8.8
1/7/2012,2891,3327.776124,7.542913732,111.415,null,null,null,null,null,null,99.71428571,18,49.38709677,FALSE,null,null,FALSE,Colombo,25.6,7.8,86.75,4.9
1/8/2012,3029,3327.776124,7.542913732,111.415,null,null,null,null,null,null,100,18,49.4516129,TRUE,Duruthu Full Moon Poya Day,null,FALSE,Colombo,25.5,17.2,89.54166667,9.1
1/9/2012,2616,3327.776124,7.542913732,111.415,113.83,3.603,2.206,176.249,144.798,18.03,98.28571429,18,49.51612903,FALSE,null,null,FALSE,Colombo,25.7,3.2,86.375,7.6
1/10/2012,2754,3327.776124,7.542913732,111.415,113.83,3.59,2.198,174.45,145.298,18.02,96.57142857,18,49.58064516,FALSE,null,null,FALSE,Colombo,25.8,2.2,84.875,10.3
1/11/2012,2754,3327.776124,7.542913732,111.415,113.83,3.603,2.21,174.633,145.423,18.01,94.85714286,18,49.64516129,FALSE,null,null,FALSE,Colombo,25.8,0.1,86.70833333,9.7
1/12/2012,2754,3327.776124,7.542913732,111.415,113.83,3.571,2.213,174.451,144.638,18.06,93.14285714,18,49.70967742,FALSE,null,null,FALSE,Colombo,25.8,0,80.16666667,7.7
1/13/2012,2754,3327.776124,7.542913732,111.415,113.83,3.591,2.216,174.382,145.998,18.02,91.42857143,18,49.77419355,FALSE,null,null,FALSE,Colombo,26,0,74.08333333,14.6
1/14/2012,2891,3327.776124,7.542913732,111.415,null,null,null,null,null,null,89.71428571,18,49.83870968,FALSE,null,null,FALSE,Colombo,25.7,0,71.04166667,18.1
1/15/2012,3029,3327.776124,7.542913732,111.415,null,null,null,null,null,null,88,18,49.90322581,TRUE,Tamil Thai Pongal Day,null,FALSE,Colombo,24.6,0,64.83333333,20.1
1/16/2012,2616,3327.776124,7.542913732,111.415,113.83,3.591,2.241,174.53,144.268,18.02,88.57142857,18,49.96774194,FALSE,null,null,FALSE,Colombo,24.5,0,68.375,13.8
1/17/2012,2754,3327.776124,7.542913732,111.415,113.83,3.621,2.263,175.691,144.154,18.05,89.14285714,18,50.03225806,FALSE,null,null,FALSE,Colombo,24.5,0,74.08333333,8.9
1/18/2012,2754,3327.776124,7.542913732,111.415,113.83,3.636,2.27,176.26,145.008,18.02,89.71428571,18,50.09677419,FALSE,null,null,FALSE,Colombo,25.2,0,74.70833333,9.8
1/19/2012,2754,3327.776124,7.542913732,111.415,113.83,3.636,2.268,177.4,146.374,17.98,90.28571429,18,50.16129032,FALSE,null,null,FALSE,Colombo,25.4,0,75.29166667,11.5
1/20/2012,2754,3327.776124,7.542913732,111.415,113.915,3.69,2.278,177.262,147.541,17.97,90.85714286,18,50.22580645,FALSE,null,null,FALSE,Colombo,25.8,0,75.54166667,10.8
1/21/2012,2891,3327.776124,7.542913732,111.415,null,null,null,null,null,null,91.42857143,18,50.29032258,FALSE,null,null,FALSE,Colombo,25.9,0.8,76.33333333,10.5
1/22/2012,3029,3327.776124,7.542913732,111.415,null,null,null,null,null,null,92,18,50.35483871,FALSE,null,null,FALSE,Colombo,25.5,0.4,78.20833333,5.8
1/23/2012,2616,3327.776124,7.542913732,111.415,113.83,3.701,2.276,177.74,147.332,17.97,93,18,50.41935484,FALSE,null,null,FALSE,Colombo,26.5,0.2,69.29166667,9.7
1/24/2012,2754,3327.776124,7.542913732,111.415,113.83,3.722,2.276,178.292,148.326,17.97,94,18,50.48387097,FALSE,null,null,FALSE,Colombo,26.2,0,63.125,11.3
1/25/2012,2754,3327.776124,7.542913732,111.415,113.83,3.748,2.301,178.38,148.236,17.96,95,18,50.5483871,FALSE,null,null,FALSE,Colombo,26.2,0,64.625,12
1/26/2012,2754,3327.776124,7.542913732,111.415,113.73,3.773,2.305,179.12,149.22,17.97,96,18,50.61290323,FALSE,null,null,FALSE,Colombo,26.6,0,62.125,12.1
1/27/2012,2754,3327.776124,7.542913732,111.415,113.835,3.744,2.294,178.661,148.998,17.96,97,18,50.67741935,FALSE,null,null,FALSE,Colombo,26.2,0.1,74.08333333,7.9
1/28/2012,2891,3327.776124,7.542913732,111.415,null,null,null,null,null,null,98,18,50.74193548,FALSE,null,null,FALSE,Colombo,26.8,0,70.5,9.5
1/29/2012,3029,3327.776124,7.542913732,111.415,null,null,null,null,null,null,99,18,50.80645161,FALSE,null,null,FALSE,Colombo,26.8,0,67.5,10
1/30/2012,2616,3327.776124,7.542913732,111.415,113.76,3.771,2.3,179.438,150.587,18.05,96.42857143,18,50.87096774,FALSE,null,null,FALSE,Colombo,26.4,0,66.83333333,8.7
1/31/2012,2754,3327.776124,7.542913732,111.415,113.9,3.777,2.315,180.111,149.44,18.04,93.85714286,18,50.93548387,FALSE,null,null,FALSE,Colombo,26.9,0.8,64.66666667,7.5
2/1/2012,2782,3327.776124,7.542913732,119.1657143,113.76,3.764,2.32,179.81,148.942,18.05,91.28571429,20,51,FALSE,null,null,FALSE,Colombo,27.6,0.2,58.70833333,12.4
2/2/2012,2782,3327.776124,7.542913732,119.1657143,113.76,3.782,2.344,180.256,149.702,18.08,88.71428571,20,50.96551724,FALSE,null,null,FALSE,Colombo,27.8,0.3,60.66666667,15.8
2/3/2012,2782,3327.776124,7.542913732,119.1657143,113.96,3.791,2.328,180.705,149.566,18.09,86.14285714,20,50.93103448,FALSE,null,null,FALSE,Colombo,28.1,0,63.70833333,12.6
2/4/2012,2921,3327.776124,7.542913732,119.1657143,null,null,null,null,null,null,83.57142857,20,50.89655172,TRUE,Independence Day,null,FALSE,Colombo,28.4,1.3,64.95833333,13
2/5/2012,3060,3327.776124,7.542913732,119.1657143,null,null,null,null,null,null,81,20,50.86206897,TRUE,Prophet's Birthday,null,FALSE,Colombo,27.1,9.4,75.125,12.1
2/6/2012,2643,3327.776124,7.542913732,119.1657143,114.2,3.829,2.325,181.589,149.794,18.11,82.14285714,20,50.82758621,FALSE,null,null,FALSE,Colombo,26.4,7.6,81.66666667,7.4
2/7/2012,2782,3327.776124,7.542913732,119.1657143,114.2,3.829,2.32,180.028,149.899,18.08,83.28571429,20,50.79310345,TRUE,Nawam Full Moon Poya Day,null,FALSE,Colombo,26.8,4.2,78.08333333,9.6
2/8/2012,2782,3327.776124,7.542913732,119.1657143,113.83,3.865,2.322,181.606,151.458,18.24,84.42857143,20,50.75862069,FALSE,null,null,FALSE,Colombo,26.4,3,83.83333333,6.3
2/9/2012,2782,3327.776124,7.542913732,119.1657143,114.81,3.822,2.326,180.751,150.91,18.23,85.57142857,20,50.72413793,FALSE,null,null,FALSE,Colombo,26.5,7.9,83.70833333,11.5
2/10/2012,2782,3327.776124,7.542913732,119.1657143,114.81,3.905,2.377,184.186,152.548,18.55,86.71428571,20,50.68965517,FALSE,null,null,FALSE,Colombo,25.9,2.4,86.16666667,7.9
2/11/2012,2921,3327.776124,7.542913732,119.1657143,null,null,null,null,null,null,87.85714286,20,50.65517241,FALSE,null,null,FALSE,Colombo,26.9,0,78.625,10.3
2/12/2012,3060,3327.776124,7.542913732,119.1657143,null,null,null,null,null,null,89,20,50.62068966,FALSE,null,null,FALSE,Colombo,26.8,0.8,74.70833333,11.4
2/13/2012,2643,3327.776124,7.542913732,119.1657143,116.81,4.002,2.43,188.588,151.343,19.09,88.28571429,20,50.5862069,FALSE,null,null,FALSE,Colombo,27.1,0,74.20833333,7.7
2/14/2012,2782,3327.776124,7.542913732,119.1657143,120.25,3.971,2.419,187.483,154.125,18.96,87.57142857,20,50.55172414,FALSE,null,null,FALSE,Colombo,26.1,42.4,81.54166667,8.8
2/15/2012,2787,3327.776124,7.542913732,119.1657143,119.45,3.952,2.409,187.677,157.75,18.85,86.85714286,20,50.51724138,FALSE,null,null,FALSE,Colombo,25.4,40.5,88.83333333,11.5
2/16/2012,2782,3327.776124,7.542913732,119.1657143,118.76,3.953,2.397,187.231,156.098,18.77,86.14285714,20,50.48275862,FALSE,null,null,FALSE,Colombo,25.9,6.3,86.20833333,10
2/17/2012,2782,3327.776124,7.542913732,119.1657143,118.25,3.973,2.406,187.415,155.997,18.76,85.42857143,20,50.44827586,FALSE,null,null,FALSE,Colombo,25.6,11.5,87.29166667,11.3
2/18/2012,2921,3327.776124,7.542913732,119.1657143,null,null,null,null,null,null,84.71428571,20,50.4137931,FALSE,null,null,FALSE,Colombo,26.3,0,81.125,8.6
2/19/2012,3060,3327.776124,7.542913732,119.1657143,null,null,null,null,null,null,84,20,50.37931034,FALSE,null,null,FALSE,Colombo,26,0,74.91666667,9.5
2/20/2012,2643,3327.776124,7.542913732,119.1657143,118.25,3.97,2.397,186.262,155.529,18.74,83.57142857,20,50.34482759,TRUE,Maha Sivarathri Day,null,FALSE,Colombo,25.8,0,79.29166667,9.4
2/21/2012,2782,3327.776124,7.542913732,119.1657143,118.01,4.003,2.415,186.046,156.592,18.86,83.14285714,20,50.31034483,FALSE,null,null,FALSE,Colombo,25.8,0,80.58333333,8.4
2/22/2012,2782,3327.776124,7.542913732,119.1657143,118.75,4.036,2.429,187.772,156.228,18.93,82.71428571,20,50.27586207,FALSE,null,null,FALSE,Colombo,25.6,0,77.04166667,9
2/23/2012,2782,3327.776124,7.542913732,119.1657143,119.25,4.116,2.445,190.376,157.285,19.03,82.28571429,20,50.24137931,FALSE,null,null,FALSE,Colombo,25.6,0,75.75,9.1
2/24/2012,2782,3327.776124,7.542913732,119.1657143,119.85,4.179,2.466,191.824,159.467,19.24,81.85714286,20,50.20689655,FALSE,null,null,FALSE,Colombo,25.4,0,80.41666667,6.3
2/25/2012,2921,3327.776124,7.542913732,119.1657143,null,null,null,null,null,null,81.42857143,20,50.17241379,FALSE,null,null,FALSE,Colombo,26.5,0,73.625,10.4
2/26/2012,3060,3327.776124,7.542913732,119.1657143,null,null,null,null,null,null,81,20,50.13793103,FALSE,null,null,FALSE,Colombo,26.3,0.8,80.95833333,8.7
2/27/2012,2643,3327.776124,7.542913732,119.1657143,121.25,4.205,2.491,194.029,161.288,19.37,80.14285714,20,50.10344828,FALSE,null,null,FALSE,Colombo,26.3,11.9,85.45833333,11.1
2/28/2012,2782,3327.776124,7.542913732,119.1657143,122,4.173,2.482,194.058,162.475,19.37,79.28571429,20,50.06896552,FALSE,null,null,FALSE,Colombo,25.9,4.9,89.79166667,9.4
2/29/2012,2782,3327.776124,7.542913732,119.1657143,121.9,4.182,2.476,194.502,164.286,19.35,78.42857143,20,50.03448276,FALSE,null,null,FALSE,Colombo,26.3,3.7,85.29166667,9.4
3/1/2012,2754,3327.776124,7.542913732,124.7031818,121.91,4.15,2.457,192.706,162.463,19.32,77.57142857,29,50,FALSE,null,Sigiriya Cultural Triangle Launch Events,TRUE,Colombo,26.7,7.2,85.95833333,8.1
3/2/2012,2754,3327.776124,7.542913732,124.7031818,121.7,4.158,2.446,193.327,162.305,19.33,76.71428571,29,50.29032258,FALSE,null,Sigiriya Cultural Triangle Launch Events,TRUE,Colombo,27,0.2,82.625,9.1
3/3/2012,2891,3327.776124,7.542913732,124.7031818,null,null,null,null,null,null,75.85714286,29,50.58064516,FALSE,null,Sigiriya Cultural Triangle Launch Events,TRUE,Colombo,26.9,0,81.79166667,11.3
3/4/2012,3029,3327.776124,7.542913732,124.7031818,null,null,null,null,null,null,75,29,50.87096774,FALSE,null,Sigiriya Cultural Triangle Launch Events,TRUE,Colombo,27,1,81.25,12.1
3/5/2012,2616,3327.776124,7.542913732,124.7031818,121.9,4.1,2.412,190.938,160.626,19.26,76.42857143,29,51.16129032,FALSE,null,Sigiriya Cultural Triangle Launch Events,TRUE,Colombo,27.1,0.3,79.95833333,10.8
3/6/2012,2754,3327.776124,7.542913732,124.7031818,121.5,4.096,2.417,191.296,161.079,19.26,77.85714286,29,51.4516129,FALSE,null,Sigiriya Cultural Triangle Launch Events,TRUE,Colombo,26.7,1.8,81.75,16.7
3/7/2012,2754,3327.776124,7.542913732,124.7031818,121.5,4.123,2.416,191.559,159.31,19.16,79.28571429,29,51.74193548,TRUE,Medin Full Moon Poya Day,Sigiriya Cultural Triangle Launch Events,TRUE,Colombo,26.6,3.1,81.5,13.5
3/8/2012,2754,3327.776124,7.542913732,124.7031818,121.01,4.116,2.433,189.755,159.797,19.18,80.71428571,29,52.03225806,FALSE,null,Sigiriya Cultural Triangle Launch Events,TRUE,Colombo,26.8,0.9,80.33333333,18.2
3/9/2012,2754,3327.776124,7.542913732,124.7031818,121.06,4.119,2.439,190.591,160.635,19.27,82.14285714,29,52.32258065,FALSE,null,Sigiriya Cultural Triangle Launch Events,TRUE,Colombo,27.3,0,78.375,13
3/10/2012,2891,3327.776124,7.542913732,124.7031818,null,null,null,null,null,null,83.57142857,29,52.61290323,FALSE,null,Sigiriya Cultural Triangle Launch Events,TRUE,Colombo,26.8,2,83.33333333,14.9
3/11/2012,3029,3327.776124,7.542913732,124.7031818,null,null,null,null,null,null,85,29,52.90322581,FALSE,null,Sigiriya Cultural Triangle Launch Events,TRUE,Colombo,26.3,4.6,82.41666667,13.4
3/12/2012,2616,3327.776124,7.542913732,124.7031818,121.9,4.195,2.477,194.013,158.812,19.52,84.57142857,29,53.19354839,FALSE,null,Sigiriya Cultural Triangle Launch Events,TRUE,Colombo,26.7,1.5,80.83333333,7.5
3/13/2012,2754,3327.776124,7.542913732,124.7031818,123.5,4.216,2.499,195.54,160.329,19.7,84.14285714,29,53.48387097,FALSE,null,Sigiriya Cultural Triangle Launch Events,TRUE,Colombo,26.5,14.5,83.5,11.3
3/14/2012,2754,3327.776124,7.542913732,124.7031818,124.75,4.252,2.488,196.605,161.582,19.77,83.71428571,29,53.77419355,FALSE,null,Sigiriya Cultural Triangle Launch Events,TRUE,Colombo,26.7,53.6,83.125,7.6
3/15/2012,2754,3327.776124,7.542913732,124.7031818,125.15,4.303,2.51,199.409,162.537,19.9,83.28571429,29,54.06451613,FALSE,null,Sigiriya Cultural Triangle Launch Events,TRUE,Colombo,26.3,3.2,86.54166667,9.3
3/16/2012,2754,3327.776124,7.542913732,124.7031818,125.85,4.5,2.611,208.159,163.734,20.72,82.85714286,29,54.35483871,FALSE,null,Sigiriya Cultural Triangle Launch Events,TRUE,Colombo,26.4,6.6,87.375,14
3/17/2012,2891,3327.776124,7.542913732,124.7031818,null,null,null,null,null,null,82.42857143,29,54.64516129,FALSE,null,Sigiriya Cultural Triangle Launch Events,TRUE,Colombo,26.2,6.2,86.29166667,11.4
3/18/2012,3029,3327.776124,7.542913732,124.7031818,null,null,null,null,null,null,82,29,54.93548387,FALSE,null,Sigiriya Cultural Triangle Launch Events,TRUE,Colombo,27,0.4,81.75,8.4
3/19/2012,2616,3327.776124,7.542913732,124.7031818,131,4.421,2.558,204.987,165.801,20.44,82.28571429,29,55.22580645,FALSE,null,Sigiriya Cultural Triangle Launch Events,TRUE,Colombo,26.8,1.3,82.45833333,9.7
3/20/2012,2754,3327.776124,7.542913732,124.7031818,129.26,4.446,2.568,206.402,173.431,20.57,82.57142857,29,55.51612903,FALSE,null,Sigiriya Cultural Triangle Launch Events,TRUE,Colombo,27,1.7,81.95833333,9.8
3/21/2012,2754,3327.776124,7.542913732,124.7031818,130.05,4.422,2.539,205.997,170.907,20.68,82.85714286,29,55.80645161,FALSE,null,Sigiriya Cultural Triangle Launch Events,TRUE,Colombo,26.6,2.2,82.375,13.6
3/22/2012,2754,3327.776124,7.542913732,124.7031818,130.25,4.445,2.542,206.443,171.861,20.63,83.14285714,29,56.09677419,FALSE,null,Sigiriya Cultural Triangle Launch Events,TRUE,Colombo,26.4,2.3,83.5,14.7
3/23/2012,2754,3327.776124,7.542913732,124.7031818,130.1,4.49,2.546,207.46,171.891,20.57,83.42857143,29,56.38709677,FALSE,null,Sigiriya Cultural Triangle Launch Events,TRUE,Colombo,27,0.6,84.375,10.5
3/24/2012,2891,3327.776124,7.542913732,124.7031818,null,null,null,null,null,null,83.71428571,29,56.67741935,FALSE,null,Sigiriya Cultural Triangle Launch Events,TRUE,Colombo,27,0.2,80.625,11.6
3/25/2012,3029,3327.776124,7.542913732,124.7031818,null,null,null,null,null,null,84,29,56.96774194,FALSE,null,Sigiriya Cultural Triangle Launch Events,TRUE,Colombo,26.9,0,77.125,8.1
3/26/2012,2616,3327.776124,7.542913732,124.7031818,129.91,4.468,2.564,207.255,172.681,20.6,83.14285714,29,57.25806452,FALSE,null,Sigiriya Cultural Triangle Launch Events,TRUE,Colombo,26.7,1.2,77.29166667,9.4
3/27/2012,2754,3327.776124,7.542913732,124.7031818,129.9,4.397,2.544,205.241,173.541,20.49,82.28571429,29,57.5483871,FALSE,null,Sigiriya Cultural Triangle Launch Events,TRUE,Colombo,27,0.6,77.33333333,10.7
3/28/2012,2754,3327.776124,7.542913732,124.7031818,129.2,4.325,2.483,203.449,173.027,20.22,81.42857143,29,57.83870968,FALSE,null,Sigiriya Cultural Triangle Launch Events,TRUE,Colombo,27,7.2,81.75,10.2
3/29/2012,2754,3327.776124,7.542913732,124.7031818,127.51,4.379,2.521,205.367,172.029,20.36,80.57142857,29,58.12903226,FALSE,null,Sigiriya Cultural Triangle Launch Events,TRUE,Colombo,26.5,8.5,84.125,12.2
3/30/2012,2754,3327.776124,7.542913732,124.7031818,128.25,4.385,2.526,205.588,169.595,20.37,79.71428571,29,58.41935484,FALSE,null,Sigiriya Cultural Triangle Launch Events,TRUE,Colombo,26.6,2.7,84.375,14
3/31/2012,2891,3327.776124,7.542913732,124.7031818,null,null,null,null,null,null,78.85714286,29,58.70967742,FALSE,null,Sigiriya Cultural Triangle Launch Events,TRUE,Colombo,27.4,0.7,83.08333333,13.4
4/1/2012,2781,3327.776124,7.542913732,120.47,null,null,null,null,null,null,78,21,59,FALSE,null,null,FALSE,Colombo,26.9,2.1,83.625,11
4/2/2012,2402,3327.776124,7.542913732,120.47,128.3,4.293,2.487,200.141,171.137,19.97,80.57142857,21,58.86666667,FALSE,null,null,FALSE,Colombo,26.6,1.9,82.04166667,14.4
4/3/2012,2528,3327.776124,7.542913732,120.47,125.76,4.247,2.451,198.756,170.902,19.87,83.14285714,21,58.73333333,FALSE,null,null,FALSE,Colombo,26.8,5.5,83.375,10.5
4/4/2012,2528,3327.776124,7.542913732,120.47,125.11,4.291,2.472,199.626,166.43,19.98,85.71428571,21,58.6,FALSE,null,null,FALSE,Colombo,26.8,0.8,85.29166667,15.7
4/5/2012,2528,3327.776124,7.542913732,120.47,126.15,4.263,2.468,200.402,164.407,20,88.28571429,21,58.46666667,FALSE,null,null,FALSE,Colombo,27.3,0.7,82.41666667,13.8
4/6/2012,2528,3327.776124,7.542913732,120.47,126.15,4.263,2.447,199.151,164.809,19.85,90.85714286,21,58.33333333,TRUE,Bak Full Moon Poya Day; Good Friday,null,FALSE,Colombo,27.6,0.1,79.41666667,13
4/7/2012,2655,3327.776124,7.542913732,120.47,null,null,null,null,null,null,93.42857143,21,58.2,FALSE,null,null,FALSE,Colombo,27.4,2.3,82.16666667,11.5
4/8/2012,2781,3327.776124,7.542913732,120.47,null,null,null,null,null,null,96,21,58.06666667,FALSE,null,null,FALSE,Colombo,27.2,5.9,84.375,11.8
4/9/2012,2402,3327.776124,7.542913732,120.47,125.26,4.276,2.477,202.256,165.206,20.2,94.42857143,21,57.93333333,FALSE,null,null,FALSE,Colombo,26.8,3.3,83,14.5
4/10/2012,2528,3327.776124,7.542913732,120.47,127.51,4.342,2.5,204.657,164.166,20.39,92.85714286,21,57.8,FALSE,null,null,FALSE,Colombo,26.4,6.5,84.58333333,12.3
4/11/2012,2528,3327.776124,7.542913732,120.47,128.65,4.374,2.511,205.326,166.808,20.4,91.28571429,21,57.66666667,FALSE,null,null,FALSE,Colombo,27.1,2.2,83.625,10.8
4/12/2012,2528,3327.776124,7.542913732,120.47,128.65,4.342,2.496,203.885,168.66,20.41,89.71428571,21,57.53333333,TRUE,Day Before Sinhala and Tamil New Year,null,FALSE,Colombo,26.5,6.1,85.45833333,7.6
4/13/2012,2528,3327.776124,7.542913732,120.47,128.65,4.327,2.48,203.514,169.632,20.27,88.14285714,21,57.4,TRUE,Sinhala and Tamil New Year,null,FALSE,Colombo,27.3,9.4,83.70833333,11.2
4/14/2012,2655,3327.776124,7.542913732,120.47,null,null,null,null,null,null,86.57142857,21,57.26666667,FALSE,null,null,FALSE,Colombo,26.8,5.3,83.66666667,8.9
4/15/2012,2781,3327.776124,7.542913732,120.47,null,null,null,null,null,null,85,21,57.13333333,FALSE,null,null,FALSE,Colombo,26.1,15.1,88.20833333,12.7
4/16/2012,2403,3327.776124,7.542913732,120.47,128,4.351,2.496,204.222,168.242,20.35,84.42857143,21,57,FALSE,null,null,FALSE,Colombo,26.5,11.1,88.79166667,9
4/17/2012,2528,3327.776124,7.542913732,120.47,128.26,4.344,2.479,205.505,168.179,20.35,83.85714286,21,56.86666667,FALSE,null,null,FALSE,Colombo,26.7,8.7,86.95833333,12.2
4/18/2012,2528,3327.776124,7.542913732,120.47,128.26,4.393,2.491,208.327,168.38,20.58,83.28571429,21,56.73333333,FALSE,null,null,FALSE,Colombo,27.1,4,85.66666667,13
4/19/2012,2528,3327.776124,7.542913732,120.47,129.75,4.41,2.497,209.661,168.29,20.61,82.71428571,21,56.6,FALSE,null,null,FALSE,Colombo,26.8,1.8,87.83333333,13.7
4/20/2012,2528,3327.776124,7.542913732,120.47,130.01,4.456,2.509,211.983,170.465,20.84,82.14285714,21,56.46666667,FALSE,null,null,FALSE,Colombo,26.8,1.5,87.54166667,6.2
4/21/2012,2655,3327.776124,7.542913732,120.47,null,null,null,null,null,null,81.57142857,21,56.33333333,FALSE,null,null,FALSE,Colombo,27.1,4.5,88.33333333,13.3
4/22/2012,2781,3327.776124,7.542913732,120.47,null,null,null,null,null,null,81,21,56.2,FALSE,null,null,FALSE,Colombo,26.6,6.5,89.125,13.3
4/23/2012,2402,3327.776124,7.542913732,120.47,131.45,4.479,2.501,212.277,171.918,20.85,81.71428571,21,56.06666667,FALSE,null,null,FALSE,Colombo,25.9,15.2,89.5,10.5
4/24/2012,2528,3327.776124,7.542913732,120.47,131.51,4.516,2.526,214.246,172.883,21.02,82.42857143,21,55.93333333,FALSE,null,null,FALSE,Colombo,25.4,30,92.45833333,16.1
4/25/2012,2528,3327.776124,7.542913732,120.47,132.5,4.44,2.484,210.622,173.528,20.65,83.14285714,21,55.8,FALSE,null,null,FALSE,Colombo,26.6,6.2,86.5,15.5
4/26/2012,2528,3327.776124,7.542913732,120.47,130.21,4.43,2.473,211.396,175.205,20.59,83.85714286,21,55.66666667,FALSE,null,null,FALSE,Colombo,26.7,4.2,88,14.5
4/27/2012,2528,3327.776124,7.542913732,120.47,129.95,4.408,2.461,210.39,171.988,20.54,84.57142857,21,55.53333333,FALSE,null,null,FALSE,Colombo,26.8,5.2,87.625,19.7
4/28/2012,2655,3327.776124,7.542913732,120.47,null,null,null,null,null,null,85.28571429,21,55.4,FALSE,null,null,FALSE,Colombo,27.5,3.5,84.54166667,15.8
4/29/2012,2781,3327.776124,7.542913732,120.47,null,null,null,null,null,null,86,21,55.26666667,FALSE,null,null,FALSE,Colombo,26.9,5.2,87.45833333,14.6
4/30/2012,2402,3327.776124,7.542913732,120.47,129.61,4.422,2.469,210.202,172.243,20.54,85.71428571,21,55.13333333,FALSE,null,null,FALSE,Colombo,26.8,4.1,86.66666667,14.5
5/1/2012,1839,3327.776124,7.542913732,110.8221739,129.61,4.362,2.416,207.328,171.617,20.29,85.42857143,15,55,TRUE,International Workers' Day,null,FALSE,Colombo,27.6,1.6,80.125,16.9
5/2/2012,1839,3327.776124,7.542913732,110.8221739,128,4.309,2.386,205.916,171.571,20.18,85.14285714,15,54.74193548,FALSE,null,null,FALSE,Colombo,27.4,0.1,76.66666667,16.3
5/3/2012,1839,3327.776124,7.542913732,110.8221739,127.25,4.276,2.383,205.837,168.371,20.2,84.85714286,15,54.48387097,FALSE,null,null,FALSE,Colombo,26.9,0,72.25,16.5
5/4/2012,1839,3327.776124,7.542913732,110.8221739,127.41,4.241,2.407,205.985,167.353,20.17,84.57142857,15,54.22580645,FALSE,null,null,FALSE,Colombo,27.6,0,69.375,18.3
5/5/2012,1931,3327.776124,7.542913732,110.8221739,null,null,null,null,null,null,84.28571429,15,53.96774194,TRUE,Vesak Full Moon Poya Day,null,FALSE,Colombo,27.9,0,69.91666667,19.5
5/6/2012,2023,3327.776124,7.542913732,110.8221739,null,null,null,null,null,null,84,15,53.70967742,TRUE,Day Following Vesak Full Moon Poya Day,null,FALSE,Colombo,27.6,1.7,78.58333333,19.1
5/7/2012,1747,3327.776124,7.542913732,110.8221739,127.21,4.251,2.409,206.81,166.697,20.29,83.28571429,15,53.4516129,TRUE,Special Public Holiday,null,FALSE,Colombo,28.1,0.9,81.66666667,15.9
5/8/2012,1839,3327.776124,7.542913732,110.8221739,128,4.219,2.382,206.545,166.066,20.29,82.57142857,15,53.19354839,FALSE,null,null,FALSE,Colombo,28,0,78.41666667,15.8
5/9/2012,1839,3327.776124,7.542913732,110.8221739,128.03,4.224,2.392,205.659,166.432,20.18,81.85714286,15,52.93548387,FALSE,null,null,FALSE,Colombo,27.5,0.8,79.125,15.8
5/10/2012,1839,3327.776124,7.542913732,110.8221739,127.41,4.231,2.379,205.101,165.575,20.22,81.14285714,15,52.67741935,FALSE,null,null,FALSE,Colombo,27.6,0,76.375,13.9
5/11/2012,1839,3327.776124,7.542913732,110.8221739,127.61,4.235,2.388,207.185,164.811,20.37,80.42857143,15,52.41935484,FALSE,null,null,FALSE,Colombo,27.5,1.4,79.95833333,17.6
5/12/2012,1931,3327.776124,7.542913732,110.8221739,null,null,null,null,null,null,79.71428571,15,52.16129032,FALSE,null,null,FALSE,Colombo,27.5,2.8,79.33333333,17.5
5/13/2012,2023,3327.776124,7.542913732,110.8221739,null,null,null,null,null,null,79,15,51.90322581,FALSE,null,null,FALSE,Colombo,27.7,1.6,79.33333333,16.2
5/14/2012,1747,3327.776124,7.542913732,110.8221739,128.75,4.199,2.399,206.422,164.834,20.43,79.42857143,15,51.64516129,FALSE,null,null,FALSE,Colombo,27.8,2.4,83.29166667,16.1
5/15/2012,1839,3327.776124,7.542913732,110.8221739,129.05,4.142,2.367,204.657,165.135,20.34,79.85714286,15,51.38709677,FALSE,null,null,FALSE,Colombo,27.7,1.4,83.29166667,17.2
5/16/2012,1833,3327.776124,7.542913732,110.8221739,128.61,4.146,2.371,203.601,164.306,20.38,80.28571429,15,51.12903226,FALSE,null,null,FALSE,Colombo,27.9,0.5,77.5,16.3
5/17/2012,1839,3327.776124,7.542913732,110.8221739,128.91,4.14,2.38,204.853,163.534,20.47,80.71428571,15,50.87096774,FALSE,null,null,FALSE,Colombo,27.9,0,75.25,14.7
5/18/2012,1839,3327.776124,7.542913732,110.8221739,129.51,4.169,2.356,204.989,163.625,20.47,81.14285714,15,50.61290323,FALSE,null,null,FALSE,Colombo,28.3,0.7,76.70833333,19
5/19/2012,1931,3327.776124,7.542913732,110.8221739,null,null,null,null,null,null,81.57142857,15,50.35483871,FALSE,null,null,FALSE,Colombo,27.7,2.1,82.79166667,16.2
5/20/2012,2023,3327.776124,7.542913732,110.8221739,null,null,null,null,null,null,82,15,50.09677419,FALSE,null,Colombo International Tea Convention,TRUE,Colombo,27.3,6.3,86.16666667,17.5
5/21/2012,1747,3327.776124,7.542913732,110.8221739,129.51,4.129,2.342,204.233,165.553,20.5,82.57142857,15,49.83870968,FALSE,null,Colombo International Tea Convention,TRUE,Colombo,26.9,12.8,87.25,15.5
5/22/2012,1839,3327.776124,7.542913732,110.8221739,129.61,4.09,2.32,203.679,165.942,20.49,83.14285714,15,49.58064516,FALSE,null,Colombo International Tea Convention,TRUE,Colombo,26.9,9.1,84.70833333,18.4
5/23/2012,1839,3327.776124,7.542913732,110.8221739,129.81,4.095,2.344,204.078,164.32,20.52,83.71428571,15,49.32258065,FALSE,null,null,FALSE,Colombo,27,7,88,15.7
5/24/2012,1839,3327.776124,7.542913732,110.8221739,130.21,4.072,2.361,204.705,163.373,20.6,84.28571429,15,49.06451613,FALSE,null,null,FALSE,Colombo,26.6,9.9,87.95833333,17.8
5/25/2012,1839,3327.776124,7.542913732,110.8221739,130.71,4.073,2.378,205.82,163.244,20.68,84.85714286,15,48.80645161,FALSE,null,null,FALSE,Colombo,26.2,13.3,88.41666667,20.3
5/26/2012,1931,3327.776124,7.542913732,110.8221739,null,null,null,null,null,null,85.42857143,15,48.5483871,FALSE,null,null,FALSE,Colombo,25.7,14.7,89.41666667,18.2
5/27/2012,2023,3327.776124,7.542913732,110.8221739,null,null,null,null,null,null,86,15,48.29032258,FALSE,null,null,FALSE,Colombo,26.2,8.1,88.70833333,19.5
5/28/2012,1747,3327.776124,7.542913732,110.8221739,131.25,4.071,2.364,205.702,163.61,20.72,85.71428571,15,48.03225806,FALSE,null,null,FALSE,Colombo,26.8,7.3,88.29166667,18.2
5/29/2012,1839,3327.776124,7.542913732,110.8221739,131.51,4.013,2.343,203.597,164.614,20.68,85.42857143,15,47.77419355,FALSE,null,null,FALSE,Colombo,27,3.4,84.95833333,19.8
5/30/2012,1839,3327.776124,7.542913732,110.8221739,131.51,3.945,2.347,202.585,164.375,20.65,85.14285714,15,47.51612903,FALSE,null,null,FALSE,Colombo,27.4,4.2,83.58333333,20.8
5/31/2012,1839,3327.776124,7.542913732,110.8221739,131.51,3.878,2.35,200.503,162.685,20.49,84.85714286,15,47.25806452,FALSE,null,null,FALSE,Colombo,27.2,4.8,85.79166667,23.3
6/1/2012,1896,3327.776124,7.542913732,95.88904762,130.51,3.884,2.336,199.962,162.527,20.43,84.57142857,22,47,FALSE,null,null,FALSE,Colombo,26.8,9.6,88.04166667,16.7
6/2/2012,1991,3327.776124,7.542913732,95.88904762,null,null,null,null,null,null,84.28571429,22,46.86666667,FALSE,null,null,FALSE,Colombo,27.4,3.8,88.5,17.9
6/3/2012,2086,3327.776124,7.542913732,95.88904762,null,null,null,null,null,null,84,22,46.73333333,FALSE,null,null,FALSE,Colombo,26.4,16.8,88.70833333,19.9
6/4/2012,1801,3327.776124,7.542913732,95.88904762,130.01,3.93,2.34,199.981,162.283,20.42,82.71428571,22,46.6,TRUE,Poson Full Moon Poya Day,null,FALSE,Colombo,26.6,12.3,88.41666667,16.3
6/5/2012,1896,3327.776124,7.542913732,95.88904762,130.01,4.019,2.352,201.412,162.481,20.43,81.42857143,22,46.46666667,FALSE,null,null,FALSE,Colombo,26.3,13.6,89,15.5
6/6/2012,1896,3327.776124,7.542913732,95.88904762,130.01,4.025,2.365,201.861,161.914,20.43,80.14285714,22,46.33333333,FALSE,null,null,FALSE,Colombo,26.2,17,88.75,20.5
6/7/2012,1896,3327.776124,7.542913732,95.88904762,130.01,4.007,2.346,201.178,163.448,20.41,78.85714286,22,46.2,FALSE,null,null,FALSE,Colombo,26.9,5.5,88.83333333,17
6/8/2012,1896,3327.776124,7.542913732,95.88904762,130.01,4.043,2.366,204.035,163.286,20.69,77.57142857,22,46.06666667,FALSE,null,null,FALSE,Colombo,27.4,4,86.54166667,17.7
6/9/2012,1991,3327.776124,7.542913732,95.88904762,null,null,null,null,null,null,76.28571429,22,45.93333333,FALSE,null,null,FALSE,Colombo,27.7,4.7,85.45833333,16.3
6/10/2012,2086,3327.776124,7.542913732,95.88904762,null,null,null,null,null,null,75,22,45.8,FALSE,null,null,FALSE,Colombo,27.8,6,82.04166667,22.3
6/11/2012,1801,3327.776124,7.542913732,95.88904762,131.81,4.011,2.371,206.08,162.74,20.77,75.71428571,22,45.66666667,FALSE,null,null,FALSE,Colombo,27.5,4,82.625,18.9
6/12/2012,1896,3327.776124,7.542913732,95.88904762,132.31,4.064,2.375,204.699,164.401,20.73,76.42857143,22,45.53333333,FALSE,null,null,FALSE,Colombo,26.5,3.1,86.875,16.8
6/13/2012,1896,3327.776124,7.542913732,95.88904762,132,4.065,2.366,205.037,165.546,20.69,77.14285714,22,45.4,FALSE,null,null,FALSE,Colombo,25.6,11.3,89.875,16.1
6/14/2012,1896,3327.776124,7.542913732,95.88904762,131.81,4.062,2.374,206.7,165.819,20.66,77.85714286,22,45.26666667,FALSE,null,null,FALSE,Colombo,25.5,15.8,89.79166667,17.9
6/15/2012,1896,3327.776124,7.542913732,95.88904762,131.51,4.073,2.365,206.86,166.516,20.77,78.57142857,22,45.13333333,FALSE,null,null,FALSE,Colombo,26.7,4.9,86.33333333,16.9
6/16/2012,1994,3327.776124,7.542913732,95.88904762,null,null,null,null,null,null,79.28571429,22,45,FALSE,null,null,FALSE,Colombo,26.9,1,87.41666667,18.4
6/17/2012,2086,3327.776124,7.542913732,95.88904762,null,null,null,null,null,null,80,22,44.86666667,FALSE,null,null,FALSE,Colombo,26.6,2.8,87.125,18.9
6/18/2012,1801,3327.776124,7.542913732,95.88904762,132.01,4.092,2.371,208.359,166.202,20.85,79.71428571,22,44.73333333,FALSE,null,null,FALSE,Colombo,27,1.3,86.125,20.6
6/19/2012,1896,3327.776124,7.542913732,95.88904762,132.51,4.08,2.367,208.786,166.055,20.9,79.42857143,22,44.6,FALSE,null,null,FALSE,Colombo,26.9,2.3,85.125,20
6/20/2012,1896,3327.776124,7.542913732,95.88904762,132.9,4.002,2.361,207.055,168.115,20.86,79.14285714,22,44.46666667,FALSE,null,null,FALSE,Colombo,26,6.5,88,17.4
6/21/2012,1896,3327.776124,7.542913732,95.88904762,132.8,4.005,2.328,207.363,168.843,20.9,78.85714286,22,44.33333333,FALSE,null,null,FALSE,Colombo,26,2.8,89,16.3
6/22/2012,1896,3327.776124,7.542913732,95.88904762,133.01,4.017,2.344,207.887,166.571,20.98,78.57142857,22,44.2,FALSE,null,null,FALSE,Colombo,26.2,2.8,88,16.3
6/23/2012,1991,3327.776124,7.542913732,95.88904762,null,null,null,null,null,null,78.28571429,22,44.06666667,FALSE,null,null,FALSE,Colombo,26.2,3.5,88.5,15.6
6/24/2012,2086,3327.776124,7.542913732,95.88904762,null,null,null,null,null,null,78,22,43.93333333,FALSE,null,null,FALSE,Colombo,26.4,2.4,88.125,14.5
6/25/2012,1801,3327.776124,7.542913732,95.88904762,133.5,4.07,2.351,209.393,167.194,21.04,78.42857143,22,43.8,FALSE,null,null,FALSE,Colombo,25.8,3.1,88.58333333,15.9
6/26/2012,1896,3327.776124,7.542913732,95.88904762,133.9,4.042,2.343,207.563,166.935,20.97,78.85714286,22,43.66666667,FALSE,null,null,FALSE,Colombo,26,3.6,86.79166667,16.3
6/27/2012,1896,3327.776124,7.542913732,95.88904762,133.31,4.044,2.358,207.895,167.255,21.08,79.28571429,22,43.53333333,FALSE,null,null,FALSE,Colombo,26,9.3,86.25,18.6
6/28/2012,1896,3327.776124,7.542913732,95.88904762,134,4.114,2.401,209.332,166.251,20.97,79.71428571,22,43.4,FALSE,null,null,FALSE,Colombo,25.9,9.9,88,17.2
6/29/2012,1896,3327.776124,7.542913732,95.88904762,133.26,4.089,2.405,209.099,166.676,20.98,80.14285714,22,43.26666667,FALSE,null,null,FALSE,Colombo,26.6,2,86.625,18.9
6/30/2012,1991,3327.776124,7.542913732,95.88904762,null,null,null,null,null,null,80.57142857,22,43.13333333,FALSE,null,null,FALSE,Colombo,26.3,16.2,87.54166667,17
7/1/2012,3366,3327.776124,7.542913732,102.9795455,null,null,null,null,null,null,81,23,43,FALSE,null,null,FALSE,Colombo,25.7,18.2,89.75,20.9
7/2/2012,2907,3327.776124,7.542913732,102.9795455,133.21,4.134,2.457,208.987,168.707,20.97,80.71428571,23,43.06451613,FALSE,null,null,FALSE,Colombo,25.6,21.1,89.79166667,20.9
7/3/2012,3060,3327.776124,7.542913732,102.9795455,133.21,4.138,2.453,208.662,167.639,21.08,80.42857143,23,43.12903226,TRUE,Esala Full Moon Poya Day,null,FALSE,Colombo,26,6.6,88.95833333,18.7
7/4/2012,3060,3327.776124,7.542913732,102.9795455,133.8,4.117,2.435,207.782,167.938,21.06,80.14285714,23,43.19354839,FALSE,null,null,FALSE,Colombo,26.2,8.3,86,19
7/5/2012,3060,3327.776124,7.542913732,102.9795455,133.85,4.06,2.409,206.714,167.584,20.97,79.85714286,23,43.25806452,FALSE,null,null,FALSE,Colombo,26.4,9.1,83.875,20.1
7/6/2012,3060,3327.776124,7.542913732,102.9795455,133.45,4.04,2.386,206.913,165.867,20.92,79.57142857,23,43.32258065,FALSE,null,null,FALSE,Colombo,26.2,7.5,87.45833333,15
7/7/2012,3213,3327.776124,7.542913732,102.9795455,null,null,null,null,null,null,79.28571429,23,43.38709677,FALSE,null,null,FALSE,Colombo,25.9,11.8,89,17.9
7/8/2012,3366,3327.776124,7.542913732,102.9795455,null,null,null,null,null,null,79,23,43.4516129,FALSE,null,null,FALSE,Colombo,26,19.2,87.45833333,17.7
7/9/2012,2907,3327.776124,7.542913732,102.9795455,133.26,4.066,2.414,207.527,163.99,21.01,79.57142857,23,43.51612903,FALSE,null,null,FALSE,Colombo,25.8,29.5,89.20833333,23.4
7/10/2012,3060,3327.776124,7.542913732,102.9795455,133.75,4.082,2.404,206.994,164.156,20.96,80.14285714,23,43.58064516,FALSE,null,null,FALSE,Colombo,26.4,15.6,85.66666667,17.4
7/11/2012,3060,3327.776124,7.542913732,102.9795455,133.51,4.078,2.391,205.906,163.877,20.95,80.71428571,23,43.64516129,FALSE,null,null,FALSE,Colombo,27,5.8,83.08333333,21.2
7/12/2012,3060,3327.776124,7.542913732,102.9795455,133.51,4.115,2.43,208.712,163.41,21.01,81.28571429,23,43.70967742,FALSE,null,null,FALSE,Colombo,27.5,1.9,81.79166667,16.7
7/13/2012,3060,3327.776124,7.542913732,102.9795455,134,4.104,2.425,208.703,162.882,20.93,81.85714286,23,43.77419355,FALSE,null,null,FALSE,Colombo,27.3,2.6,82.5,21.3
7/14/2012,3213,3327.776124,7.542913732,102.9795455,null,null,null,null,null,null,82.42857143,23,43.83870968,FALSE,null,null,FALSE,Colombo,26.8,11.3,86.08333333,16.9
7/15/2012,3366,3327.776124,7.542913732,102.9795455,null,null,null,null,null,null,83,23,43.90322581,FALSE,null,null,FALSE,Colombo,27,1.8,84.83333333,16.7
7/16/2012,2901,3327.776124,7.542913732,102.9795455,133.51,4.127,2.426,208.944,164.17,20.95,82.85714286,23,43.96774194,FALSE,null,null,FALSE,Colombo,26.9,3.2,84.41666667,17.6
7/17/2012,3060,3327.776124,7.542913732,102.9795455,133.51,4.142,2.413,208.983,163.817,20.96,82.71428571,23,44.03225806,FALSE,null,null,FALSE,Colombo,26.7,4.3,85.5,14.3
7/18/2012,3060,3327.776124,7.542913732,102.9795455,133.51,4.163,2.402,208.332,164.097,20.79,82.57142857,23,44.09677419,FALSE,null,null,FALSE,Colombo,26.3,4.6,86.04166667,14.1
7/19/2012,3060,3327.776124,7.542913732,102.9795455,132.51,4.094,2.373,205.035,164.004,20.59,82.42857143,23,44.16129032,FALSE,null,null,FALSE,Colombo,27,0.9,81.95833333,20.1
7/20/2012,3060,3327.776124,7.542913732,102.9795455,131.26,4.006,2.34,202.968,162.715,20.49,82.28571429,23,44.22580645,FALSE,null,null,FALSE,Colombo,27,1.8,83.20833333,22
7/21/2012,3213,3327.776124,7.542913732,102.9795455,null,null,null,null,null,null,82.14285714,23,44.29032258,FALSE,null,null,FALSE,Colombo,26.8,2.6,85.33333333,18.9
7/22/2012,3366,3327.776124,7.542913732,102.9795455,null,null,null,null,null,null,82,23,44.35483871,FALSE,null,null,FALSE,Colombo,27,1.1,85.33333333,19.5
7/23/2012,2907,3327.776124,7.542913732,102.9795455,130.85,3.956,2.32,202.052,159.56,20.41,81.57142857,23,44.41935484,FALSE,null,null,FALSE,Colombo,26.5,7.3,85.54166667,20
7/24/2012,3060,3327.776124,7.542913732,102.9795455,130.31,4.011,2.338,202.972,158.609,20.51,81.14285714,23,44.48387097,FALSE,null,null,FALSE,Colombo,26.8,2.8,86.16666667,17.3
7/25/2012,3060,3327.776124,7.542913732,102.9795455,131,4.053,2.363,205.762,157.206,20.54,80.71428571,23,44.5483871,FALSE,null,null,FALSE,Colombo,26.5,3.8,86.70833333,18
7/26/2012,3060,3327.776124,7.542913732,102.9795455,131.15,4.121,2.389,207.88,159.178,20.69,80.28571429,23,44.61290323,FALSE,null,null,FALSE,Colombo,27,1.1,85.66666667,17.6
7/27/2012,3060,3327.776124,7.542913732,102.9795455,132,4.098,2.378,207.13,161.065,20.67,79.85714286,23,44.67741935,FALSE,null,null,FALSE,Colombo,26.9,0.6,83.91666667,16.6
7/28/2012,3213,3327.776124,7.542913732,102.9795455,null,null,null,null,null,null,79.42857143,23,44.74193548,FALSE,null,null,FALSE,Colombo,26.8,1.9,87.08333333,16.3
7/29/2012,3366,3327.776124,7.542913732,102.9795455,null,null,null,null,null,null,79,23,44.80645161,FALSE,null,null,FALSE,Colombo,26.4,2.7,89.04166667,14.7
7/30/2012,2907,3327.776124,7.542913732,102.9795455,131.85,4.093,2.373,206.682,162.657,20.72,80,23,44.87096774,FALSE,null,null,FALSE,Colombo,26.7,1.4,87.375,12.3
7/31/2012,3060,3327.776124,7.542913732,102.9795455,131.85,4.069,2.377,204.862,161.654,20.7,81,23,44.93548387,FALSE,null,null,FALSE,Colombo,27.2,0.8,81.66666667,16.3
8/1/2012,2911,3327.776124,7.542913732,113.7804348,131.85,4.037,2.361,204.572,162.202,20.71,82,23,45,TRUE,Nikini Full Moon Poya Day,null,FALSE,Colombo,26.7,3.5,83.54166667,16.8
8/2/2012,2911,3327.776124,7.542913732,113.7804348,131.85,4.125,2.367,206.416,161.24,20.71,83,23,45.19354839,FALSE,null,null,FALSE,Colombo,26.9,2.2,82.91666667,18.7
8/3/2012,2911,3327.776124,7.542913732,113.7804348,131.95,4.181,2.375,205.721,160.639,20.69,84,23,45.38709677,FALSE,null,null,FALSE,Colombo,27,3.1,81,19.9
8/4/2012,3057,3327.776124,7.542913732,113.7804348,null,null,null,null,null,null,85,23,45.58064516,FALSE,null,null,FALSE,Colombo,26.9,1.3,83.29166667,17.7
8/5/2012,3203,3327.776124,7.542913732,113.7804348,null,null,null,null,null,null,86,23,45.77419355,FALSE,null,null,FALSE,Colombo,26.6,2.3,86.66666667,15.1
8/6/2012,2766,3327.776124,7.542913732,113.7804348,131.885,4.183,2.396,206.086,163.466,20.73,86.14285714,23,45.96774194,FALSE,null,null,FALSE,Colombo,26.1,5,88,15.6
8/7/2012,2911,3327.776124,7.542913732,113.7804348,131.95,4.174,2.381,206.081,163.511,20.69,86.28571429,23,46.16129032,FALSE,null,null,FALSE,Colombo,26.3,3.5,88.66666667,16.4
8/8/2012,2911,3327.776124,7.542913732,113.7804348,131.635,4.162,2.392,206.389,163.565,20.75,86.42857143,23,46.35483871,FALSE,null,null,FALSE,Colombo,26.6,1.2,86.79166667,13.8
8/9/2012,2911,3327.776124,7.542913732,113.7804348,131.975,4.144,2.386,206.958,162.727,20.74,86.57142857,23,46.5483871,FALSE,null,null,FALSE,Colombo,27,3.5,83.875,17.4
8/10/2012,2911,3327.776124,7.542913732,113.7804348,131.9,4.141,2.384,206.944,162.395,20.74,86.71428571,23,46.74193548,FALSE,null,null,FALSE,Colombo,26.3,7.9,87.375,17.4
8/11/2012,3057,3327.776124,7.542913732,113.7804348,null,null,null,null,null,null,86.85714286,23,46.93548387,FALSE,null,null,FALSE,Colombo,25.3,25.4,90.45833333,16.6
8/12/2012,3203,3327.776124,7.542913732,113.7804348,null,null,null,null,null,null,87,23,47.12903226,FALSE,null,null,FALSE,Colombo,25.6,9.7,89,14.5
8/13/2012,2766,3327.776124,7.542913732,113.7804348,131.95,4.144,2.373,206.878,162.138,20.75,87,23,47.32258065,FALSE,null,null,FALSE,Colombo,25.9,6.6,89.08333333,11.8
8/14/2012,2911,3327.776124,7.542913732,113.7804348,131.95,4.142,2.377,207.003,162.728,20.75,87,23,47.51612903,FALSE,null,null,FALSE,Colombo,26.2,4.9,86.95833333,15.4
8/15/2012,2911,3327.776124,7.542913732,113.7804348,132,4.143,2.373,207.735,162.562,20.74,87,23,47.70967742,FALSE,null,null,FALSE,Colombo,26.1,8.8,88.16666667,16
8/16/2012,2916,3327.776124,7.542913732,113.7804348,132,4.132,2.375,207.783,162.215,20.82,87,23,47.90322581,FALSE,null,null,FALSE,Colombo,26,19.2,88.33333333,15.5
8/17/2012,2911,3327.776124,7.542913732,113.7804348,132.375,4.126,2.383,207.765,163.086,20.8,87,23,48.09677419,FALSE,null,null,FALSE,Colombo,26,18.6,85.58333333,22.1
8/18/2012,3057,3327.776124,7.542913732,113.7804348,null,null,null,null,null,null,87,23,48.29032258,FALSE,null,null,FALSE,Colombo,26.6,9.3,83.41666667,22.4
8/19/2012,3203,3327.776124,7.542913732,113.7804348,null,null,null,null,null,null,87,23,48.48387097,TRUE,Eid al-Fitr,null,FALSE,Colombo,27.1,2,82.16666667,20.5
8/20/2012,2766,3327.776124,7.542913732,113.7804348,132.25,4.156,2.384,208.339,163.285,20.77,87.42857143,23,48.67741935,FALSE,null,null,FALSE,Colombo,27,1.9,84.70833333,15.6
8/21/2012,2911,3327.776124,7.542913732,113.7804348,132.01,4.164,2.385,210.152,163.302,20.84,87.85714286,23,48.87096774,FALSE,null,null,FALSE,Colombo,25.7,3,89.33333333,10.9
8/22/2012,2911,3327.776124,7.542913732,113.7804348,132.35,4.176,2.395,209.907,164.623,20.83,88.28571429,23,49.06451613,FALSE,null,null,FALSE,Colombo,26,2.5,86.33333333,13
8/23/2012,2911,3327.776124,7.542913732,113.7804348,132.35,4.157,2.383,209.068,165.775,20.81,88.71428571,23,49.25806452,FALSE,null,null,FALSE,Colombo,26,5.8,87.04166667,13
8/24/2012,2911,3327.776124,7.542913732,113.7804348,132.25,4.154,2.379,209.217,166.258,20.84,89.14285714,23,49.4516129,FALSE,null,null,FALSE,Colombo,25.2,13.7,89.5,15.5
8/25/2012,3057,3327.776124,7.542913732,113.7804348,null,null,null,null,null,null,89.57142857,23,49.64516129,FALSE,null,null,FALSE,Colombo,25.8,27.5,88.66666667,18.7
8/26/2012,3203,3327.776124,7.542913732,113.7804348,null,null,null,null,null,null,90,23,49.83870968,FALSE,null,null,FALSE,Colombo,26.5,10,85.70833333,20
8/27/2012,2766,3327.776124,7.542913732,113.7804348,132.5,4.137,2.378,209.371,165.478,20.83,88.85714286,23,50.03225806,FALSE,null,null,FALSE,Colombo,26.8,6.9,82.375,21.3
8/28/2012,2911,3327.776124,7.542913732,113.7804348,132.35,4.109,2.376,209.517,165.618,20.84,87.71428571,23,50.22580645,FALSE,null,null,FALSE,Colombo,26.7,5.7,85.875,16.2
8/29/2012,2911,3327.776124,7.542913732,113.7804348,132.35,4.066,2.379,208.961,166.291,20.85,86.57142857,23,50.41935484,FALSE,null,null,FALSE,Colombo,25.7,23,88.70833333,20
8/30/2012,2911,3327.776124,7.542913732,113.7804348,132.375,4.105,2.384,210.046,165.841,20.85,85.42857143,23,50.61290323,FALSE,null,null,FALSE,Colombo,25.4,22.3,89.95833333,17.9
8/31/2012,2911,3327.776124,7.542913732,113.7804348,132.375,4.097,2.383,210.185,165.568,20.87,84.28571429,23,50.80645161,TRUE,Adhi Binara Full Moon Poya Day,null,FALSE,Colombo,26.3,6.1,87.125,12.5
9/1/2012,2481,3327.776124,7.542913732,113.6415,null,null,null,null,null,null,83.14285714,18,51,FALSE,null,null,FALSE,Colombo,26,5.6,87.91666667,11.5
9/2/2012,2599,3327.776124,7.542913732,113.6415,null,null,null,null,null,null,82,18,51.06666667,FALSE,null,null,FALSE,Colombo,26.4,6.6,87.70833333,15.1
9/3/2012,2244,3327.776124,7.542913732,113.6415,132.325,4.097,2.379,210.053,166.528,20.85,81.28571429,18,51.13333333,FALSE,null,null,FALSE,Colombo,25.8,16.1,89.70833333,15.7
9/4/2012,2362,3327.776124,7.542913732,113.6415,132.325,4.098,2.367,210.45,166.597,20.84,80.57142857,18,51.2,FALSE,null,null,FALSE,Colombo,25.7,19.3,88.79166667,19.5
9/5/2012,2362,3327.776124,7.542913732,113.6415,132.325,4.143,2.379,210.953,166.279,20.87,79.85714286,18,51.26666667,FALSE,null,null,FALSE,Colombo,26.8,1,84.45833333,14.9
9/6/2012,2362,3327.776124,7.542913732,113.6415,132.4,4.181,2.391,211.886,166.776,20.87,79.14285714,18,51.33333333,FALSE,null,null,FALSE,Colombo,26.2,5.5,88.66666667,12.8
9/7/2012,2362,3327.776124,7.542913732,113.6415,132.375,4.176,2.386,211.535,167.255,20.87,78.42857143,18,51.4,FALSE,null,null,FALSE,Colombo,25.7,13.9,89.16666667,11.7
9/8/2012,2481,3327.776124,7.542913732,113.6415,null,null,null,null,null,null,77.71428571,18,51.46666667,FALSE,null,null,FALSE,Colombo,26.1,9.5,88.41666667,13.7
9/9/2012,2599,3327.776124,7.542913732,113.6415,null,null,null,null,null,null,77,18,51.53333333,FALSE,null,null,FALSE,Colombo,26,9.4,87.70833333,16.8
9/10/2012,2244,3327.776124,7.542913732,113.6415,132.3,4.195,2.395,212.647,169.698,20.89,76.14285714,18,51.6,FALSE,null,null,FALSE,Colombo,26.3,22.9,85.83333333,20.6
9/11/2012,2362,3327.776124,7.542913732,113.6415,132.325,4.193,2.389,212.445,168.762,20.85,75.28571429,18,51.66666667,FALSE,null,null,FALSE,Colombo,26,12.8,89.375,14.4
9/12/2012,2362,3327.776124,7.542913732,113.6415,131.9,4.243,2.382,212.912,170.07,20.83,74.42857143,18,51.73333333,FALSE,null,null,FALSE,Colombo,26.4,5.8,87.79166667,14.7
9/13/2012,2362,3327.776124,7.542913732,113.6415,131.85,4.331,2.433,214.207,170.151,20.92,73.57142857,18,51.8,FALSE,null,null,FALSE,Colombo,26.1,3.2,91.16666667,11.6
9/14/2012,2362,3327.776124,7.542913732,113.6415,132.1,4.314,2.452,214.744,171.207,20.92,72.71428571,18,51.86666667,FALSE,null,null,FALSE,Colombo,26.4,2.8,87.66666667,15.6
9/15/2012,2481,3327.776124,7.542913732,113.6415,null,null,null,null,null,null,71.85714286,18,51.93333333,FALSE,null,null,FALSE,Colombo,26.3,5.8,86.125,17.2
9/16/2012,2603,3327.776124,7.542913732,113.6415,null,null,null,null,null,null,71,18,52,FALSE,null,null,FALSE,Colombo,26.7,3,85.66666667,13.9
9/17/2012,2244,3327.776124,7.542913732,113.6415,132.15,4.268,2.448,214.307,173.428,20.88,70.85714286,18,52.06666667,FALSE,null,null,FALSE,Colombo,26.5,9.7,86.95833333,15.5
9/18/2012,2362,3327.776124,7.542913732,113.6415,131.95,4.222,2.438,213.651,173.328,20.87,70.71428571,18,52.13333333,FALSE,null,"ICC World Twenty20 (Sri Lanka, Cricket)",TRUE,Colombo,26.4,5.4,86.625,14.3
9/19/2012,2362,3327.776124,7.542913732,113.6415,131.7,4.213,2.425,213.403,172.109,20.88,70.57142857,18,52.2,FALSE,null,"ICC World Twenty20 (Sri Lanka, Cricket)",TRUE,Colombo,26.6,2.3,84.5,13.2
9/20/2012,2362,3327.776124,7.542913732,113.6415,131.6,4.231,2.461,213.188,171.835,20.83,70.42857143,18,52.26666667,FALSE,null,"ICC World Twenty20 (Sri Lanka, Cricket)",TRUE,Colombo,25.9,15.8,89.33333333,15.7
9/21/2012,2362,3327.776124,7.542913732,113.6415,131.35,4.212,2.454,212.752,170.646,20.79,70.28571429,18,52.33333333,FALSE,null,"ICC World Twenty20 (Sri Lanka, Cricket)",TRUE,Colombo,26.4,2.5,85,16.8
9/22/2012,2481,3327.776124,7.542913732,113.6415,null,null,null,null,null,null,70.14285714,18,52.4,FALSE,null,"ICC World Twenty20 (Sri Lanka, Cricket)",TRUE,Colombo,25.7,20,88.5,17.2
9/23/2012,2599,3327.776124,7.542913732,113.6415,null,null,null,null,null,null,70,18,52.46666667,FALSE,null,"ICC World Twenty20 (Sri Lanka, Cricket)",TRUE,Colombo,25.9,5.9,87.58333333,16.6
9/24/2012,2244,3327.776124,7.542913732,113.6415,131.15,4.201,2.455,212.123,170.447,20.78,70.28571429,18,52.53333333,FALSE,null,"ICC World Twenty20 (Sri Lanka, Cricket)",TRUE,Colombo,25.2,25,89.91666667,15.6
9/25/2012,2362,3327.776124,7.542913732,113.6415,131.025,4.182,2.444,211.696,169.59,20.79,70.57142857,18,52.6,FALSE,null,"ICC World Twenty20 (Sri Lanka, Cricket)",TRUE,Colombo,26.5,4.1,84.08333333,15.5
9/26/2012,2362,3327.776124,7.542913732,113.6415,131,4.183,2.449,210.425,169.029,20.56,70.85714286,18,52.66666667,FALSE,null,"ICC World Twenty20 (Sri Lanka, Cricket)",TRUE,Colombo,27.2,1.7,78.25,18
9/27/2012,2362,3327.776124,7.542913732,113.6415,129.6,4.15,2.449,209.235,168.597,20.59,71.14285714,18,52.73333333,FALSE,null,"ICC World Twenty20 (Sri Lanka, Cricket)",TRUE,Colombo,27.1,0.4,79.5,15.9
9/28/2012,2362,3327.776124,7.542913732,113.6415,129.425,4.138,2.465,208.264,167.385,20.54,71.42857143,18,52.8,FALSE,null,"ICC World Twenty20 (Sri Lanka, Cricket)",TRUE,Colombo,27.1,2,80.91666667,18.9
9/29/2012,2481,3327.776124,7.542913732,113.6415,null,null,null,null,null,null,71.71428571,18,52.86666667,TRUE,Binara Full Moon Poya Day,"ICC World Twenty20 (Sri Lanka, Cricket)",TRUE,Colombo,27.3,0.8,79.625,17.7
9/30/2012,2599,3327.776124,7.542913732,113.6415,null,null,null,null,null,null,72,18,52.93333333,FALSE,null,"ICC World Twenty20 (Sri Lanka, Cricket)",TRUE,Colombo,27.1,1.2,82.79166667,16.4
10/1/2012,2187,3327.776124,7.542913732,111.7926087,129.1,4.151,2.466,208.607,166.388,20.57,73.42857143,33,53,FALSE,null,"ICC World Twenty20 (Sri Lanka, Cricket)",TRUE,Colombo,26.7,2.2,87.16666667,12.6
10/2/2012,2302,3327.776124,7.542913732,111.7926087,129.3,4.152,2.477,207.964,166.377,20.59,74.85714286,33,52.83870968,FALSE,null,"ICC World Twenty20 (Sri Lanka, Cricket)",TRUE,Colombo,27.1,0.1,80.625,13.2
10/3/2012,2302,3327.776124,7.542913732,111.7926087,129.375,4.166,2.493,208.948,167.03,20.53,76.28571429,33,52.67741935,FALSE,null,"ICC World Twenty20 (Sri Lanka, Cricket)",TRUE,Colombo,27,1,81.04166667,15.1
10/4/2012,2302,3327.776124,7.542913732,111.7926087,129,4.141,2.473,207.154,166.998,20.43,77.71428571,33,52.51612903,FALSE,null,"ICC World Twenty20 (Sri Lanka, Cricket)",TRUE,Colombo,27.1,1,80.375,14.7
10/5/2012,2302,3327.776124,7.542913732,111.7926087,128.4,4.116,2.443,205.624,167.964,20.41,79.14285714,33,52.35483871,FALSE,null,"ICC World Twenty20 (Sri Lanka, Cricket)",TRUE,Colombo,27,0,78.25,13.6
10/6/2012,2417,3327.776124,7.542913732,111.7926087,null,null,null,null,null,null,80.57142857,33,52.19354839,FALSE,null,"ICC World Twenty20 (Sri Lanka, Cricket)",TRUE,Colombo,26.9,0.1,80.95833333,14.3
10/7/2012,2532,3327.776124,7.542913732,111.7926087,null,null,null,null,null,null,82,33,52.03225806,FALSE,null,"ICC World Twenty20 (Sri Lanka, Cricket)",TRUE,Colombo,26.4,5.6,87.5,13.6
10/8/2012,2187,3327.776124,7.542913732,111.7926087,128.35,4.119,2.436,205.32,167.356,20.41,81.57142857,33,51.87096774,FALSE,null,null,FALSE,Colombo,26.7,2.6,83.20833333,14.5
10/9/2012,2302,3327.776124,7.542913732,111.7926087,128.325,4.124,2.421,205.52,166.425,20.44,81.14285714,33,51.70967742,FALSE,null,null,FALSE,Colombo,26,11,89,13.6
10/10/2012,2302,3327.776124,7.542913732,111.7926087,128.45,4.136,2.438,206.057,165.263,20.46,80.71428571,33,51.5483871,FALSE,null,null,FALSE,Colombo,26.4,8.1,86.25,12.5
10/11/2012,2302,3327.776124,7.542913732,111.7926087,128.4,4.129,2.432,206.445,165.232,20.5,80.28571429,33,51.38709677,FALSE,null,null,FALSE,Colombo,26.5,3.5,84.875,11.5
10/12/2012,2302,3327.776124,7.542913732,111.7926087,128.45,4.142,2.424,206.426,166.021,20.49,79.85714286,33,51.22580645,FALSE,null,null,FALSE,Colombo,26.5,7.4,87,12.5
10/13/2012,2417,3327.776124,7.542913732,111.7926087,null,null,null,null,null,null,79.42857143,33,51.06451613,FALSE,null,null,FALSE,Colombo,26.6,6.3,82.95833333,17.6
10/14/2012,2532,3327.776124,7.542913732,111.7926087,null,null,null,null,null,null,79,33,50.90322581,FALSE,null,null,FALSE,Colombo,26.5,7.3,84.66666667,18.6
10/15/2012,2187,3327.776124,7.542913732,111.7926087,128.45,4.175,2.435,207.51,166.401,20.55,80.14285714,33,50.74193548,FALSE,null,null,FALSE,Colombo,25.3,21.5,90.625,12.8
10/16/2012,2307,3327.776124,7.542913732,111.7926087,128.7,4.185,2.436,207.859,166.285,20.58,81.28571429,33,50.58064516,FALSE,null,null,FALSE,Colombo,25.6,10,85.16666667,11.6
10/17/2012,2302,3327.776124,7.542913732,111.7926087,128.725,4.185,2.405,206.801,168.333,20.62,82.42857143,33,50.41935484,FALSE,null,null,FALSE,Colombo,25,14.4,91.91666667,9.5
10/18/2012,2302,3327.776124,7.542913732,111.7926087,128.9,4.177,2.396,206.511,168.874,20.63,83.57142857,33,50.25806452,FALSE,null,null,FALSE,Colombo,25.5,18.7,88,8
10/19/2012,2302,3327.776124,7.542913732,111.7926087,129.025,4.17,2.422,207.695,168.427,20.74,84.71428571,33,50.09677419,FALSE,null,null,FALSE,Colombo,25,19.4,88.125,8.4
10/20/2012,2417,3327.776124,7.542913732,111.7926087,null,null,null,null,null,null,85.85714286,33,49.93548387,FALSE,null,null,FALSE,Colombo,25.7,11.4,88,11.9
10/21/2012,2532,3327.776124,7.542913732,111.7926087,null,null,null,null,null,null,87,33,49.77419355,FALSE,null,null,FALSE,Colombo,26,19.2,87.29166667,10.1
10/22/2012,2187,3327.776124,7.542913732,111.7926087,129.7,4.139,2.418,207.249,168.049,20.79,86.28571429,33,49.61290323,FALSE,null,null,FALSE,Colombo,25.5,29.6,90.16666667,12
10/23/2012,2302,3327.776124,7.542913732,111.7926087,129.9,4.143,2.421,208.681,169.427,20.82,85.57142857,33,49.4516129,FALSE,null,null,FALSE,Colombo,25.6,15.3,90.04166667,13.4
10/24/2012,2302,3327.776124,7.542913732,111.7926087,130.1,4.145,2.427,209.573,168.668,20.83,84.85714286,33,49.29032258,FALSE,null,null,FALSE,Colombo,25.9,49.9,88.54166667,7.4
10/25/2012,2302,3327.776124,7.542913732,111.7926087,130,4.134,2.424,209.076,168.733,20.77,84.14285714,33,49.12903226,FALSE,null,null,FALSE,Colombo,26.2,8.2,89,11.6
10/26/2012,2302,3327.776124,7.542913732,111.7926087,129.8,4.123,2.4,208.141,168.155,20.79,83.42857143,33,48.96774194,FALSE,null,null,FALSE,Colombo,26.1,4.4,85.875,12.1
10/27/2012,2417,3327.776124,7.542913732,111.7926087,null,null,null,null,null,null,82.71428571,33,48.80645161,TRUE,Eid al-Adha,null,FALSE,Colombo,26.2,4,88,8.3
10/28/2012,2532,3327.776124,7.542913732,111.7926087,null,null,null,null,null,null,82,33,48.64516129,FALSE,null,null,FALSE,Colombo,25.5,69.9,91.5,12.7
10/29/2012,2187,3327.776124,7.542913732,111.7926087,129.8,4.147,2.412,209.197,168.033,20.86,81.57142857,33,48.48387097,TRUE,Vap Full Moon Poya Day,null,FALSE,Colombo,24.8,46.6,91.875,22.3
10/30/2012,2302,3327.776124,7.542913732,111.7926087,130.15,4.156,2.421,210.087,167.5,20.88,81.14285714,33,48.32258065,FALSE,null,null,FALSE,Colombo,25.7,7.6,85.95833333,21.5
10/31/2012,2302,3327.776124,7.542913732,111.7926087,130.25,4.156,2.423,209.674,168.681,20.83,80.71428571,33,48.16129032,FALSE,null,null,FALSE,Colombo,25,42.6,91.625,27.5
11/1/2012,3165,3327.776124,7.542913732,109.9118182,130.01,4.139,2.421,208.786,168.804,20.88,80.28571429,26,48,FALSE,null,null,FALSE,Colombo,24.8,36.8,91.66666667,20.4
11/2/2012,3165,3327.776124,7.542913732,109.9118182,130.3,4.129,2.389,208.407,168.272,20.89,79.85714286,26,47.86666667,FALSE,null,null,FALSE,Colombo,26,7.3,85.83333333,11.9
11/3/2012,3324,3327.776124,7.542913732,109.9118182,null,null,null,null,null,null,79.42857143,26,47.73333333,FALSE,null,null,FALSE,Colombo,26.1,4,88.875,11.9
11/4/2012,3482,3327.776124,7.542913732,109.9118182,null,null,null,null,null,null,79,26,47.6,FALSE,null,null,FALSE,Colombo,26.1,2.4,87.25,14.4
11/5/2012,3007,3327.776124,7.542913732,109.9118182,130.45,4.166,2.402,209.166,167.253,20.93,78.71428571,26,47.46666667,FALSE,null,null,FALSE,Colombo,26.4,0.7,83.20833333,12.4
11/6/2012,3165,3327.776124,7.542913732,109.9118182,130.7,4.143,2.414,209.203,166.853,20.96,78.42857143,26,47.33333333,FALSE,null,null,FALSE,Colombo,26.2,11.5,83.25,7.9
11/7/2012,3165,3327.776124,7.542913732,109.9118182,130.85,4.146,2.402,208.792,167.479,20.93,78.14285714,26,47.2,FALSE,null,null,FALSE,Colombo,25.7,14,87.41666667,10.7
11/8/2012,3165,3327.776124,7.542913732,109.9118182,130.65,4.143,2.396,207.959,167.102,20.94,77.85714286,26,47.06666667,FALSE,null,null,FALSE,Colombo,25.3,44.9,89.875,13.6
11/9/2012,3165,3327.776124,7.542913732,109.9118182,130.8,4.125,2.374,207.241,166.559,20.95,77.57142857,26,46.93333333,FALSE,null,null,FALSE,Colombo,25.8,21.1,88.33333333,9.1
11/10/2012,3324,3327.776124,7.542913732,109.9118182,null,null,null,null,null,null,77.28571429,26,46.8,FALSE,null,null,FALSE,Colombo,25.6,15,88.5,7.4
11/11/2012,3482,3327.776124,7.542913732,109.9118182,null,null,null,null,null,null,77,26,46.66666667,FALSE,null,null,FALSE,Colombo,25.9,7.7,84.70833333,13.3
11/12/2012,3007,3327.776124,7.542913732,109.9118182,130.5,4.11,2.372,207.117,166.279,20.96,76.85714286,26,46.53333333,FALSE,null,null,FALSE,Colombo,26.3,0.9,81.41666667,10.2
11/13/2012,3165,3327.776124,7.542913732,109.9118182,130.5,4.109,2.368,206.382,165.872,20.93,76.71428571,26,46.4,TRUE,Deepavali Festival Day,null,FALSE,Colombo,26.2,5.4,83.66666667,17.3
11/14/2012,3165,3327.776124,7.542913732,109.9118182,130.275,4.097,2.375,205.876,165.78,20.82,76.57142857,26,46.26666667,FALSE,null,null,FALSE,Colombo,26.2,1.9,83.20833333,17.9
11/15/2012,3165,3327.776124,7.542913732,109.9118182,129.8,4.098,2.356,206.458,165.945,20.84,76.42857143,26,46.13333333,FALSE,null,null,FALSE,Colombo,25.8,17.4,84,14.3
11/16/2012,3173,3327.776124,7.542913732,109.9118182,129.95,4.142,2.367,207.029,165.865,20.88,76.28571429,26,46,FALSE,null,null,FALSE,Colombo,24,28.2,80.375,18.9
11/17/2012,3324,3327.776124,7.542913732,109.9118182,null,null,null,null,null,null,76.14285714,26,45.86666667,FALSE,null,null,FALSE,Colombo,26.4,0,78.41666667,13.2
11/18/2012,3482,3327.776124,7.542913732,109.9118182,null,null,null,null,null,null,76,26,45.73333333,FALSE,null,null,FALSE,Colombo,26.1,0,81.45833333,11
11/19/2012,3007,3327.776124,7.542913732,109.9118182,130.15,4.162,2.365,207.49,165.55,20.91,75.28571429,26,45.6,FALSE,null,null,FALSE,Colombo,26.1,0,82.16666667,9.2
11/20/2012,3165,3327.776124,7.542913732,109.9118182,130.3,4.182,2.364,207.855,166.761,20.91,74.57142857,26,45.46666667,FALSE,null,null,FALSE,Colombo,26.4,0,81.91666667,9.2
11/21/2012,3165,3327.776124,7.542913732,109.9118182,130.3,4.18,2.365,207.856,167.012,20.93,73.85714286,26,45.33333333,FALSE,null,null,FALSE,Colombo,26.6,0.3,82.33333333,8
11/22/2012,3165,3327.776124,7.542913732,109.9118182,130.35,4.193,2.348,208.704,167.123,20.9,73.14285714,26,45.2,FALSE,null,null,FALSE,Colombo,27,1.4,82.625,6.5
11/23/2012,3165,3327.776124,7.542913732,109.9118182,130.2,4.198,2.339,208.598,167.962,20.91,72.42857143,26,45.06666667,FALSE,null,null,FALSE,Colombo,26.5,8.4,86.45833333,12.3
11/24/2012,3324,3327.776124,7.542913732,109.9118182,null,null,null,null,null,null,71.71428571,26,44.93333333,FALSE,null,null,FALSE,Colombo,25.4,40.5,89.45833333,10.7
11/25/2012,3482,3327.776124,7.542913732,109.9118182,null,null,null,null,null,null,71,26,44.8,FALSE,null,null,FALSE,Colombo,26,16.5,87.54166667,11.3
11/26/2012,3007,3327.776124,7.542913732,109.9118182,130.15,4.192,2.351,208.448,168.902,20.92,72,26,44.66666667,FALSE,null,null,FALSE,Colombo,25.9,10.3,87.70833333,7.8
11/27/2012,3165,3327.776124,7.542913732,109.9118182,130.15,4.186,2.336,208.422,168.805,20.9,73,26,44.53333333,TRUE,Il Full Moon Poya Day,null,FALSE,Colombo,25.6,26.4,89.29166667,8.2
11/28/2012,3165,3327.776124,7.542913732,109.9118182,130.15,4.223,2.382,209.056,168.368,20.93,74,26,44.4,FALSE,null,null,FALSE,Colombo,26.1,13.2,82.16666667,18.4
11/29/2012,3165,3327.776124,7.542913732,109.9118182,130.35,4.217,2.398,208.526,168.394,20.9,75,26,44.26666667,FALSE,null,null,FALSE,Colombo,26.1,0,77.29166667,15.3
11/30/2012,3165,3327.776124,7.542913732,109.9118182,130.15,4.191,2.368,208.285,169.142,20.79,76,26,44.13333333,FALSE,null,null,FALSE,Colombo,25.4,0,75.375,16.1
12/1/2012,4330,3327.776124,7.542913732,109.5690476,null,null,null,null,null,null,77,25,44,FALSE,null,null,FALSE,Colombo,25.5,0,72.125,11.2
12/2/2012,4537,3327.776124,7.542913732,109.5690476,null,null,null,null,null,null,78,25,44.4516129,FALSE,null,null,FALSE,Colombo,25.4,0,74.625,13.6
12/3/2012,3918,3327.776124,7.542913732,109.5690476,129.45,4.163,2.344,206.576,169.279,20.61,78.42857143,25,44.90322581,FALSE,null,null,FALSE,Colombo,25.3,0.4,82.91666667,11.5
12/4/2012,4124,3327.776124,7.542913732,109.5690476,128.3,4.182,2.363,206.985,168.945,20.67,78.85714286,25,45.35483871,FALSE,null,null,FALSE,Colombo,25.7,3.8,88.125,12
12/5/2012,4124,3327.776124,7.542913732,109.5690476,128.65,4.16,2.378,206.676,168.016,20.67,79.28571429,25,45.80645161,FALSE,null,null,FALSE,Colombo,26,5.4,88.58333333,7.8
12/6/2012,4124,3327.776124,7.542913732,109.5690476,128.75,4.17,2.366,206.169,168.19,20.63,79.71428571,25,46.25806452,FALSE,null,null,FALSE,Colombo,26,17.5,88.875,4.5
12/7/2012,4124,3327.776124,7.542913732,109.5690476,128.55,4.185,2.37,207.073,166.969,20.68,80.14285714,25,46.70967742,FALSE,null,null,FALSE,Colombo,25.9,7.7,89.375,5
12/8/2012,4330,3327.776124,7.542913732,109.5690476,null,null,null,null,null,null,80.57142857,25,47.16129032,FALSE,null,null,FALSE,Colombo,25.9,16.1,84.91666667,8.1
12/9/2012,4537,3327.776124,7.542913732,109.5690476,null,null,null,null,null,null,81,25,47.61290323,FALSE,null,null,FALSE,Colombo,26,0,85.91666667,6.1
12/10/2012,3918,3327.776124,7.542913732,109.5690476,128.825,4.196,2.372,207.591,166.183,20.63,81.42857143,25,48.06451613,FALSE,null,null,FALSE,Colombo,26.2,0.6,82.625,9.5
12/11/2012,4124,3327.776124,7.542913732,109.5690476,128.85,4.213,2.378,207.801,166.77,20.59,81.85714286,25,48.51612903,FALSE,null,null,FALSE,Colombo,25.8,0,80.91666667,11.7
12/12/2012,4124,3327.776124,7.542913732,109.5690476,128.725,4.181,2.357,207.026,167.55,20.62,82.28571429,25,48.96774194,FALSE,null,null,FALSE,Colombo,26.1,0.4,83.08333333,7.8
12/13/2012,4124,3327.776124,7.542913732,109.5690476,128.5,4.186,2.361,207.763,168.212,20.6,82.71428571,25,49.41935484,FALSE,null,null,FALSE,Colombo,25.7,0,78.83333333,8.9
12/14/2012,4124,3327.776124,7.542913732,109.5690476,128.55,4.153,2.351,208.452,168.033,20.63,83.14285714,25,49.87096774,FALSE,null,null,FALSE,Colombo,25.5,0,75.08333333,10.9
12/15/2012,4330,3327.776124,7.542913732,109.5690476,null,null,null,null,null,null,83.57142857,25,50.32258065,FALSE,null,null,FALSE,Colombo,25.3,3.5,82.16666667,16.1
12/16/2012,4538,3327.776124,7.542913732,109.5690476,null,null,null,null,null,null,84,25,50.77419355,FALSE,null,null,FALSE,Colombo,25.3,5.3,83.70833333,16.7
12/17/2012,3918,3327.776124,7.542913732,109.5690476,128.65,4.187,2.344,209.174,169.178,20.66,85.14285714,25,51.22580645,FALSE,null,null,FALSE,Colombo,24.5,9.3,88.91666667,17.3
12/18/2012,4124,3327.776124,7.542913732,109.5690476,128.75,4.175,2.348,208.65,169.336,20.61,86.28571429,25,51.67741935,FALSE,null,null,FALSE,Colombo,25.5,8.9,85.66666667,13.7
12/19/2012,4124,3327.776124,7.542913732,109.5690476,128.4,4.163,2.328,207.933,170.227,20.5,87.42857143,25,52.12903226,FALSE,null,null,FALSE,Colombo,25.2,2.6,87.04166667,12
12/20/2012,4124,3327.776124,7.542913732,109.5690476,127.75,4.12,2.306,205.372,169.976,20.39,88.57142857,25,52.58064516,FALSE,null,null,FALSE,Colombo,26,9.3,85.625,8.2
12/21/2012,4124,3327.776124,7.542913732,109.5690476,127,4.145,2.31,204.758,169.179,20.37,89.71428571,25,53.03225806,FALSE,null,null,FALSE,Colombo,25.6,18.5,88.125,10.3
12/22/2012,4330,3327.776124,7.542913732,109.5690476,null,null,null,null,null,null,90.85714286,25,53.48387097,FALSE,null,null,FALSE,Colombo,24.6,12.7,89.08333333,17.2
12/23/2012,4537,3327.776124,7.542913732,109.5690476,null,null,null,null,null,null,92,25,53.93548387,FALSE,null,null,FALSE,Colombo,25.1,6.2,86.83333333,12
12/24/2012,3918,3327.776124,7.542913732,109.5690476,126.95,4.135,2.308,204.739,167.456,20.36,91.71428571,25,54.38709677,FALSE,null,null,FALSE,Colombo,25.6,5.9,84.375,14.1
12/25/2012,4124,3327.776124,7.542913732,109.5690476,126.95,4.152,2.316,204.896,167.441,20.37,91.42857143,25,54.83870968,TRUE,Christmas Day,null,FALSE,Colombo,25.7,1.6,85.75,8.8
12/26/2012,4124,3327.776124,7.542913732,109.5690476,127,4.177,2.311,204.502,167.435,20.37,91.14285714,25,55.29032258,FALSE,null,null,FALSE,Colombo,25.8,2.5,87.20833333,8.6
12/27/2012,4124,3327.776124,7.542913732,109.5690476,127,4.183,2.319,205.353,167.964,20.38,90.85714286,25,55.74193548,TRUE,Unduvap Full Moon Poya Day,null,FALSE,Colombo,25.3,29.3,91.29166667,12.4
12/28/2012,4124,3327.776124,7.542913732,109.5690476,127,4.179,2.328,207.334,168.136,20.5,90.57142857,25,56.19354839,FALSE,null,null,FALSE,Colombo,25.3,11.7,90.58333333,14.9
12/29/2012,4330,3327.776124,7.542913732,109.5690476,null,null,null,null,null,null,90.28571429,25,56.64516129,FALSE,null,null,FALSE,Colombo,26.3,6.5,88.41666667,7
12/30/2012,4537,3327.776124,7.542913732,109.5690476,null,null,null,null,null,null,90,25,57.09677419,FALSE,null,null,FALSE,Colombo,25.9,12.6,89.16666667,10.8
12/31/2012,3918,3327.776124,7.542913732,109.5690476,127.7,4.173,2.334,207.355,167.913,20.49,90,25,57.5483871,FALSE,null,null,FALSE,Colombo,25.9,5,88.04166667,7.5
1/1/2013,3496,3740.615893,6.908450348,112.5278261,127.65,4.225,2.348,206.995,168.519,20.44,90,17,58,FALSE,null,null,FALSE,Colombo,26,1.6,83.16666667,7.9
1/2/2013,3496,3740.615893,6.908450348,112.5278261,127.35,4.215,2.341,205.288,168.389,20.46,90,17,57.74193548,FALSE,null,null,FALSE,Colombo,26,0.6,80.875,13.3
1/3/2013,3496,3740.615893,6.908450348,112.5278261,127.5,4.201,2.319,204.707,167.93,20.45,90,17,57.48387097,FALSE,null,null,FALSE,Colombo,25.2,12.5,86.08333333,18.4
1/4/2013,3496,3740.615893,6.908450348,112.5278261,127.4,4.198,2.307,205.318,166.382,20.45,90,17,57.22580645,FALSE,null,null,FALSE,Colombo,24.8,11.6,86.58333333,14.8
1/5/2013,3671,3740.615893,6.908450348,112.5278261,null,null,null,null,null,null,90,17,56.96774194,FALSE,null,null,FALSE,Colombo,25.8,0,82.41666667,16.6
1/6/2013,3846,3740.615893,6.908450348,112.5278261,null,null,null,null,null,null,90,17,56.70967742,FALSE,null,null,FALSE,Colombo,26.1,0,78.08333333,14.9
1/7/2013,3321,3740.615893,6.908450348,112.5278261,127.4,4.197,2.313,204.152,166.531,20.43,88.42857143,17,56.4516129,FALSE,null,null,FALSE,Colombo,23.9,63.5,89.33333333,15.9
1/8/2013,3496,3740.615893,6.908450348,112.5278261,127.15,4.16,2.304,202.459,167.091,20.29,86.85714286,17,56.19354839,FALSE,null,null,FALSE,Colombo,25.3,1.8,87,18.6
1/9/2013,3496,3740.615893,6.908450348,112.5278261,126.3,4.173,2.317,203.645,166.382,20.26,85.28571429,17,55.93548387,FALSE,null,null,FALSE,Colombo,26,1,85.29166667,17.4
1/10/2013,3496,3740.615893,6.908450348,112.5278261,126.1,4.163,2.301,203.572,165.043,20.31,83.71428571,17,55.67741935,FALSE,null,null,FALSE,Colombo,26.2,5.7,85.58333333,14.8
1/11/2013,3496,3740.615893,6.908450348,112.5278261,126.25,4.177,2.316,202.96,167.126,20.3,82.14285714,17,55.41935484,FALSE,null,null,FALSE,Colombo,26.4,0.3,81.45833333,10.5
1/12/2013,3671,3740.615893,6.908450348,112.5278261,null,null,null,null,null,null,80.57142857,17,55.16129032,FALSE,null,null,FALSE,Colombo,26,0.5,77.08333333,14.8
1/13/2013,3846,3740.615893,6.908450348,112.5278261,null,null,null,null,null,null,79,17,54.90322581,FALSE,null,null,FALSE,Colombo,24.9,0,71.70833333,17.4
1/14/2013,3321,3740.615893,6.908450348,112.5278261,126.25,4.175,2.317,203.222,168.411,20.36,80.42857143,17,54.64516129,TRUE,Tamil Thai Pongal Day,null,FALSE,Colombo,24.7,0,72.08333333,12.3
1/15/2013,3496,3740.615893,6.908450348,112.5278261,126.5,4.174,2.316,202.624,168.891,20.37,81.85714286,17,54.38709677,FALSE,null,null,FALSE,Colombo,25.2,0,70.04166667,9.3
1/16/2013,3494,3740.615893,6.908450348,112.5278261,126.6,4.201,2.332,202.8,168.302,20.39,83.28571429,17,54.12903226,FALSE,null,null,FALSE,Colombo,25.5,0,68.75,10.7
1/17/2013,3496,3740.615893,6.908450348,112.5278261,126.75,4.181,2.355,200.854,168.251,20.36,84.71428571,17,53.87096774,FALSE,null,null,FALSE,Colombo,25.2,0,70.08333333,13.8
1/18/2013,3496,3740.615893,6.908450348,112.5278261,126.55,4.187,2.356,200.457,169.541,20.36,86.14285714,17,53.61290323,FALSE,null,null,FALSE,Colombo,25.2,0,70.58333333,12.7
1/19/2013,3671,3740.615893,6.908450348,112.5278261,null,null,null,null,null,null,87.57142857,17,53.35483871,FALSE,null,null,FALSE,Colombo,25.6,0,67.625,11.3
1/20/2013,3846,3740.615893,6.908450348,112.5278261,null,null,null,null,null,null,89,17,53.09677419,FALSE,null,null,FALSE,Colombo,26.2,0,74.70833333,9.9
1/21/2013,3321,3740.615893,6.908450348,112.5278261,126.675,4.193,2.358,200.629,168.495,20.37,88.71428571,17,52.83870968,FALSE,null,null,FALSE,Colombo,26.8,0,74.125,14.8
1/22/2013,3496,3740.615893,6.908450348,112.5278261,126.7,4.212,2.368,201.349,168.598,20.43,88.42857143,17,52.58064516,FALSE,null,null,FALSE,Colombo,26.6,0,66,15.3
1/23/2013,3496,3740.615893,6.908450348,112.5278261,127.05,4.231,2.367,200.738,168.764,20.45,88.14285714,17,52.32258065,FALSE,null,null,FALSE,Colombo,26.2,3.6,77.45833333,16.8
1/24/2013,3496,3740.615893,6.908450348,112.5278261,127.15,4.233,2.363,200.891,169.256,20.44,87.85714286,17,52.06451613,FALSE,null,null,FALSE,Colombo,25.6,3.6,80.875,16.8
1/25/2013,3496,3740.615893,6.908450348,112.5278261,127.15,4.212,2.352,199.498,170.05,20.43,87.57142857,17,51.80645161,TRUE,Prophet's Birthday,null,FALSE,Colombo,25.8,1.6,80.16666667,17.2
1/26/2013,3671,3740.615893,6.908450348,112.5278261,null,null,null,null,null,null,87.28571429,17,51.5483871,TRUE,Duruthu Full Moon Poya Day,null,FALSE,Colombo,26.7,0.3,72.41666667,12.5
1/27/2013,3846,3740.615893,6.908450348,112.5278261,null,null,null,null,null,null,87,17,51.29032258,FALSE,null,null,FALSE,Colombo,27,0,66.25,11.7
1/28/2013,3321,3740.615893,6.908450348,112.5278261,127.15,4.212,2.36,199.522,171.1,20.34,86.71428571,17,51.03225806,FALSE,null,null,FALSE,Colombo,27.2,0,63.45833333,11.4
1/29/2013,3496,3740.615893,6.908450348,112.5278261,126.6,4.211,2.375,199.791,171.067,20.33,86.42857143,17,50.77419355,FALSE,null,null,FALSE,Colombo,26.9,0,62.25,9.1
1/30/2013,3496,3740.615893,6.908450348,112.5278261,126.45,4.208,2.372,200.354,170.828,20.32,86.14285714,17,50.51612903,FALSE,null,null,FALSE,Colombo,26.6,0,63.79166667,9.7
1/31/2013,3496,3740.615893,6.908450348,112.5278261,126.35,4.229,2.375,198.348,171.536,20.28,85.85714286,17,50.25806452,FALSE,null,null,FALSE,Colombo,27,0,59.125,10.2
2/1/2013,3651,3740.615893,6.908450348,116.488,126.3,4.2,2.368,199.093,171.608,20.26,85.57142857,20,50,FALSE,null,null,FALSE,Colombo,27.3,0,62.83333333,15.2
2/2/2013,3833,3740.615893,6.908450348,116.488,null,null,null,null,null,null,85.28571429,20,50.07142857,FALSE,null,null,FALSE,Colombo,27.9,0,63.41666667,13.5
2/3/2013,4016,3740.615893,6.908450348,116.488,null,null,null,null,null,null,85,20,50.14285714,FALSE,null,null,FALSE,Colombo,28,0,65.29166667,11.4
2/4/2013,3468,3740.615893,6.908450348,116.488,126.3,4.221,2.384,197.945,172.393,20.3,84.57142857,20,50.21428571,TRUE,Independence Day,null,FALSE,Colombo,27.3,0,70.29166667,10.5
2/5/2013,3651,3740.615893,6.908450348,116.488,126.45,4.204,2.382,197.93,170.72,20.28,84.14285714,20,50.28571429,FALSE,null,null,FALSE,Colombo,27.3,0.1,75.20833333,9.2
2/6/2013,3651,3740.615893,6.908450348,116.488,126.4,4.17,2.369,198.059,171.713,20.23,83.71428571,20,50.35714286,FALSE,null,null,FALSE,Colombo,26.5,23.4,83.54166667,8.8
2/7/2013,3651,3740.615893,6.908450348,116.488,126.1,4.186,2.357,199.51,170.893,20.26,83.28571429,20,50.42857143,FALSE,null,null,FALSE,Colombo,26.5,0.7,82.70833333,6.9
2/8/2013,3651,3740.615893,6.908450348,116.488,126.3,4.191,2.342,198.031,168.942,20.28,82.85714286,20,50.5,FALSE,null,null,FALSE,Colombo,26.5,8.3,83.04166667,10.2
2/9/2013,3833,3740.615893,6.908450348,116.488,null,null,null,null,null,null,82.42857143,20,50.57142857,FALSE,null,null,FALSE,Colombo,26.7,30.8,84.16666667,13.1
2/10/2013,4016,3740.615893,6.908450348,116.488,null,null,null,null,null,null,82,20,50.64285714,FALSE,null,null,FALSE,Colombo,27.2,5.5,76.125,7.4
2/11/2013,3468,3740.615893,6.908450348,116.488,126.4,4.205,2.348,197.717,168.794,20.26,82.28571429,20,50.71428571,FALSE,null,null,FALSE,Colombo,26,10.6,79.58333333,14
2/12/2013,3651,3740.615893,6.908450348,116.488,126.3,4.205,2.35,196.511,169.483,20.29,82.57142857,20,50.78571429,FALSE,null,null,FALSE,Colombo,25.2,7.9,83.45833333,11.6
2/13/2013,3651,3740.615893,6.908450348,116.488,126.475,4.206,2.346,196.168,169.855,20.32,82.85714286,20,50.85714286,FALSE,null,null,FALSE,Colombo,25.7,11.9,87.41666667,12.7
2/14/2013,3651,3740.615893,6.908450348,116.488,126.65,4.207,2.332,196.645,170.089,20.33,83.14285714,20,50.92857143,FALSE,null,null,FALSE,Colombo,25.7,27.8,90.04166667,6.7
2/15/2013,3643,3740.615893,6.908450348,116.488,126.7,4.208,2.337,196.103,169.128,20.31,83.42857143,20,51,FALSE,null,null,FALSE,Colombo,26,10.5,87.83333333,10.5
2/16/2013,3833,3740.615893,6.908450348,116.488,null,null,null,null,null,null,83.71428571,20,51.07142857,FALSE,null,null,FALSE,Colombo,26.6,1.3,83.29166667,11.6
2/17/2013,4016,3740.615893,6.908450348,116.488,null,null,null,null,null,null,84,20,51.14285714,FALSE,null,null,FALSE,Colombo,26.7,2.9,83.125,11.2
2/18/2013,3468,3740.615893,6.908450348,116.488,126.8,4.235,2.354,196.553,169.334,20.4,83,20,51.21428571,FALSE,null,null,FALSE,Colombo,26.5,1,84.375,10.1
2/19/2013,3651,3740.615893,6.908450348,116.488,127.4,4.21,2.349,194.063,169.266,20.42,82,20,51.28571429,FALSE,null,null,FALSE,Colombo,25.8,10.8,86.70833333,10.7
2/20/2013,3651,3740.615893,6.908450348,116.488,127.35,4.171,2.333,193.821,170.563,20.37,81,20,51.35714286,FALSE,null,null,FALSE,Colombo,26.4,0.1,82.625,5.5
2/21/2013,3651,3740.615893,6.908450348,116.488,127.1,4.192,2.347,194.241,169.121,20.43,80,20,51.42857143,FALSE,null,null,FALSE,Colombo,26.6,0,74.70833333,13.7
2/22/2013,3651,3740.615893,6.908450348,116.488,127.4,4.181,2.359,193.254,167.613,20.44,79,20,51.5,FALSE,null,null,FALSE,Colombo,26.8,0.1,71.75,9.4
2/23/2013,3833,3740.615893,6.908450348,116.488,null,null,null,null,null,null,78,20,51.57142857,FALSE,null,null,FALSE,Colombo,25.9,0,71.58333333,14.1
2/24/2013,4016,3740.615893,6.908450348,116.488,null,null,null,null,null,null,77,20,51.64285714,FALSE,null,null,FALSE,Colombo,26,0,76.29166667,8.7
2/25/2013,3468,3740.615893,6.908450348,116.488,127.4,4.165,2.357,192.908,167.971,20.47,79,20,51.71428571,TRUE,Nawam Full Moon Poya Day,null,FALSE,Colombo,26.4,0,77.83333333,10.3
2/26/2013,3651,3740.615893,6.908450348,116.488,127.5,4.266,2.373,193.303,166.48,20.47,81,20,51.78571429,FALSE,null,null,FALSE,Colombo,26.1,0,76,9.2
2/27/2013,3651,3740.615893,6.908450348,116.488,127.5,4.163,2.346,193.468,166.515,20.5,83,20,51.85714286,FALSE,null,null,FALSE,Colombo,26.2,0,71.75,12.2
2/28/2013,3651,3740.615893,6.908450348,116.488,127.55,4.151,2.321,191.515,167.567,20.48,85,20,51.92857143,FALSE,null,null,FALSE,Colombo,27,0,70.75,9.5
3/1/2013,3479,3740.615893,6.908450348,109.5857143,127.43,4.142,2.317,192.368,166.663,20.46,87,29,52,FALSE,null,null,FALSE,Colombo,27.7,0.6,71.66666667,7.9
3/2/2013,3653,3740.615893,6.908450348,109.5857143,null,null,null,null,null,null,89,29,52.25806452,FALSE,null,null,FALSE,Colombo,27.9,6,70.875,8.7
3/3/2013,3827,3740.615893,6.908450348,109.5857143,null,null,null,null,null,null,91,29,52.51612903,FALSE,null,null,FALSE,Colombo,27.9,0,65.91666667,12.3
3/4/2013,3305,3740.615893,6.908450348,109.5857143,127.35,4.16,2.324,192.812,165.933,20.5,89.42857143,29,52.77419355,FALSE,null,null,FALSE,Colombo,24.6,31.9,84.375,11.6
3/5/2013,3479,3740.615893,6.908450348,109.5857143,127.5,4.138,2.322,191.295,165.829,20.46,87.85714286,29,53.03225806,FALSE,null,null,FALSE,Colombo,26.4,3,85.25,9.2
3/6/2013,3479,3740.615893,6.908450348,109.5857143,127.25,4.144,2.337,191.054,166.311,20.46,86.28571429,29,53.29032258,FALSE,null,null,FALSE,Colombo,26.7,9.7,86.33333333,6.6
3/7/2013,3479,3740.615893,6.908450348,109.5857143,127.25,4.11,2.328,188.819,165.291,20.36,84.71428571,29,53.5483871,FALSE,null,null,FALSE,Colombo,26.9,8.8,85.70833333,8
3/8/2013,3479,3740.615893,6.908450348,109.5857143,126.55,4.122,2.328,188.656,166.748,20.34,83.14285714,29,53.80645161,FALSE,null,null,FALSE,Colombo,27,6.9,88.41666667,7.5
3/9/2013,3653,3740.615893,6.908450348,109.5857143,null,null,null,null,null,null,81.57142857,29,54.06451613,FALSE,null,null,FALSE,Colombo,26.8,10.5,86.08333333,12.4
3/10/2013,3827,3740.615893,6.908450348,109.5857143,null,null,null,null,null,null,80,29,54.32258065,TRUE,Maha Sivarathri Day,null,FALSE,Colombo,27.5,0.2,83.25,8
3/11/2013,3305,3740.615893,6.908450348,109.5857143,126.5,4.113,2.331,188.195,164.502,20.31,81.28571429,29,54.58064516,FALSE,null,null,FALSE,Colombo,27.6,3.5,84,10.9
3/12/2013,3479,3740.615893,6.908450348,109.5857143,126.25,4.104,2.324,188.638,165.026,20.35,82.57142857,29,54.83870968,FALSE,null,null,FALSE,Colombo,27,2.7,86.16666667,12.4
3/13/2013,3479,3740.615893,6.908450348,109.5857143,126.45,4.111,2.33,190.436,164.51,20.31,83.85714286,29,55.09677419,FALSE,null,null,FALSE,Colombo,27,2.3,84.20833333,9.3
3/14/2013,3479,3740.615893,6.908450348,109.5857143,126.25,4.119,2.335,190.682,163.841,20.3,85.14285714,29,55.35483871,FALSE,null,null,FALSE,Colombo,26.9,2.6,84.54166667,10.1
3/15/2013,3479,3740.615893,6.908450348,109.5857143,126.15,4.099,2.335,190.801,164.163,20.32,86.42857143,29,55.61290323,FALSE,null,null,FALSE,Colombo,26.4,12.1,86.125,11.9
3/16/2013,3663,3740.615893,6.908450348,109.5857143,null,null,null,null,null,null,87.71428571,29,55.87096774,FALSE,null,null,FALSE,Colombo,26.6,6,85.20833333,7.4
3/17/2013,3827,3740.615893,6.908450348,109.5857143,null,null,null,null,null,null,89,29,56.12903226,FALSE,null,null,FALSE,Colombo,26.9,3.1,85.58333333,12.4
3/18/2013,3305,3740.615893,6.908450348,109.5857143,126.3,4.089,2.324,191.254,164.985,20.38,88.14285714,29,56.38709677,FALSE,null,null,FALSE,Colombo,27.3,1,82.375,9.2
3/19/2013,3479,3740.615893,6.908450348,109.5857143,126.675,4.103,2.332,191.323,163.615,20.4,87.28571429,29,56.64516129,FALSE,null,null,FALSE,Colombo,27,3.4,83.45833333,9.8
3/20/2013,3479,3740.615893,6.908450348,109.5857143,126.7,4.104,2.333,192.723,163.069,20.44,86.42857143,29,56.90322581,FALSE,null,null,FALSE,Colombo,27.6,0.3,80.70833333,7.2
3/21/2013,3479,3740.615893,6.908450348,109.5857143,127.025,4.112,2.334,193.212,163.855,20.42,85.57142857,29,57.16129032,FALSE,null,null,FALSE,Colombo,27.4,2.5,81.41666667,10.1
3/22/2013,3479,3740.615893,6.908450348,109.5857143,126.85,4.097,2.334,192.337,163.894,20.41,84.71428571,29,57.41935484,FALSE,null,null,FALSE,Colombo,27.7,0,77.91666667,8.3
3/23/2013,3653,3740.615893,6.908450348,109.5857143,null,null,null,null,null,null,83.85714286,29,57.67741935,FALSE,null,null,FALSE,Colombo,27,2.6,81.875,11.8
3/24/2013,3827,3740.615893,6.908450348,109.5857143,null,null,null,null,null,null,83,29,57.93548387,FALSE,null,null,FALSE,Colombo,26.6,24.1,86.33333333,12.1
3/25/2013,3305,3740.615893,6.908450348,109.5857143,126.75,4.104,2.327,192.134,164.746,20.41,82.57142857,29,58.19354839,FALSE,null,null,FALSE,Colombo,26.3,25.7,88.5,10.8
3/26/2013,3479,3740.615893,6.908450348,109.5857143,126.75,4.088,2.331,191.981,162.95,20.42,82.14285714,29,58.4516129,TRUE,Medin Full Moon Poya Day,null,FALSE,Colombo,26.8,5.9,85.04166667,9.2
3/27/2013,3479,3740.615893,6.908450348,109.5857143,126.875,4.073,2.335,192.603,162.93,20.4,81.71428571,29,58.70967742,FALSE,null,null,FALSE,Colombo,27.3,9.6,83.29166667,7.7
3/28/2013,3479,3740.615893,6.908450348,109.5857143,126.75,4.079,2.335,192.755,162.147,20.41,81.28571429,29,58.96774194,FALSE,null,null,FALSE,Colombo,27.1,3.6,84.58333333,10.2
3/29/2013,3479,3740.615893,6.908450348,109.5857143,126.75,4.067,2.333,192.482,162.469,20.36,80.85714286,29,59.22580645,TRUE,Good Friday,null,FALSE,Colombo,27.4,12.2,85.25,13.4
3/30/2013,3653,3740.615893,6.908450348,109.5857143,null,null,null,null,null,null,80.42857143,29,59.48387097,FALSE,null,null,FALSE,Colombo,27.4,1.8,82.41666667,9.9
3/31/2013,3827,3740.615893,6.908450348,109.5857143,null,null,null,null,null,null,80,29,59.74193548,FALSE,null,null,FALSE,Colombo,27.4,2.8,85.41666667,11
4/1/2013,3054,3740.615893,6.908450348,102.96,126.4,4.036,2.323,190.997,162.5,20.4,81.28571429,33,60,FALSE,null,null,FALSE,Colombo,27.8,1.3,85,10.7
4/2/2013,3215,3740.615893,6.908450348,102.96,126.45,3.987,2.315,190.972,162.355,20.36,82.57142857,33,60.13333333,FALSE,null,null,FALSE,Colombo,27.9,1.5,81.875,11.6
4/3/2013,3215,3740.615893,6.908450348,102.96,126.225,3.98,2.292,191.618,162.084,20.29,83.85714286,33,60.26666667,FALSE,null,null,FALSE,Colombo,28.2,0.2,78.95833333,12.2
4/4/2013,3215,3740.615893,6.908450348,102.96,125.8,3.987,2.292,192.639,162.105,20.25,85.14285714,33,60.4,FALSE,null,null,FALSE,Colombo,27.6,2.4,84.83333333,9
4/5/2013,3215,3740.615893,6.908450348,102.96,125.6,4.023,2.3,191.622,162.704,20.25,86.42857143,33,60.53333333,FALSE,null,null,FALSE,Colombo,27.4,4.5,85.79166667,12.3
4/6/2013,3376,3740.615893,6.908450348,102.96,null,null,null,null,null,null,87.71428571,33,60.66666667,FALSE,null,null,FALSE,Colombo,28.1,1.9,84.04166667,14.8
4/7/2013,3537,3740.615893,6.908450348,102.96,null,null,null,null,null,null,89,33,60.8,FALSE,null,null,FALSE,Colombo,28.3,1,80.625,12.4
4/8/2013,3054,3740.615893,6.908450348,102.96,125.6,4.046,2.304,192.355,163.161,20.24,88.42857143,33,60.93333333,FALSE,null,null,FALSE,Colombo,28.5,0.7,80.375,10.4
4/9/2013,3215,3740.615893,6.908450348,102.96,125.525,4.058,2.303,192.118,163.519,20.24,87.85714286,33,61.06666667,FALSE,null,null,FALSE,Colombo,28.1,1.4,81.16666667,9.8
4/10/2013,3215,3740.615893,6.908450348,102.96,125.35,4.06,2.309,192.871,164.212,20.23,87.28571429,33,61.2,FALSE,null,null,FALSE,Colombo,26.5,9.1,86.45833333,14.1
4/11/2013,3215,3740.615893,6.908450348,102.96,125.375,4.037,2.3,192.37,163.82,20.25,86.71428571,33,61.33333333,FALSE,null,null,FALSE,Colombo,27.6,0,80.83333333,12.3
4/12/2013,3215,3740.615893,6.908450348,102.96,125.4,3.98,2.299,191.743,164.304,20.27,86.14285714,33,61.46666667,FALSE,null,null,FALSE,Colombo,27.7,3.2,81.45833333,7.3
4/13/2013,3376,3740.615893,6.908450348,102.96,null,null,null,null,null,null,85.57142857,33,61.6,TRUE,Day Before Sinhala and Tamil New Year,null,FALSE,Colombo,27.5,5.3,85.95833333,12.3
4/14/2013,3537,3740.615893,6.908450348,102.96,null,null,null,null,null,null,85,33,61.73333333,TRUE,Sinhala and Tamil New Year,null,FALSE,Colombo,27.8,2,82,11.2
4/15/2013,3054,3740.615893,6.908450348,102.96,125.4,4.013,2.324,192.683,164.381,20.28,83.85714286,33,61.86666667,TRUE,Special Public Holiday,null,FALSE,Colombo,27,10.4,87.83333333,12.9
4/16/2013,3215,3740.615893,6.908450348,102.96,125.4,3.939,2.317,191.344,163.603,20.34,82.71428571,33,62,FALSE,null,null,FALSE,Colombo,27.9,2,83.75,14.5
4/17/2013,3215,3740.615893,6.908450348,102.96,125.55,3.98,2.327,192.063,165.271,20.34,81.57142857,33,62.13333333,FALSE,null,null,FALSE,Colombo,28.2,0.4,83.70833333,13.8
4/18/2013,3215,3740.615893,6.908450348,102.96,125.7,3.978,2.335,191.831,163.649,20.39,80.42857143,33,62.26666667,FALSE,null,null,FALSE,Colombo,28.2,1.5,81.45833333,14.5
4/19/2013,3215,3740.615893,6.908450348,102.96,125.96,4.012,2.336,193.686,164.038,20.48,79.28571429,33,62.4,FALSE,null,null,FALSE,Colombo,28.4,1,79.16666667,12.6
4/20/2013,3376,3740.615893,6.908450348,102.96,null,null,null,null,null,null,78.14285714,33,62.53333333,FALSE,null,null,FALSE,Colombo,28.4,1.1,76.58333333,14.2
4/21/2013,3537,3740.615893,6.908450348,102.96,null,null,null,null,null,null,77,33,62.66666667,FALSE,null,null,FALSE,Colombo,28.2,0.1,77.5,11.8
4/22/2013,3054,3740.615893,6.908450348,102.96,126.65,4.01,2.336,193.294,164.403,20.53,77.14285714,33,62.8,FALSE,null,null,FALSE,Colombo,28.3,1.3,78.08333333,13.2
4/23/2013,3215,3740.615893,6.908450348,102.96,126.85,4.026,2.336,193.484,165.494,20.51,77.28571429,33,62.93333333,FALSE,null,null,FALSE,Colombo,27.8,4.2,80.66666667,10.5
4/24/2013,3215,3740.615893,6.908450348,102.96,126.725,4.067,2.342,195.581,164.899,20.54,77.42857143,33,63.06666667,FALSE,null,null,FALSE,Colombo,27.5,4.8,83.375,7.3
4/25/2013,3215,3740.615893,6.908450348,102.96,126.725,4.069,2.341,197.054,164.952,20.65,77.57142857,33,63.2,TRUE,Bak Full Moon Poya Day,null,FALSE,Colombo,27.2,11,83.79166667,12.6
4/26/2013,3215,3740.615893,6.908450348,102.96,127.3,4.092,2.339,196.475,164.907,20.56,77.71428571,33,63.33333333,FALSE,null,null,FALSE,Colombo,27.1,10.7,83.5,12.6
4/27/2013,3376,3740.615893,6.908450348,102.96,null,null,null,null,null,null,77.85714286,33,63.46666667,FALSE,null,null,FALSE,Colombo,27.3,6.1,84.33333333,10.4
4/28/2013,3537,3740.615893,6.908450348,102.96,null,null,null,null,null,null,78,33,63.6,FALSE,null,null,FALSE,Colombo,27.6,4,83.83333333,14.5
4/29/2013,3054,3740.615893,6.908450348,102.96,126.75,4.072,2.361,196.881,165.852,20.56,78.28571429,33,63.73333333,FALSE,null,null,FALSE,Colombo,27.8,6.3,87.75,13.6
4/30/2013,3215,3740.615893,6.908450348,102.96,126.75,4.043,2.362,197.16,166.036,20.56,78.57142857,33,63.86666667,FALSE,null,null,FALSE,Colombo,27.7,9.6,86.75,8.9
5/1/2013,2331,3740.615893,6.908450348,102.9804348,126.75,4.049,2.343,195.981,166.892,20.49,78.85714286,28,64,TRUE,International Workers' Day,Yala National Park Safari Season,TRUE,Colombo,26.8,13.3,87.41666667,14
5/2/2013,2331,3740.615893,6.908450348,102.9804348,126.15,4.062,2.346,196.603,167.05,20.51,79.14285714,28,63.70967742,FALSE,null,Yala National Park Safari Season,TRUE,Colombo,26.8,8.9,86.75,13.4
5/3/2013,2331,3740.615893,6.908450348,102.9804348,126.25,4.073,2.335,196.481,164.808,20.5,79.42857143,28,63.41935484,FALSE,null,Yala National Park Safari Season,TRUE,Colombo,26.3,18.5,89.54166667,15.5
5/4/2013,2447,3740.615893,6.908450348,102.9804348,null,null,null,null,null,null,79.71428571,28,63.12903226,FALSE,null,Yala National Park Safari Season,TRUE,Colombo,26.3,22.1,90.25,8.7
5/5/2013,2564,3740.615893,6.908450348,102.9804348,null,null,null,null,null,null,80,28,62.83870968,FALSE,null,Yala National Park Safari Season,TRUE,Colombo,26.3,14.9,90.58333333,12.7
5/6/2013,2214,3740.615893,6.908450348,102.9804348,126.415,4.069,2.338,195.76,165.577,20.54,79,28,62.5483871,FALSE,null,Yala National Park Safari Season,TRUE,Colombo,26.1,15.5,89.91666667,9.5
5/7/2013,2331,3740.615893,6.908450348,102.9804348,126.415,4.049,2.332,195.884,165.3,20.53,78,28,62.25806452,FALSE,null,Yala National Park Safari Season,TRUE,Colombo,26.4,16.6,89.16666667,10.4
5/8/2013,2331,3740.615893,6.908450348,102.9804348,126.1,4.036,2.316,194.503,165.332,20.54,77,28,61.96774194,FALSE,null,Yala National Park Safari Season,TRUE,Colombo,27.7,0.4,81.45833333,16.5
5/9/2013,2331,3740.615893,6.908450348,102.9804348,125.9,4.025,2.303,193.9,165.853,20.55,76,28,61.67741935,FALSE,null,Yala National Park Safari Season,TRUE,Colombo,28.2,2.4,83.70833333,17.1
5/10/2013,2331,3740.615893,6.908450348,102.9804348,126.2,4.028,2.302,193.144,164.218,20.54,75,28,61.38709677,FALSE,null,Yala National Park Safari Season,TRUE,Colombo,28.6,2.2,82.45833333,16.6
5/11/2013,2447,3740.615893,6.908450348,102.9804348,null,null,null,null,null,null,74,28,61.09677419,FALSE,null,Yala National Park Safari Season,TRUE,Colombo,28.3,2.2,85.41666667,16.3
5/12/2013,2564,3740.615893,6.908450348,102.9804348,null,null,null,null,null,null,73,28,60.80645161,FALSE,null,Yala National Park Safari Season,TRUE,Colombo,27.2,5.7,88.875,14.6
5/13/2013,2214,3740.615893,6.908450348,102.9804348,126.25,4.034,2.308,192.426,163.971,20.59,74.71428571,28,60.51612903,FALSE,null,Yala National Park Safari Season,TRUE,Colombo,26.7,16,90.16666667,18.9
5/14/2013,2331,3740.615893,6.908450348,102.9804348,126.5,4.007,2.3,192,163.815,20.51,76.42857143,28,60.22580645,FALSE,null,Yala National Park Safari Season,TRUE,Colombo,26.9,14.5,88.45833333,16.5
5/15/2013,2331,3740.615893,6.908450348,102.9804348,126.025,4.004,2.294,191.95,163.438,20.44,78.14285714,28,59.93548387,FALSE,null,Yala National Park Safari Season,TRUE,Colombo,27.9,2.3,82.91666667,21.5
5/16/2013,2325,3740.615893,6.908450348,102.9804348,125.7,4.016,2.301,191.604,162.409,20.57,79.85714286,28,59.64516129,FALSE,null,Yala National Park Safari Season,TRUE,Colombo,27.9,1,86.45833333,16.6
5/17/2013,2331,3740.615893,6.908450348,102.9804348,126.3,4.044,2.295,192.709,161.927,20.58,81.57142857,28,59.35483871,FALSE,null,Yala National Park Safari Season,TRUE,Colombo,27.9,3.5,86.125,14.1
5/18/2013,2447,3740.615893,6.908450348,102.9804348,null,null,null,null,null,null,83.28571429,28,59.06451613,FALSE,null,Yala National Park Safari Season,TRUE,Colombo,27.6,5.4,88.45833333,14
5/19/2013,2564,3740.615893,6.908450348,102.9804348,null,null,null,null,null,null,85,28,58.77419355,FALSE,null,Yala National Park Safari Season,TRUE,Colombo,26.9,6.6,88.04166667,14.2
5/20/2013,2214,3740.615893,6.908450348,102.9804348,126.325,4.046,2.28,191.566,162.156,20.6,83.71428571,28,58.48387097,FALSE,null,Yala National Park Safari Season,TRUE,Colombo,26,22.9,89.29166667,17.4
5/21/2013,2331,3740.615893,6.908450348,102.9804348,126.4,4.024,2.271,190.213,162.75,20.62,82.42857143,28,58.19354839,FALSE,null,Yala National Park Safari Season,TRUE,Colombo,26.3,12.1,89.29166667,16.8
5/22/2013,2331,3740.615893,6.908450348,102.9804348,126.4,4.013,2.268,190.89,163.139,20.6,81.14285714,28,57.90322581,FALSE,null,Yala National Park Safari Season,TRUE,Colombo,27.1,2.7,86.625,20.4
5/23/2013,2331,3740.615893,6.908450348,102.9804348,126.35,4.033,2.264,191.123,162.526,20.61,79.85714286,28,57.61290323,FALSE,null,Yala National Park Safari Season,TRUE,Colombo,27.3,5.9,86.04166667,19
5/24/2013,2331,3740.615893,6.908450348,102.9804348,126.35,4.029,2.274,190.82,163.447,20.64,78.57142857,28,57.32258065,TRUE,Vesak Full Moon Poya Day,Yala National Park Safari Season,TRUE,Colombo,26.7,14.2,88.20833333,16.6
5/25/2013,2447,3740.615893,6.908450348,102.9804348,null,null,null,null,null,null,77.28571429,28,57.03225806,TRUE,Day Following Vesak Full Moon Poya Day,Yala National Park Safari Season,TRUE,Colombo,26.8,10.5,86.20833333,19.4
5/26/2013,2564,3740.615893,6.908450348,102.9804348,null,null,null,null,null,null,76,28,56.74193548,FALSE,null,Yala National Park Safari Season,TRUE,Colombo,27.1,7.1,86.04166667,19.1
5/27/2013,2214,3740.615893,6.908450348,102.9804348,126.35,4.01,2.253,190.125,163.389,20.65,76.28571429,28,56.4516129,FALSE,null,Yala National Park Safari Season,TRUE,Colombo,26.9,6.1,84.875,19.7
5/28/2013,2331,3740.615893,6.908450348,102.9804348,126.4,4,2.247,191.414,163.383,20.65,76.57142857,28,56.16129032,FALSE,null,Yala National Park Safari Season,TRUE,Colombo,27.1,2.1,84.125,18.9
5/29/2013,2331,3740.615893,6.908450348,102.9804348,126.5,3.987,2.244,192.698,162.493,20.63,76.85714286,28,55.87096774,FALSE,null,Yala National Park Safari Season,TRUE,Colombo,26.9,5.1,84.54166667,18.4
5/30/2013,2331,3740.615893,6.908450348,102.9804348,126.5,3.964,2.236,192.312,163.704,20.62,77.14285714,28,55.58064516,FALSE,null,Yala National Park Safari Season,TRUE,Colombo,26.4,17.2,87.25,18.4
5/31/2013,2331,3740.615893,6.908450348,102.9804348,126.525,3.973,2.232,193.817,165.082,20.63,77.42857143,28,55.29032258,FALSE,null,Yala National Park Safari Season,TRUE,Colombo,25.4,49.6,90.875,19.6
6/1/2013,2515,3740.615893,6.908450348,103.3585,null,null,null,null,null,null,77.71428571,31,55,FALSE,null,Yala National Park Safari Season,TRUE,Colombo,25.5,27.9,90.33333333,19.3
6/2/2013,2635,3740.615893,6.908450348,103.3585,null,null,null,null,null,null,78,31,54.7,FALSE,null,Yala National Park Safari Season,TRUE,Colombo,25.9,22.2,89.08333333,22
6/3/2013,2276,3740.615893,6.908450348,103.3585,126.5,3.96,2.239,193.716,164.47,20.64,76.28571429,31,54.4,FALSE,null,Yala National Park Safari Season,TRUE,Colombo,26.4,7.6,83.45833333,21.9
6/4/2013,2395,3740.615893,6.908450348,103.3585,126.5,3.932,2.225,194.88,165.411,20.64,74.57142857,31,54.1,FALSE,null,Yala National Park Safari Season,TRUE,Colombo,26.8,8.9,86.41666667,22.3
6/5/2013,2395,3740.615893,6.908450348,103.3585,126.5,3.935,2.221,197.255,165.469,20.6,72.85714286,31,53.8,FALSE,null,Yala National Park Safari Season,TRUE,Colombo,26.4,11,87.91666667,20.2
6/6/2013,2395,3740.615893,6.908450348,103.3585,126.425,3.923,2.214,196.582,165.639,20.6,71.14285714,31,53.5,FALSE,null,Yala National Park Safari Season,TRUE,Colombo,26.4,5.8,88.25,18.1
6/7/2013,2395,3740.615893,6.908450348,103.3585,126.35,3.925,2.18,197.415,167.469,20.67,69.42857143,31,53.2,FALSE,null,Yala National Park Safari Season,TRUE,Colombo,26.4,8.8,87.91666667,22.8
6/8/2013,2515,3740.615893,6.908450348,103.3585,null,null,null,null,null,null,67.71428571,31,52.9,FALSE,null,Yala National Park Safari Season,TRUE,Colombo,25.1,38.3,91.33333333,27.7
6/9/2013,2635,3740.615893,6.908450348,103.3585,null,null,null,null,null,null,66,31,52.6,FALSE,null,Yala National Park Safari Season,TRUE,Colombo,26.3,3,85.45833333,18.4
6/10/2013,2276,3740.615893,6.908450348,103.3585,126.775,3.942,2.189,199.856,167.072,20.82,67.42857143,31,52.3,FALSE,null,Yala National Park Safari Season,TRUE,Colombo,26.6,3.7,87.29166667,19.8
6/11/2013,2395,3740.615893,6.908450348,103.3585,127.7,3.954,2.203,199.751,168.066,20.77,68.85714286,31,52,FALSE,null,Yala National Park Safari Season,TRUE,Colombo,26.2,13.5,88.95833333,21.3
6/12/2013,2395,3740.615893,6.908450348,103.3585,127.4,3.999,2.204,200.974,170.032,20.84,70.28571429,31,51.7,FALSE,null,Yala National Park Safari Season,TRUE,Colombo,25.8,10.8,89.29166667,28.8
6/13/2013,2395,3740.615893,6.908450348,103.3585,127.85,4.052,2.236,201.888,169.92,20.97,71.71428571,31,51.4,FALSE,null,Yala National Park Safari Season,TRUE,Colombo,25.8,14.1,89.625,22.8
6/14/2013,2395,3740.615893,6.908450348,103.3585,128.55,4.05,2.213,202.172,171,21,73.14285714,31,51.1,FALSE,null,Yala National Park Safari Season,TRUE,Colombo,26.2,8,90.04166667,17.9
6/15/2013,2515,3740.615893,6.908450348,103.3585,null,null,null,null,null,null,74.57142857,31,50.8,FALSE,null,Yala National Park Safari Season,TRUE,Colombo,25.7,21.5,89.29166667,23.9
6/16/2013,2643,3740.615893,6.908450348,103.3585,null,null,null,null,null,null,76,31,50.5,FALSE,null,Yala National Park Safari Season,TRUE,Colombo,26,6.7,87.79166667,18.4
6/17/2013,2276,3740.615893,6.908450348,103.3585,128.6,4.016,2.185,201.091,171.576,20.98,75.42857143,31,50.2,FALSE,null,Yala National Park Safari Season,TRUE,Colombo,25.4,17.1,90.95833333,15.9
6/18/2013,2395,3740.615893,6.908450348,103.3585,128.55,3.948,2.177,197.989,171.919,20.87,74.85714286,31,49.9,FALSE,null,Yala National Park Safari Season,TRUE,Colombo,25.6,16.4,89.79166667,16.6
6/19/2013,2395,3740.615893,6.908450348,103.3585,127.85,3.886,2.156,199.214,172.18,20.96,74.28571429,31,49.6,FALSE,null,Yala National Park Safari Season,TRUE,Colombo,26,13.1,88.29166667,19.1
6/20/2013,2395,3740.615893,6.908450348,103.3585,128.45,3.931,2.174,198.668,169.976,21.01,73.71428571,31,49.3,FALSE,null,Yala National Park Safari Season,TRUE,Colombo,26.2,8.7,87.04166667,21.7
6/21/2013,2395,3740.615893,6.908450348,103.3585,128.85,3.934,2.155,198.938,169.811,20.98,73.14285714,31,49,FALSE,null,Yala National Park Safari Season,TRUE,Colombo,26.2,12.8,88.08333333,18.2
6/22/2013,2515,3740.615893,6.908450348,103.3585,null,null,null,null,null,null,72.57142857,31,48.7,FALSE,null,Yala National Park Safari Season,TRUE,Colombo,26.2,9.8,84.91666667,21.3
6/23/2013,2635,3740.615893,6.908450348,103.3585,null,null,null,null,null,null,72,31,48.4,TRUE,Poson Full Moon Poya Day,Yala National Park Safari Season,TRUE,Colombo,26,15.2,87.29166667,23.5
6/24/2013,2276,3740.615893,6.908450348,103.3585,128.9,3.927,2.16,198.79,169.09,20.98,72.14285714,31,48.1,FALSE,null,Yala National Park Safari Season,TRUE,Colombo,26.2,6.1,88.625,22.1
6/25/2013,2395,3740.615893,6.908450348,103.3585,128.9,3.934,2.134,198.483,169.097,21.08,72.28571429,31,47.8,FALSE,null,Yala National Park Safari Season,TRUE,Colombo,25.9,8.9,90.33333333,14.2
6/26/2013,2395,3740.615893,6.908450348,103.3585,129.6,3.98,2.17,199.277,168.633,21.24,72.42857143,31,47.5,FALSE,null,Yala National Park Safari Season,TRUE,Colombo,26.1,6.3,88.79166667,13.5
6/27/2013,2395,3740.615893,6.908450348,103.3585,130.6,3.978,2.194,198.675,168.635,21.28,72.57142857,31,47.2,FALSE,null,Yala National Park Safari Season,TRUE,Colombo,26.1,6.2,89.16666667,12.7
6/28/2013,2395,3740.615893,6.908450348,103.3585,130.6,3.962,2.201,198.886,170.27,21.31,72.71428571,31,46.9,FALSE,null,Yala National Park Safari Season,TRUE,Colombo,25.7,10,88.5,15
6/29/2013,2515,3740.615893,6.908450348,103.3585,null,null,null,null,null,null,72.85714286,31,46.6,FALSE,null,Yala National Park Safari Season,TRUE,Colombo,25.8,11.1,88.83333333,10.5
6/30/2013,2635,3740.615893,6.908450348,103.3585,null,null,null,null,null,null,73,31,46.3,FALSE,null,Yala National Park Safari Season,TRUE,Colombo,25.6,20.9,88.04166667,15.7
7/1/2013,3696,3740.615893,6.908450348,107.7795652,130.7,3.938,2.195,198.07,169.911,21.31,73.28571429,19,46,FALSE,null,Yala National Park Safari Season,TRUE,Colombo,26.1,8.1,86.29166667,16.2
7/2/2013,3891,3740.615893,6.908450348,107.7795652,130.7,3.942,2.169,199.589,170.746,21.31,73.57142857,19,45.96774194,FALSE,null,Yala National Park Safari Season,TRUE,Colombo,25.7,12,89.25,18.4
7/3/2013,3891,3740.615893,6.908450348,107.7795652,130.625,3.932,2.174,196.841,169.629,21.32,73.85714286,19,45.93548387,FALSE,null,Yala National Park Safari Season,TRUE,Colombo,26.1,2.5,86.66666667,18.5
7/4/2013,3891,3740.615893,6.908450348,107.7795652,130.6,3.92,2.169,194.525,169.943,21.3,74.14285714,19,45.90322581,FALSE,null,Yala National Park Safari Season,TRUE,Colombo,26.2,2.4,85.95833333,17.8
7/5/2013,3891,3740.615893,6.908450348,107.7795652,130.65,3.95,2.161,196.09,168.65,21.38,74.42857143,19,45.87096774,FALSE,null,Yala National Park Safari Season,TRUE,Colombo,26.2,10.7,87.5,18.7
7/6/2013,4085,3740.615893,6.908450348,107.7795652,null,null,null,null,null,null,74.71428571,19,45.83870968,FALSE,null,Yala National Park Safari Season,TRUE,Colombo,26.7,1.9,82.70833333,19.3
7/7/2013,4280,3740.615893,6.908450348,107.7795652,null,null,null,null,null,null,75,19,45.80645161,FALSE,null,Yala National Park Safari Season,TRUE,Colombo,26.7,4.4,83.58333333,22.3
7/8/2013,3696,3740.615893,6.908450348,107.7795652,131.15,3.966,2.177,194.529,167.644,21.35,75.71428571,19,45.77419355,FALSE,null,Yala National Park Safari Season,TRUE,Colombo,26.2,13.3,86.70833333,23.9
7/9/2013,3891,3740.615893,6.908450348,107.7795652,130.85,3.969,2.184,196.344,168.79,21.32,76.42857143,19,45.74193548,FALSE,null,Yala National Park Safari Season,TRUE,Colombo,25.8,15.3,87.70833333,21.3
7/10/2013,3891,3740.615893,6.908450348,107.7795652,130.8,4.022,2.187,198.69,167.239,21.33,77.14285714,19,45.70967742,FALSE,null,Yala National Park Safari Season,TRUE,Colombo,25.7,21.2,87.5,23.2
7/11/2013,3891,3740.615893,6.908450348,107.7795652,130.85,4.009,2.185,197.682,169.759,21.32,77.85714286,19,45.67741935,FALSE,null,Yala National Park Safari Season,TRUE,Colombo,26.3,3,84.41666667,17.9
7/12/2013,3891,3740.615893,6.908450348,107.7795652,130.85,4.02,2.191,197.841,171.368,21.35,78.57142857,19,45.64516129,FALSE,null,Esala Perahera | Yala National Park Safari Season,TRUE,Colombo,26.5,3.1,86.70833333,18.7
7/13/2013,4085,3740.615893,6.908450348,107.7795652,null,null,null,null,null,null,79.28571429,19,45.61290323,FALSE,null,Esala Perahera | Yala National Park Safari Season,TRUE,Colombo,26.2,2.2,88.33333333,15.2
7/14/2013,4280,3740.615893,6.908450348,107.7795652,null,null,null,null,null,null,80,19,45.58064516,FALSE,null,Esala Perahera | Yala National Park Safari Season,TRUE,Colombo,26.4,2.7,85.66666667,20.6
7/15/2013,3696,3740.615893,6.908450348,107.7795652,131.025,4.053,2.216,199.216,170.995,21.42,79.42857143,19,45.5483871,FALSE,null,Esala Perahera | Yala National Park Safari Season,TRUE,Colombo,26.5,1,83.91666667,19.7
7/16/2013,3884,3740.615893,6.908450348,107.7795652,131.4,4.071,2.218,200.21,171.151,21.45,78.85714286,19,45.51612903,FALSE,null,Esala Perahera | Yala National Park Safari Season,TRUE,Colombo,25.6,15.3,89.25,20.3
7/17/2013,3891,3740.615893,6.908450348,107.7795652,131.6,4.055,2.204,200.566,172.948,21.44,78.28571429,19,45.48387097,FALSE,null,Esala Perahera | Yala National Park Safari Season,TRUE,Colombo,25.6,3.4,87.95833333,18
7/18/2013,3891,3740.615893,6.908450348,107.7795652,131.7,4.068,2.22,201.08,172.725,21.46,77.71428571,19,45.4516129,FALSE,null,Esala Perahera | Yala National Park Safari Season,TRUE,Colombo,25.8,5.2,87.75,18.9
7/19/2013,3891,3740.615893,6.908450348,107.7795652,131.7,4.072,2.205,202.298,172.659,21.45,77.14285714,19,45.41935484,FALSE,null,Esala Perahera | Yala National Park Safari Season,TRUE,Colombo,25.9,8.5,87.875,18.3
7/20/2013,4085,3740.615893,6.908450348,107.7795652,null,null,null,null,null,null,76.57142857,19,45.38709677,FALSE,null,Esala Perahera | Yala National Park Safari Season,TRUE,Colombo,26,3.1,87.20833333,14.1
7/21/2013,4280,3740.615893,6.908450348,107.7795652,null,null,null,null,null,null,76,19,45.35483871,FALSE,null,Yala National Park Safari Season,TRUE,Colombo,26.3,6.5,88.375,14.9
7/22/2013,3696,3740.615893,6.908450348,107.7795652,131.7,4.078,2.204,202.41,173.087,21.46,76.85714286,19,45.32258065,TRUE,Esala Full Moon Poya Day,Yala National Park Safari Season,TRUE,Colombo,25.6,19.8,88.33333333,20.2
7/23/2013,3891,3740.615893,6.908450348,107.7795652,131.7,4.053,2.222,201.629,173.653,21.46,77.71428571,19,45.29032258,FALSE,null,Yala National Park Safari Season,TRUE,Colombo,25.4,21.8,89.04166667,18.5
7/24/2013,3891,3740.615893,6.908450348,107.7795652,131.65,4.03,2.233,202.629,174.154,21.46,78.57142857,19,45.25806452,FALSE,null,Yala National Park Safari Season,TRUE,Colombo,25.8,12.1,88.66666667,16.6
7/25/2013,3891,3740.615893,6.908450348,107.7795652,131.65,4.015,2.229,202.459,173.784,21.47,79.42857143,19,45.22580645,FALSE,null,Yala National Park Safari Season,TRUE,Colombo,25.7,5.3,88.875,16.5
7/26/2013,3891,3740.615893,6.908450348,107.7795652,131.625,4.005,2.21,201.868,174.792,21.46,80.28571429,19,45.19354839,FALSE,null,Yala National Park Safari Season,TRUE,Colombo,25.7,6.3,89.54166667,13
7/27/2013,4085,3740.615893,6.908450348,107.7795652,null,null,null,null,null,null,81.14285714,19,45.16129032,FALSE,null,Yala National Park Safari Season,TRUE,Colombo,26.5,0.6,85.54166667,12.5
7/28/2013,4280,3740.615893,6.908450348,107.7795652,null,null,null,null,null,null,82,19,45.12903226,FALSE,null,Yala National Park Safari Season,TRUE,Colombo,26.5,1.6,85.33333333,16.6
7/29/2013,3696,3740.615893,6.908450348,107.7795652,131.6,3.993,2.165,200.596,174.785,21.47,83.71428571,19,45.09677419,FALSE,null,Yala National Park Safari Season,TRUE,Colombo,26.8,0.9,81.58333333,20.4
7/30/2013,3891,3740.615893,6.908450348,107.7795652,131.65,3.997,2.165,200.366,174.534,21.5,85.42857143,19,45.06451613,FALSE,null,Yala National Park Safari Season,TRUE,Colombo,26.9,0.3,81.25,23.1
7/31/2013,3891,3740.615893,6.908450348,107.7795652,131.75,3.976,2.174,199.062,174.607,21.47,87.14285714,19,45.03225806,FALSE,null,Yala National Park Safari Season,TRUE,Colombo,27,2.9,80.20833333,21.3
8/1/2013,3684,3740.615893,6.908450348,111.0581818,131.65,4.009,2.154,201.279,175.26,21.48,88.85714286,25,45,FALSE,null,Yala National Park Safari Season,TRUE,Colombo,26.6,2.2,88.58333333,15.4
8/2/2013,3684,3740.615893,6.908450348,111.0581818,131.65,3.999,2.163,202.195,173.87,21.49,90.57142857,25,44.96774194,FALSE,null,Yala National Park Safari Season,TRUE,Colombo,26.2,10.7,88.29166667,19.7
8/3/2013,3869,3740.615893,6.908450348,111.0581818,null,null,null,null,null,null,92.28571429,25,44.93548387,FALSE,null,Yala National Park Safari Season,TRUE,Colombo,26.4,5.7,87.25,19.3
8/4/2013,4053,3740.615893,6.908450348,111.0581818,null,null,null,null,null,null,94,25,44.90322581,FALSE,null,Yala National Park Safari Season,TRUE,Colombo,25.4,37.8,88.33333333,25.9
8/5/2013,3500,3740.615893,6.908450348,111.0581818,131.65,3.99,2.165,201.979,174.864,21.5,94.42857143,25,44.87096774,FALSE,null,Yala National Park Safari Season,TRUE,Colombo,25.9,4.5,83.29166667,25.5
8/6/2013,3684,3740.615893,6.908450348,111.0581818,131.6,3.995,2.152,203.984,174.548,21.52,94.85714286,25,44.83870968,FALSE,null,Yala National Park Safari Season,TRUE,Colombo,26,3.3,84.20833333,21.7
8/7/2013,3684,3740.615893,6.908450348,111.0581818,131.7,4.008,2.169,204.642,175.113,21.51,95.28571429,25,44.80645161,FALSE,null,Yala National Park Safari Season,TRUE,Colombo,26.2,1.6,83.25,23
8/8/2013,3684,3740.615893,6.908450348,111.0581818,131.7,4.005,2.17,204.135,175.649,21.51,95.71428571,25,44.77419355,FALSE,null,Yala National Park Safari Season,TRUE,Colombo,26.2,0.2,84.625,20.2
8/9/2013,3684,3740.615893,6.908450348,111.0581818,131.7,3.989,2.155,203.654,176.228,21.51,96.14285714,25,44.74193548,TRUE,Eid al-Fitr,Yala National Park Safari Season,TRUE,Colombo,26.2,0.6,83.58333333,21.6
8/10/2013,3869,3740.615893,6.908450348,111.0581818,null,null,null,null,null,null,96.57142857,25,44.70967742,FALSE,null,Yala National Park Safari Season,TRUE,Colombo,26.2,1,86.625,17.3
8/11/2013,4053,3740.615893,6.908450348,111.0581818,null,null,null,null,null,null,97,25,44.67741935,FALSE,null,Yala National Park Safari Season,TRUE,Colombo,26.2,2.1,86.45833333,20
8/12/2013,3500,3740.615893,6.908450348,111.0581818,131.7,3.981,2.146,203.38,175.727,21.51,95.14285714,25,44.64516129,FALSE,null,Yala National Park Safari Season,TRUE,Colombo,26.1,3.9,86.95833333,19.8
8/13/2013,3684,3740.615893,6.908450348,111.0581818,131.65,3.976,2.147,203.909,175.168,21.5,93.28571429,25,44.61290323,FALSE,null,Yala National Park Safari Season,TRUE,Colombo,26.2,1.7,85.66666667,18
8/14/2013,3684,3740.615893,6.908450348,111.0581818,131.55,3.994,2.139,205.529,174.601,21.5,91.42857143,25,44.58064516,FALSE,null,Yala National Park Safari Season,TRUE,Colombo,26.1,1.5,85.25,18.8
8/15/2013,3684,3740.615893,6.908450348,111.0581818,131.4,4.002,2.137,205.919,174.382,21.55,89.57142857,25,44.5483871,FALSE,null,Yala National Park Safari Season,TRUE,Colombo,26,1.7,87.58333333,15.5
8/16/2013,3687,3740.615893,6.908450348,111.0581818,131.75,3.999,2.089,206.45,175.387,21.55,87.71428571,25,44.51612903,FALSE,null,Yala National Park Safari Season,TRUE,Colombo,25.9,2.5,87.625,15.2
8/17/2013,3869,3740.615893,6.908450348,111.0581818,null,null,null,null,null,null,85.85714286,25,44.48387097,FALSE,null,Yala National Park Safari Season,TRUE,Colombo,25.7,1.1,86.58333333,13.2
8/18/2013,4053,3740.615893,6.908450348,111.0581818,null,null,null,null,null,null,84,25,44.4516129,FALSE,null,Yala National Park Safari Season,TRUE,Colombo,26.1,4.2,84.875,18.5
8/19/2013,3500,3740.615893,6.908450348,111.0581818,131.925,4.004,2.09,206.68,175.616,21.54,82.57142857,25,44.41935484,FALSE,null,Yala National Park Safari Season,TRUE,Colombo,26.2,1.9,86.58333333,14.5
8/20/2013,3684,3740.615893,6.908450348,111.0581818,131.925,3.979,2.057,206.549,175.922,21.54,81.14285714,25,44.38709677,TRUE,Nikini Full Moon Poya Day,Yala National Park Safari Season,TRUE,Colombo,26.4,2,84.75,18.7
8/21/2013,3684,3740.615893,6.908450348,111.0581818,131.9,3.991,2.043,205.621,177.004,21.55,79.71428571,25,44.35483871,FALSE,null,Yala National Park Safari Season,TRUE,Colombo,26.4,4.9,85.875,17.2
8/22/2013,3684,3740.615893,6.908450348,111.0581818,131.91,4.011,2.097,206.291,176.179,21.65,78.28571429,25,44.32258065,FALSE,null,Yala National Park Safari Season,TRUE,Colombo,26.3,5.3,87,17.1
8/23/2013,3684,3740.615893,6.908450348,111.0581818,132.51,4.011,2.064,206.709,176.179,21.68,76.85714286,25,44.29032258,FALSE,null,Yala National Park Safari Season,TRUE,Colombo,26.5,2.4,84.58333333,18.9
8/24/2013,3869,3740.615893,6.908450348,111.0581818,null,null,null,null,null,null,75.42857143,25,44.25806452,FALSE,null,Yala National Park Safari Season,TRUE,Colombo,26.7,1.7,82.04166667,20
8/25/2013,4053,3740.615893,6.908450348,111.0581818,null,null,null,null,null,null,74,25,44.22580645,FALSE,null,Yala National Park Safari Season,TRUE,Colombo,26.5,2.2,85.29166667,18.1
8/26/2013,3500,3740.615893,6.908450348,111.0581818,132.71,4.008,2.004,206.628,177.325,21.71,74.14285714,25,44.19354839,FALSE,null,Yala National Park Safari Season,TRUE,Colombo,26.6,3.8,83.95833333,19.9
8/27/2013,3684,3740.615893,6.908450348,111.0581818,132.91,4.013,1.936,206.827,177.413,21.76,74.28571429,25,44.16129032,FALSE,null,Yala National Park Safari Season,TRUE,Colombo,26.4,1.8,84.04166667,18.8
8/28/2013,3684,3740.615893,6.908450348,111.0581818,133.2,4.005,2.001,206.514,178.006,21.76,74.42857143,25,44.12903226,FALSE,null,Yala National Park Safari Season,TRUE,Colombo,26.5,1.1,85.45833333,19.8
8/29/2013,3684,3740.615893,6.908450348,111.0581818,133.2,3.995,2.023,206.121,177.682,21.72,74.57142857,25,44.09677419,FALSE,null,Yala National Park Safari Season,TRUE,Colombo,26.5,10.6,86.66666667,10.1
8/30/2013,3684,3740.615893,6.908450348,111.0581818,132.9,3.984,2.016,206.833,176.37,21.74,74.71428571,25,44.06451613,FALSE,null,Yala National Park Safari Season,TRUE,Colombo,26.5,18.8,86.125,9.3
8/31/2013,3869,3740.615893,6.908450348,111.0581818,null,null,null,null,null,null,74.85714286,25,44.03225806,FALSE,null,Yala National Park Safari Season,TRUE,Colombo,26.4,0.3,85.125,16.3
9/1/2013,3305,3740.615893,6.908450348,111.9628571,null,null,null,null,null,null,75,22,44,FALSE,null,Yala National Park Safari Season,TRUE,Colombo,25.9,10.3,88.33333333,13.9
9/2/2013,2854,3740.615893,6.908450348,111.9628571,133.05,3.972,1.967,207.026,175.733,21.74,75.28571429,22,44.06666667,FALSE,null,Yala National Park Safari Season,TRUE,Colombo,25.9,10.8,87.25,15
9/3/2013,3004,3740.615893,6.908450348,111.9628571,133.05,3.991,1.983,207.832,175.519,21.73,75.57142857,22,44.13333333,FALSE,null,Yala National Park Safari Season,TRUE,Colombo,25.8,5.8,86.875,13.8
9/4/2013,3004,3740.615893,6.908450348,111.9628571,133,3.979,2.015,207.432,175.227,21.74,75.85714286,22,44.2,FALSE,null,Yala National Park Safari Season,TRUE,Colombo,25.8,3.1,88.45833333,11.3
9/5/2013,3004,3740.615893,6.908450348,111.9628571,133.05,3.995,2.037,207.752,175.673,21.72,76.14285714,22,44.26666667,FALSE,null,Yala National Park Safari Season,TRUE,Colombo,25.6,10.1,88.125,14.9
9/6/2013,3004,3740.615893,6.908450348,111.9628571,132.91,4.008,2.037,208.582,174.561,21.71,76.42857143,22,44.33333333,FALSE,null,Yala National Park Safari Season,TRUE,Colombo,25.2,20.3,87.83333333,18.1
9/7/2013,3154,3740.615893,6.908450348,111.9628571,null,null,null,null,null,null,76.71428571,22,44.4,FALSE,null,Yala National Park Safari Season,TRUE,Colombo,25.9,4.8,85.70833333,18.1
9/8/2013,3305,3740.615893,6.908450348,111.9628571,null,null,null,null,null,null,77,22,44.46666667,FALSE,null,Yala National Park Safari Season,TRUE,Colombo,25.4,12.2,88.20833333,18.8
9/9/2013,2854,3740.615893,6.908450348,111.9628571,132.91,4.033,2.081,209.033,175.175,21.71,76.42857143,22,44.53333333,FALSE,null,Yala National Park Safari Season,TRUE,Colombo,25.5,14.8,86.54166667,20
9/10/2013,3004,3740.615893,6.908450348,111.9628571,132.85,4.037,2.092,209.351,176.173,21.63,75.85714286,22,44.6,FALSE,null,Yala National Park Safari Season,TRUE,Colombo,25.8,25.3,85.875,19.3
9/11/2013,3004,3740.615893,6.908450348,111.9628571,132.35,4.053,2.086,209.153,176.272,21.63,75.28571429,22,44.66666667,FALSE,null,Yala National Park Safari Season,TRUE,Colombo,25,20.4,90.04166667,20.5
9/12/2013,3004,3740.615893,6.908450348,111.9628571,132.325,4.074,2.087,209.947,176.178,21.61,74.71428571,22,44.73333333,FALSE,null,Yala National Park Safari Season,TRUE,Colombo,24.9,23.9,91.04166667,20.5
9/13/2013,3004,3740.615893,6.908450348,111.9628571,132.25,4.092,2.105,210.225,175.979,21.61,74.14285714,22,44.8,FALSE,null,Yala National Park Safari Season,TRUE,Colombo,25.4,8.7,89.70833333,18.5
9/14/2013,3154,3740.615893,6.908450348,111.9628571,null,null,null,null,null,null,73.57142857,22,44.86666667,FALSE,null,Yala National Park Safari Season,TRUE,Colombo,25.5,15.5,90.875,18.3
9/15/2013,3305,3740.615893,6.908450348,111.9628571,null,null,null,null,null,null,73,22,44.93333333,FALSE,null,Yala National Park Safari Season,TRUE,Colombo,26.4,3.4,84.375,20.3
9/16/2013,2856,3740.615893,6.908450348,111.9628571,132.25,4.106,2.087,210.331,175.813,21.6,72.42857143,22,45,FALSE,null,Yala National Park Safari Season,TRUE,Colombo,25.6,10,89.79166667,18.7
9/17/2013,3004,3740.615893,6.908450348,111.9628571,132.25,4.161,2.087,213.612,176.342,21.61,71.85714286,22,45.06666667,FALSE,null,Yala National Park Safari Season,TRUE,Colombo,25.4,24,89.5,23.9
9/18/2013,3004,3740.615893,6.908450348,111.9628571,132.3,4.179,2.142,212.084,176.673,21.61,71.28571429,22,45.13333333,FALSE,null,Yala National Park Safari Season,TRUE,Colombo,25.6,17.8,88.16666667,22.6
9/19/2013,3004,3740.615893,6.908450348,111.9628571,132.3,4.149,2.124,211.6,178.897,21.6,70.71428571,22,45.2,TRUE,Binara Full Moon Poya Day,Yala National Park Safari Season,TRUE,Colombo,26.4,3.1,86.83333333,20.2
9/20/2013,3004,3740.615893,6.908450348,111.9628571,132.2,4.152,2.11,211.922,179.002,21.58,70.14285714,22,45.26666667,FALSE,null,Yala National Park Safari Season,TRUE,Colombo,26.1,12.8,89.58333333,19.1
9/21/2013,3154,3740.615893,6.908450348,111.9628571,null,null,null,null,null,null,69.57142857,22,45.33333333,FALSE,null,Yala National Park Safari Season,TRUE,Colombo,26.9,3.2,84.29166667,20.7
9/22/2013,3305,3740.615893,6.908450348,111.9628571,null,null,null,null,null,null,69,22,45.4,FALSE,null,Yala National Park Safari Season,TRUE,Colombo,26.5,3.2,86.20833333,19.4
9/23/2013,2854,3740.615893,6.908450348,111.9628571,132.1,4.146,2.105,211.52,178.788,21.59,68.28571429,22,45.46666667,FALSE,null,Yala National Park Safari Season,TRUE,Colombo,26.6,3.3,86.625,17.4
9/24/2013,3004,3740.615893,6.908450348,111.9628571,132.175,4.115,2.115,212.337,178.243,21.58,67.57142857,22,45.53333333,FALSE,null,Yala National Park Safari Season,TRUE,Colombo,26.7,0.5,83.375,14.5
9/25/2013,3004,3740.615893,6.908450348,111.9628571,132.05,4.082,2.127,211.741,178.086,21.56,66.85714286,22,45.6,FALSE,null,Yala National Park Safari Season,TRUE,Colombo,26.5,2.7,83.375,15
9/26/2013,3004,3740.615893,6.908450348,111.9628571,132,4.086,2.112,213.069,178.611,21.57,66.14285714,22,45.66666667,FALSE,null,Yala National Park Safari Season,TRUE,Colombo,26.5,1,83.70833333,15.5
9/27/2013,3004,3740.615893,6.908450348,111.9628571,132.025,4.075,2.109,213.655,178.054,21.56,65.42857143,22,45.73333333,FALSE,null,Yala National Park Safari Season,TRUE,Colombo,26.6,0,81.5,13.6
9/28/2013,3154,3740.615893,6.908450348,111.9628571,null,null,null,null,null,null,64.71428571,22,45.8,FALSE,null,Yala National Park Safari Season,TRUE,Colombo,26.6,2.5,82.41666667,19.1
9/29/2013,3305,3740.615893,6.908450348,111.9628571,null,null,null,null,null,null,64,22,45.86666667,FALSE,null,Yala National Park Safari Season,TRUE,Colombo,26.8,1,80.95833333,18.4
9/30/2013,2854,3740.615893,6.908450348,111.9628571,132,4.077,2.105,212.924,178.524,21.48,65.28571429,22,45.93333333,FALSE,null,Yala National Park Safari Season,TRUE,Colombo,26.7,2.7,84.70833333,20
10/1/2013,2913,3740.615893,6.908450348,109.6186957,131.475,4.079,2.105,213.258,178.543,21.47,66.57142857,19,46,FALSE,null,null,FALSE,Colombo,26.6,4.6,87.41666667,15.2
10/2/2013,2913,3740.615893,6.908450348,109.6186957,131.45,4.086,2.129,212.371,177.833,21.47,67.85714286,19,45.93548387,FALSE,null,null,FALSE,Colombo,26.8,1,85.29166667,17.9
10/3/2013,2913,3740.615893,6.908450348,109.6186957,131.45,4.08,2.137,210.205,178.49,21.45,69.14285714,19,45.87096774,FALSE,null,null,FALSE,Colombo,26.5,4.4,84.29166667,15.9
10/4/2013,2913,3740.615893,6.908450348,109.6186957,131.3,4.072,2.122,211.106,179.008,21.42,70.42857143,19,45.80645161,FALSE,null,null,FALSE,Colombo,25.3,5.4,90.16666667,16
10/5/2013,3059,3740.615893,6.908450348,109.6186957,null,null,null,null,null,null,71.71428571,19,45.74193548,FALSE,null,null,FALSE,Colombo,25.8,3.4,87.70833333,12.3
10/6/2013,3205,3740.615893,6.908450348,109.6186957,null,null,null,null,null,null,73,19,45.67741935,FALSE,null,null,FALSE,Colombo,26.3,0.6,81.04166667,14
10/7/2013,2768,3740.615893,6.908450348,109.6186957,131.15,4.049,2.118,211.029,178.017,21.43,74.14285714,19,45.61290323,FALSE,null,null,FALSE,Colombo,26.5,1,80.75,16.6
10/8/2013,2913,3740.615893,6.908450348,109.6186957,131.2,4.057,2.119,209.223,178.128,21.42,75.28571429,19,45.5483871,FALSE,null,null,FALSE,Colombo,26.9,2.1,79.41666667,15.1
10/9/2013,2913,3740.615893,6.908450348,109.6186957,131.125,4.076,2.137,209.388,178.078,21.44,76.42857143,19,45.48387097,FALSE,null,null,FALSE,Colombo,26.7,2.3,81.75,17.5
10/10/2013,2913,3740.615893,6.908450348,109.6186957,131.15,4.068,2.148,209.137,177.353,21.42,77.57142857,19,45.41935484,FALSE,null,null,FALSE,Colombo,26.1,5.6,88.41666667,15.2
10/11/2013,2913,3740.615893,6.908450348,109.6186957,131.075,4.055,2.127,209.237,177.315,21.43,78.71428571,19,45.35483871,FALSE,null,null,FALSE,Colombo,26.9,2.1,84.25,21
10/12/2013,3059,3740.615893,6.908450348,109.6186957,null,null,null,null,null,null,79.85714286,19,45.29032258,FALSE,null,null,FALSE,Colombo,25.9,7.6,87.54166667,22.1
10/13/2013,3205,3740.615893,6.908450348,109.6186957,null,null,null,null,null,null,81,19,45.22580645,FALSE,null,null,FALSE,Colombo,26.4,5.3,87,12.7
10/14/2013,2768,3740.615893,6.908450348,109.6186957,130.9,4.06,2.121,209.808,177.502,21.49,79.28571429,19,45.16129032,FALSE,null,null,FALSE,Colombo,26.9,1.6,82.66666667,17.3
10/15/2013,2913,3740.615893,6.908450348,109.6186957,131.15,4.091,2.124,209.191,177.52,21.5,77.57142857,19,45.09677419,FALSE,null,Hikkaduwa Surf Festival,TRUE,Colombo,26.9,2.2,82.54166667,15.8
10/16/2013,2915,3740.615893,6.908450348,109.6186957,131.15,4.111,2.143,211.755,177.361,21.48,75.85714286,19,45.03225806,TRUE,Eid al-Adha,Hikkaduwa Surf Festival,TRUE,Colombo,26.9,7.3,83.54166667,14.8
10/17/2013,2913,3740.615893,6.908450348,109.6186957,131,4.111,2.139,211.795,177.505,21.49,74.14285714,19,44.96774194,FALSE,null,Hikkaduwa Surf Festival,TRUE,Colombo,25.8,29.7,89,15.9
10/18/2013,2913,3740.615893,6.908450348,109.6186957,131,4.094,2.126,211.371,179.149,21.49,72.42857143,19,44.90322581,TRUE,Vap Full Moon Poya Day,Hikkaduwa Surf Festival,TRUE,Colombo,25.5,11.5,90.04166667,12.3
10/19/2013,3059,3740.615893,6.908450348,109.6186957,null,null,null,null,null,null,70.71428571,19,44.83870968,FALSE,null,Hikkaduwa Surf Festival,TRUE,Colombo,24.5,31.2,92.25,15.3
10/20/2013,3205,3740.615893,6.908450348,109.6186957,null,null,null,null,null,null,69,19,44.77419355,FALSE,null,null,FALSE,Colombo,25.4,23.3,88.75,17.3
10/21/2013,2768,3740.615893,6.908450348,109.6186957,130.9,4.128,2.122,212.401,179.293,21.47,69.57142857,19,44.70967742,FALSE,null,null,FALSE,Colombo,25.7,12.6,88.66666667,19.9
10/22/2013,2913,3740.615893,6.908450348,109.6186957,130.825,4.118,2.122,211.345,179.104,21.49,70.14285714,19,44.64516129,FALSE,null,null,FALSE,Colombo,25.9,7.2,89.20833333,18.8
10/23/2013,2913,3740.615893,6.908450348,109.6186957,130.75,4.119,2.124,211.51,180.297,21.46,70.71428571,19,44.58064516,FALSE,null,null,FALSE,Colombo,26.6,2.3,87.29166667,15
10/24/2013,2913,3740.615893,6.908450348,109.6186957,130.55,4.107,2.126,211.209,180.127,21.47,71.28571429,19,44.51612903,FALSE,null,null,FALSE,Colombo,25.9,5.9,90.625,13.8
10/25/2013,2913,3740.615893,6.908450348,109.6186957,130.65,4.104,2.132,211.461,180.159,21.53,71.85714286,19,44.4516129,FALSE,null,null,FALSE,Colombo,25.9,10.9,87.83333333,14.7
10/26/2013,3059,3740.615893,6.908450348,109.6186957,null,null,null,null,null,null,72.42857143,19,44.38709677,FALSE,null,null,FALSE,Colombo,26.6,0,83.54166667,11.3
10/27/2013,3205,3740.615893,6.908450348,109.6186957,null,null,null,null,null,null,73,19,44.32258065,FALSE,null,null,FALSE,Colombo,25.9,8.6,89.125,15.9
10/28/2013,2768,3740.615893,6.908450348,109.6186957,131,4.077,2.132,210.135,180.362,21.5,72.71428571,19,44.25806452,FALSE,null,null,FALSE,Colombo,26.3,2.6,86.20833333,13
10/29/2013,2913,3740.615893,6.908450348,109.6186957,130.95,4.095,2.139,210.192,180.577,21.51,72.42857143,19,44.19354839,FALSE,null,null,FALSE,Colombo,26,4.4,89.75,12.5
10/30/2013,2913,3740.615893,6.908450348,109.6186957,131.05,4.08,2.124,209.996,179.998,21.48,72.14285714,19,44.12903226,FALSE,null,null,FALSE,Colombo,25.9,23.4,89.20833333,11.3
10/31/2013,2913,3740.615893,6.908450348,109.6186957,130.9,4.036,2.122,208.677,180.011,21.48,71.85714286,19,44.06451613,FALSE,null,null,FALSE,Colombo,25.2,122.6,90.95833333,7.6
11/1/2013,4006,3740.615893,6.908450348,108.1504762,131.025,4.051,2.124,209.42,177.821,21.5,71.57142857,23,44,FALSE,null,null,FALSE,Colombo,25.7,8.7,87.16666667,10.4
11/2/2013,4206,3740.615893,6.908450348,108.1504762,null,null,null,null,null,null,71.28571429,23,43.86666667,TRUE,Deepavali Festival Day,null,FALSE,Colombo,25.4,35.4,89.375,10.7
11/3/2013,4406,3740.615893,6.908450348,108.1504762,null,null,null,null,null,null,71,23,43.73333333,FALSE,null,null,FALSE,Colombo,25.8,18.9,86.58333333,8.6
11/4/2013,3805,3740.615893,6.908450348,108.1504762,131.15,4.03,2.128,210.437,176.72,21.51,71.28571429,23,43.6,FALSE,null,null,FALSE,Colombo,26.2,1.6,84.75,6.8
11/5/2013,4006,3740.615893,6.908450348,108.1504762,131.15,4.05,2.101,210.869,177.255,21.52,71.57142857,23,43.46666667,FALSE,null,null,FALSE,Colombo,26.1,5.4,86.20833333,10.2
11/6/2013,4006,3740.615893,6.908450348,108.1504762,131.125,4.039,2.1,211.032,176.718,21.52,71.85714286,23,43.33333333,FALSE,null,null,FALSE,Colombo,25.6,14.4,87.25,9.4
11/7/2013,4006,3740.615893,6.908450348,108.1504762,131.1,4.015,2.099,210.029,177.183,21.53,72.14285714,23,43.2,FALSE,null,null,FALSE,Colombo,25.6,13.3,86.83333333,8.4
11/8/2013,4006,3740.615893,6.908450348,108.1504762,131.125,3.993,2.073,209.623,175.929,21.52,72.42857143,23,43.06666667,FALSE,null,null,FALSE,Colombo,26.2,2.5,85.08333333,8.5
11/9/2013,4206,3740.615893,6.908450348,108.1504762,null,null,null,null,null,null,72.71428571,23,42.93333333,FALSE,null,null,FALSE,Colombo,26.1,8,86.70833333,9
11/10/2013,4406,3740.615893,6.908450348,108.1504762,null,null,null,null,null,null,73,23,42.8,FALSE,null,null,FALSE,Colombo,26.1,12.6,86.41666667,9.8
11/11/2013,3805,3740.615893,6.908450348,108.1504762,131.1,3.989,2.057,208.515,175.334,21.52,73.42857143,23,42.66666667,FALSE,null,null,FALSE,Colombo,26.2,7.1,86.08333333,11.5
11/12/2013,4006,3740.615893,6.908450348,108.1504762,131.1,4.003,2.071,210.521,175.753,21.52,73.85714286,23,42.53333333,FALSE,null,null,FALSE,Colombo,25.9,26.3,86.625,14
11/13/2013,4006,3740.615893,6.908450348,108.1504762,131.1,4.004,2.078,210.693,176.146,21.53,74.28571429,23,42.4,FALSE,null,null,FALSE,Colombo,25.2,9.7,86,18.4
11/14/2013,4006,3740.615893,6.908450348,108.1504762,131.15,4.027,2.082,211.433,176.808,21.53,74.71428571,23,42.26666667,FALSE,null,null,FALSE,Colombo,26.2,0.2,84,17.3
11/15/2013,4006,3740.615893,6.908450348,108.1504762,131.15,4.026,2.101,211.283,176.521,21.53,75.14285714,23,42.13333333,FALSE,null,null,FALSE,Colombo,26.1,0.2,78.375,17.7
11/16/2013,4201,3740.615893,6.908450348,108.1504762,null,null,null,null,null,null,75.57142857,23,42,FALSE,null,null,FALSE,Colombo,25.2,1.2,78.41666667,14.7
11/17/2013,4406,3740.615893,6.908450348,108.1504762,null,null,null,null,null,null,76,23,41.86666667,TRUE,Il Full Moon Poya Day,null,FALSE,Colombo,25.8,1.6,83.29166667,8.8
11/18/2013,3805,3740.615893,6.908450348,108.1504762,131.15,4.007,2.102,211.346,176.994,21.52,75.57142857,23,41.73333333,FALSE,null,null,FALSE,Colombo,25.8,1.4,85.125,7.3
11/19/2013,4006,3740.615893,6.908450348,108.1504762,131.1,3.984,2.095,211.137,177.118,21.52,75.14285714,23,41.6,FALSE,null,null,FALSE,Colombo,25.6,4.1,87.70833333,9.4
11/20/2013,4006,3740.615893,6.908450348,108.1504762,131.1,3.974,2.083,212.389,177.502,21.52,74.71428571,23,41.46666667,FALSE,null,null,FALSE,Colombo,26.4,0.2,82.45833333,16.4
11/21/2013,4006,3740.615893,6.908450348,108.1504762,131.1,4.005,2.091,212.804,176.192,21.52,74.28571429,23,41.33333333,FALSE,null,null,FALSE,Colombo,26.3,0.1,81.75,9.2
11/22/2013,4006,3740.615893,6.908450348,108.1504762,131.15,3.984,2.098,211.886,176.75,21.53,73.85714286,23,41.2,FALSE,null,null,FALSE,Colombo,26.2,3.9,85.04166667,10.3
11/23/2013,4206,3740.615893,6.908450348,108.1504762,null,null,null,null,null,null,73.42857143,23,41.06666667,FALSE,null,null,FALSE,Colombo,25.7,14.8,86.58333333,12.1
11/24/2013,4406,3740.615893,6.908450348,108.1504762,null,null,null,null,null,null,73,23,40.93333333,FALSE,null,null,FALSE,Colombo,25.4,15.7,88.125,6.7
11/25/2013,3805,3740.615893,6.908450348,108.1504762,131.15,3.981,2.099,212.754,177.82,21.53,73.14285714,23,40.8,FALSE,null,null,FALSE,Colombo,26.2,0.5,84.375,12.4
11/26/2013,4006,3740.615893,6.908450348,108.1504762,131.2,3.956,2.112,213.82,177.269,21.55,73.28571429,23,40.66666667,FALSE,null,null,FALSE,Colombo,26.2,0.8,83.625,10.8
11/27/2013,4006,3740.615893,6.908450348,108.1504762,131.275,3.958,2.107,214.414,178.065,21.54,73.42857143,23,40.53333333,FALSE,null,null,FALSE,Colombo,26.2,0,81.33333333,14.7
11/28/2013,4006,3740.615893,6.908450348,108.1504762,131.2,3.959,2.103,214.824,178.258,21.54,73.57142857,23,40.4,FALSE,null,null,FALSE,Colombo,25.5,0,80.83333333,6.8
11/29/2013,4006,3740.615893,6.908450348,108.1504762,131.25,3.944,2.103,214.359,178.504,21.51,73.71428571,23,40.26666667,FALSE,null,null,FALSE,Colombo,26,1.1,82.875,6.9
11/30/2013,4206,3740.615893,6.908450348,108.1504762,null,null,null,null,null,null,73.85714286,23,40.13333333,FALSE,null,null,FALSE,Colombo,26,0.3,81.375,7.3
12/1/2013,5759,3740.615893,6.908450348,111.0704545,null,null,null,null,null,null,74,21,40,FALSE,null,null,FALSE,Colombo,25.2,18.2,87.625,9.8
12/2/2013,4974,3740.615893,6.908450348,111.0704545,131.05,3.936,2.098,214.489,178.375,21.48,76,21,39.93548387,FALSE,null,null,FALSE,Colombo,25.4,15.7,87.91666667,10.9
12/3/2013,5236,3740.615893,6.908450348,111.0704545,130.85,3.951,2.108,214.359,177.462,21.48,78,21,39.87096774,FALSE,null,null,FALSE,Colombo,25.6,6.7,82.45833333,13.9
12/4/2013,5236,3740.615893,6.908450348,111.0704545,130.83,3.968,2.119,213.77,177.819,21.48,80,21,39.80645161,FALSE,null,null,FALSE,Colombo,25.4,3.2,84.95833333,10.7
12/5/2013,5236,3740.615893,6.908450348,111.0704545,130.87,3.993,2.13,213.933,177.844,21.52,82,21,39.74193548,FALSE,null,null,FALSE,Colombo,24.8,3.5,84.70833333,22.4
12/6/2013,5236,3740.615893,6.908450348,111.0704545,130.85,4.002,2.139,214.904,178.867,21.54,84,21,39.67741935,FALSE,null,null,FALSE,Colombo,25.3,5.5,85.375,24.3
12/7/2013,5497,3740.615893,6.908450348,111.0704545,null,null,null,null,null,null,86,21,39.61290323,FALSE,null,null,FALSE,Colombo,25.8,0.8,83.625,20.4
12/8/2013,5759,3740.615893,6.908450348,111.0704545,null,null,null,null,null,null,88,21,39.5483871,FALSE,null,null,FALSE,Colombo,25.7,0.2,84.58333333,21.6
12/9/2013,4974,3740.615893,6.908450348,111.0704545,130.8,3.999,2.143,215.114,179.337,21.55,88.71428571,21,39.48387097,FALSE,null,null,FALSE,Colombo,25.8,0.3,83.41666667,14.8
12/10/2013,5236,3740.615893,6.908450348,111.0704545,130.8,3.992,2.135,214.185,179.7,21.54,89.42857143,21,39.41935484,FALSE,null,null,FALSE,Colombo,25.1,0,83.08333333,9.4
12/11/2013,5236,3740.615893,6.908450348,111.0704545,130.8,3.988,2.117,214.022,179.994,21.56,90.14285714,21,39.35483871,FALSE,null,null,FALSE,Colombo,25.8,0.4,83.375,11.6
12/12/2013,5236,3740.615893,6.908450348,111.0704545,130.9,3.976,2.103,213.201,180.315,21.55,90.85714286,21,39.29032258,FALSE,null,null,FALSE,Colombo,25.6,2.7,85.95833333,12.9
12/13/2013,5236,3740.615893,6.908450348,111.0704545,130.81,3.971,2.119,213.188,180.053,21.54,91.57142857,21,39.22580645,FALSE,null,null,FALSE,Colombo,25.3,9.6,90.29166667,8
12/14/2013,5497,3740.615893,6.908450348,111.0704545,null,null,null,null,null,null,92.28571429,21,39.16129032,FALSE,null,null,FALSE,Colombo,25.5,18.6,86.66666667,8.7
12/15/2013,5759,3740.615893,6.908450348,111.0704545,null,null,null,null,null,null,93,21,39.09677419,FALSE,null,null,FALSE,Colombo,25.3,14.6,88.20833333,12
12/16/2013,4970,3740.615893,6.908450348,111.0704545,130.81,3.967,2.109,212.774,179.772,21.55,93.71428571,21,39.03225806,TRUE,Unduvap Full Moon Poya Day,null,FALSE,Colombo,25.4,0,78.41666667,19.4
12/17/2013,5236,3740.615893,6.908450348,111.0704545,130.825,3.976,2.106,214.401,180.008,21.54,94.42857143,21,38.96774194,FALSE,null,null,FALSE,Colombo,24.8,0,74.125,20.3
12/18/2013,5236,3740.615893,6.908450348,111.0704545,130.8,3.964,2.104,214.097,180.12,21.54,95.14285714,21,38.90322581,FALSE,null,null,FALSE,Colombo,25.8,0,74.95833333,15.4
12/19/2013,5236,3740.615893,6.908450348,111.0704545,130.75,3.962,2.108,213.505,179,21.53,95.85714286,21,38.83870968,FALSE,null,null,FALSE,Colombo,25.3,1.6,79.79166667,12.1
12/20/2013,5236,3740.615893,6.908450348,111.0704545,130.7,3.997,2.11,213.855,178.644,21.54,96.57142857,21,38.77419355,FALSE,null,null,FALSE,Colombo,26.2,4.8,80,11.8
12/21/2013,5497,3740.615893,6.908450348,111.0704545,null,null,null,null,null,null,97.28571429,21,38.70967742,FALSE,null,null,FALSE,Colombo,26.1,8,84.75,6.5
12/22/2013,5759,3740.615893,6.908450348,111.0704545,null,null,null,null,null,null,98,21,38.64516129,FALSE,null,null,FALSE,Colombo,26.1,0.3,74.45833333,11.8
12/23/2013,4974,3740.615893,6.908450348,111.0704545,130.75,4.009,2.118,214.192,178.686,21.54,98.28571429,21,38.58064516,FALSE,null,null,FALSE,Colombo,25.3,0,67.70833333,13.4
12/24/2013,5236,3740.615893,6.908450348,111.0704545,130.8,4.002,2.117,213.865,179.076,21.54,98.57142857,21,38.51612903,FALSE,null,null,FALSE,Colombo,26.3,1.1,77.83333333,13.7
12/25/2013,5236,3740.615893,6.908450348,111.0704545,130.8,4.001,2.103,214.54,178.986,21.52,98.85714286,21,38.4516129,TRUE,Christmas Day,null,FALSE,Colombo,25.9,4.7,75.91666667,18.9
12/26/2013,5236,3740.615893,6.908450348,111.0704545,130.725,4.009,2.111,215.483,178.935,21.55,99.14285714,21,38.38709677,FALSE,null,null,FALSE,Colombo,25.5,0,68.375,17.8
12/27/2013,5236,3740.615893,6.908450348,111.0704545,130.75,3.986,2.113,215.888,178.982,21.58,99.42857143,21,38.32258065,FALSE,null,null,FALSE,Colombo,25.6,0,71.875,14.4
12/28/2013,5497,3740.615893,6.908450348,111.0704545,null,null,null,null,null,null,99.71428571,21,38.25806452,FALSE,null,null,FALSE,Colombo,25.6,0.4,75.04166667,11.6
12/29/2013,5759,3740.615893,6.908450348,111.0704545,null,null,null,null,null,null,100,21,38.19354839,FALSE,null,null,FALSE,Colombo,25.9,0,70.25,13.1
12/30/2013,4974,3740.615893,6.908450348,111.0704545,130.825,3.976,2.116,216.579,179.677,21.61,99.28571429,21,38.12903226,FALSE,null,null,FALSE,Colombo,26.1,0,68.91666667,13.4
12/31/2013,5236,3740.615893,6.908450348,111.0704545,130.8,3.98,2.112,216.607,180.597,21.6,98.57142857,21,38.06451613,FALSE,null,null,FALSE,Colombo,26.6,0,70.29166667,13
1/1/2014,4188,3971.919131,3.179002282,107.9269565,130.75,3.949,2.099,215.095,179.798,21.61,97.85714286,24,38,FALSE,null,null,FALSE,Colombo,26.9,0,66.29166667,13.7
1/2/2014,4188,3971.919131,3.179002282,107.9269565,130.725,3.937,2.102,214.564,179.834,21.6,97.14285714,24,38.48387097,FALSE,null,null,FALSE,Colombo,26.5,0,66.54166667,14.8
1/3/2014,4188,3971.919131,3.179002282,107.9269565,130.7,3.937,2.098,214.502,178.728,21.6,96.42857143,24,38.96774194,FALSE,null,null,FALSE,Colombo,26.4,0,72.04166667,15.1
1/4/2014,4398,3971.919131,3.179002282,107.9269565,null,null,null,null,null,null,95.71428571,24,39.4516129,FALSE,null,null,FALSE,Colombo,25.8,0,70.54166667,21.2
1/5/2014,4607,3971.919131,3.179002282,107.9269565,null,null,null,null,null,null,95,24,39.93548387,FALSE,null,null,FALSE,Colombo,25,0,71.04166667,20.4
1/6/2014,3979,3971.919131,3.179002282,107.9269565,130.75,3.944,2.098,214.387,177.601,21.6,94.71428571,24,40.41935484,FALSE,null,null,FALSE,Colombo,25.7,0.5,80.91666667,18.4
1/7/2014,4188,3971.919131,3.179002282,107.9269565,130.7,3.944,2.105,215.222,178.186,21.62,94.42857143,24,40.90322581,FALSE,null,null,FALSE,Colombo,25.5,8.3,86.79166667,12.4
1/8/2014,4188,3971.919131,3.179002282,107.9269565,130.85,3.935,2.105,215.407,177.961,21.59,94.14285714,24,41.38709677,FALSE,null,null,FALSE,Colombo,26.4,1.7,80.91666667,13.4
1/9/2014,4188,3971.919131,3.179002282,107.9269565,130.7,3.96,2.111,215.426,177.636,21.6,93.85714286,24,41.87096774,FALSE,null,null,FALSE,Colombo,26.4,0.7,81.79166667,8
1/10/2014,4188,3971.919131,3.179002282,107.9269565,130.7,3.926,2.124,214.12,177.844,21.63,93.57142857,24,42.35483871,FALSE,null,null,FALSE,Colombo,26.8,0.5,72.95833333,10.5
1/11/2014,4398,3971.919131,3.179002282,107.9269565,null,null,null,null,null,null,93.28571429,24,42.83870968,FALSE,null,null,FALSE,Colombo,26.3,0,74.33333333,8.2
1/12/2014,4607,3971.919131,3.179002282,107.9269565,null,null,null,null,null,null,93,24,43.32258065,FALSE,null,null,FALSE,Colombo,26.3,3.5,75.66666667,11.9
1/13/2014,3979,3971.919131,3.179002282,107.9269565,130.7,3.923,2.126,214.877,178.66,21.63,91.57142857,24,43.80645161,FALSE,null,null,FALSE,Colombo,25.8,0,75.75,15.9
1/14/2014,4188,3971.919131,3.179002282,107.9269565,130.7,3.914,2.123,213.969,178.693,21.62,90.14285714,24,44.29032258,TRUE,Prophet's Birthday; Tamil Thai Pongal Day,null,FALSE,Colombo,26.7,0.6,77.54166667,8
1/15/2014,4188,3971.919131,3.179002282,107.9269565,130.7,3.911,2.123,213.706,178.791,21.58,88.71428571,24,44.77419355,TRUE,Duruthu Full Moon Poya Day,null,FALSE,Colombo,25.9,5.6,86.08333333,13.9
1/16/2014,4191,3971.919131,3.179002282,107.9269565,130.675,3.888,2.124,214.668,177.817,21.6,87.28571429,24,45.25806452,FALSE,null,null,FALSE,Colombo,26.2,0.4,79.91666667,7.1
1/17/2014,4188,3971.919131,3.179002282,107.9269565,130.7,3.871,2.122,214.826,178.005,21.6,85.85714286,24,45.74193548,FALSE,null,null,FALSE,Colombo,27,0.1,72.20833333,11.8
1/18/2014,4398,3971.919131,3.179002282,107.9269565,null,null,null,null,null,null,84.42857143,24,46.22580645,FALSE,null,null,FALSE,Colombo,26.5,0.3,69.58333333,11.8
1/19/2014,4607,3971.919131,3.179002282,107.9269565,null,null,null,null,null,null,83,24,46.70967742,FALSE,null,null,FALSE,Colombo,27,0,67.91666667,9.8
1/20/2014,3979,3971.919131,3.179002282,107.9269565,130.74,3.85,2.114,215.507,176.981,21.62,82.42857143,24,47.19354839,FALSE,null,null,FALSE,Colombo,27,0,64.5,10.1
1/21/2014,4188,3971.919131,3.179002282,107.9269565,130.8,3.853,2.116,216.801,177.179,21.62,81.85714286,24,47.67741935,FALSE,null,null,FALSE,Colombo,27.6,0,62.83333333,15.5
1/22/2014,4188,3971.919131,3.179002282,107.9269565,130.8,3.828,2.111,217.488,177.385,21.6,81.28571429,24,48.16129032,FALSE,null,null,FALSE,Colombo,27.4,0,65.33333333,10.2
1/23/2014,4188,3971.919131,3.179002282,107.9269565,130.725,3.786,2.084,215.357,177.202,21.6,80.71428571,24,48.64516129,FALSE,null,null,FALSE,Colombo,27.6,0,66.25,9.4
1/24/2014,4188,3971.919131,3.179002282,107.9269565,130.65,3.769,2.072,216.801,179.028,21.61,80.14285714,24,49.12903226,FALSE,null,null,FALSE,Colombo,27.7,0.4,61.70833333,8.7
1/25/2014,4398,3971.919131,3.179002282,107.9269565,null,null,null,null,null,null,79.57142857,24,49.61290323,FALSE,null,null,FALSE,Colombo,27.2,0,55.75,13.6
1/26/2014,4607,3971.919131,3.179002282,107.9269565,null,null,null,null,null,null,79,24,50.09677419,FALSE,null,null,FALSE,Colombo,26.9,0,55.79166667,15.7
1/27/2014,3979,3971.919131,3.179002282,107.9269565,130.725,3.761,2.091,216.895,178.697,21.62,80,24,50.58064516,FALSE,null,null,FALSE,Colombo,27.4,0,60,15.9
1/28/2014,4188,3971.919131,3.179002282,107.9269565,130.825,3.725,2.093,216.522,178.728,21.59,81,24,51.06451613,FALSE,null,null,FALSE,Colombo,27.2,0.2,65.41666667,14.5
1/29/2014,4188,3971.919131,3.179002282,107.9269565,130.73,3.741,2.089,215.418,178.825,21.56,82,24,51.5483871,FALSE,null,null,FALSE,Colombo,25.9,13.6,77.875,16.5
1/30/2014,4188,3971.919131,3.179002282,107.9269565,130.675,3.717,2.086,214.894,178.616,21.57,83,24,52.03225806,FALSE,null,null,FALSE,Colombo,27.1,0.1,72.16666667,13.5
1/31/2014,4188,3971.919131,3.179002282,107.9269565,130.75,3.685,2.088,213.001,177.143,21.55,84,24,52.51612903,FALSE,null,null,FALSE,Colombo,27.6,0.1,69.41666667,8.8
2/1/2014,4592,3971.919131,3.179002282,108.838,null,null,null,null,null,null,85,16,53,FALSE,null,null,FALSE,Colombo,28.1,0.7,64.79166667,9.1
2/2/2014,4811,3971.919131,3.179002282,108.838,null,null,null,null,null,null,86,16,52.71428571,FALSE,null,null,FALSE,Colombo,28.4,0.2,62,8
2/3/2014,4155,3971.919131,3.179002282,108.838,130.635,3.73,2.089,213.268,176.343,21.55,86,16,52.42857143,FALSE,null,null,FALSE,Colombo,28.3,0.2,56.83333333,10
2/4/2014,4373,3971.919131,3.179002282,108.838,130.635,3.748,2.087,213.1,176.683,21.56,86,16,52.14285714,TRUE,Independence Day,null,FALSE,Colombo,27.3,0,62.91666667,11.9
2/5/2014,4373,3971.919131,3.179002282,108.838,130.66,3.762,2.095,213.254,176.612,21.56,86,16,51.85714286,FALSE,null,null,FALSE,Colombo,27.1,0,60.04166667,12.6
2/6/2014,4373,3971.919131,3.179002282,108.838,130.65,3.762,2.099,214.581,176.842,21.56,86,16,51.57142857,FALSE,null,null,FALSE,Colombo,27.2,0,56.66666667,9
2/7/2014,4373,3971.919131,3.179002282,108.838,130.75,3.763,2.094,214.45,177.553,21.58,86,16,51.28571429,FALSE,null,null,FALSE,Colombo,26.9,0,49.41666667,9.5
2/8/2014,4592,3971.919131,3.179002282,108.838,null,null,null,null,null,null,86,16,51,FALSE,null,null,FALSE,Colombo,27,0,55.375,13.6
2/9/2014,4811,3971.919131,3.179002282,108.838,null,null,null,null,null,null,86,16,50.71428571,FALSE,null,null,FALSE,Colombo,26.8,0,66.45833333,16.1
2/10/2014,4155,3971.919131,3.179002282,108.838,130.75,3.766,2.103,215.207,178.278,21.59,86,16,50.42857143,FALSE,null,null,FALSE,Colombo,26.6,0,62.08333333,13.7
2/11/2014,4373,3971.919131,3.179002282,108.838,130.825,3.756,2.107,217.111,178.428,21.58,86,16,50.14285714,FALSE,null,null,FALSE,Colombo,26.1,0,64.58333333,13
2/12/2014,4373,3971.919131,3.179002282,108.838,130.825,3.729,2.096,217.948,178.425,21.58,86,16,49.85714286,FALSE,null,null,FALSE,Colombo,26.8,0,66.41666667,14.9
2/13/2014,4373,3971.919131,3.179002282,108.838,130.825,3.725,2.115,219.087,177.85,21.56,86,16,49.57142857,FALSE,null,null,FALSE,Colombo,27.4,0,66.20833333,14.6
2/14/2014,4373,3971.919131,3.179002282,108.838,130.825,3.716,2.115,218.668,178.981,21.57,86,16,49.28571429,TRUE,Nawam Full Moon Poya Day,null,FALSE,Colombo,28,0,65.66666667,14.6
2/15/2014,4597,3971.919131,3.179002282,108.838,null,null,null,null,null,null,86,16,49,FALSE,null,null,FALSE,Colombo,28.2,0,66.75,16.2
2/16/2014,4811,3971.919131,3.179002282,108.838,null,null,null,null,null,null,86,16,48.71428571,FALSE,null,null,FALSE,Colombo,28,0.2,71.20833333,15.5
2/17/2014,4155,3971.919131,3.179002282,108.838,130.825,3.69,2.104,218.317,179.132,21.57,85.85714286,16,48.42857143,FALSE,null,null,FALSE,Colombo,28.5,0.3,70.20833333,14.6
2/18/2014,4373,3971.919131,3.179002282,108.838,130.85,3.658,2.103,218.298,179.334,21.54,85.71428571,16,48.14285714,FALSE,null,null,FALSE,Colombo,29.2,0.5,66.79166667,15.4
2/19/2014,4373,3971.919131,3.179002282,108.838,130.87,3.662,2.104,217.997,180.024,21.52,85.57142857,16,47.85714286,FALSE,null,null,FALSE,Colombo,28.5,0.5,70.16666667,15.8
2/20/2014,4373,3971.919131,3.179002282,108.838,130.925,3.688,2.107,217.593,179.724,21.5,85.42857143,16,47.57142857,FALSE,null,null,FALSE,Colombo,27.4,4.9,75,12.3
2/21/2014,4373,3971.919131,3.179002282,108.838,130.95,3.688,2.111,218.284,179.609,21.49,85.28571429,16,47.28571429,FALSE,null,null,FALSE,Colombo,28,0.7,72.91666667,10.1
2/22/2014,4592,3971.919131,3.179002282,108.838,null,null,null,null,null,null,85.14285714,16,47,FALSE,null,null,FALSE,Colombo,28.8,0.1,68.79166667,14.8
2/23/2014,4811,3971.919131,3.179002282,108.838,null,null,null,null,null,null,85,16,46.71428571,FALSE,null,null,FALSE,Colombo,27.7,1.1,74.58333333,11.2
2/24/2014,4155,3971.919131,3.179002282,108.838,131.05,3.667,2.115,218.64,179.918,21.4,84,16,46.42857143,FALSE,null,null,FALSE,Colombo,28.7,0.1,69.75,9.9
2/25/2014,4373,3971.919131,3.179002282,108.838,131.075,3.636,2.114,218.493,179.997,21.4,83,16,46.14285714,FALSE,null,null,FALSE,Colombo,29.4,0.7,62.20833333,6.5
2/26/2014,4373,3971.919131,3.179002282,108.838,131.05,3.638,2.114,218.703,180.169,21.38,82,16,45.85714286,FALSE,null,null,FALSE,Colombo,29.4,0,60,13.7
2/27/2014,4373,3971.919131,3.179002282,108.838,131.05,3.626,2.116,218.906,179.382,21.27,81,16,45.57142857,TRUE,Maha Sivarathri Day,null,FALSE,Colombo,28.2,1.4,70.875,14.4
2/28/2014,4373,3971.919131,3.179002282,108.838,130.725,3.576,2.105,217.713,179.656,21.25,80,16,45.28571429,FALSE,null,null,FALSE,Colombo,27.8,1.8,76.25,14.5
3/1/2014,4384,3971.919131,3.179002282,107.8680952,null,null,null,null,null,null,79,22,45,FALSE,null,null,FALSE,Colombo,28.7,0.5,69.875,14.9
3/2/2014,4592,3971.919131,3.179002282,107.8680952,null,null,null,null,null,null,78,22,44.87096774,FALSE,null,null,FALSE,Colombo,28.8,0.3,69.125,16.1
3/3/2014,3966,3971.919131,3.179002282,107.8680952,130.625,3.62,2.111,217.716,180.433,21.27,78.71428571,22,44.74193548,FALSE,null,null,FALSE,Colombo,28.6,0.4,68.625,11.7
3/4/2014,4175,3971.919131,3.179002282,107.8680952,130.65,3.623,2.115,218.388,179.413,21.31,79.42857143,22,44.61290323,FALSE,null,null,FALSE,Colombo,28.8,0.8,69.45833333,10.5
3/5/2014,4175,3971.919131,3.179002282,107.8680952,130.595,3.614,2.136,218.543,179.559,21.34,80.14285714,22,44.48387097,FALSE,null,null,FALSE,Colombo,28.1,4.9,76.375,13.9
3/6/2014,4175,3971.919131,3.179002282,107.8680952,130.555,3.588,2.138,218.263,179.339,21.31,80.85714286,22,44.35483871,FALSE,null,null,FALSE,Colombo,27.6,1.9,78.29166667,10.8
3/7/2014,4175,3971.919131,3.179002282,107.8680952,130.575,3.588,2.146,217.292,180.956,21.27,81.57142857,22,44.22580645,FALSE,null,null,FALSE,Colombo,27.6,10.3,78.91666667,11.9
3/8/2014,4384,3971.919131,3.179002282,107.8680952,null,null,null,null,null,null,82.28571429,22,44.09677419,FALSE,null,null,FALSE,Colombo,28,0.5,76.58333333,7.6
3/9/2014,4592,3971.919131,3.179002282,107.8680952,null,null,null,null,null,null,83,22,43.96774194,FALSE,null,null,FALSE,Colombo,28.5,1,68.04166667,8.4
3/10/2014,3966,3971.919131,3.179002282,107.8680952,130.545,3.582,2.143,216.977,181.212,21.27,82.57142857,22,43.83870968,FALSE,null,null,FALSE,Colombo,28.2,0.1,69.75,12.9
3/11/2014,4175,3971.919131,3.179002282,107.8680952,130.575,3.58,2.133,217.051,181.158,21.25,82.14285714,22,43.70967742,FALSE,null,null,FALSE,Colombo,28.9,0,64.04166667,13.6
3/12/2014,4175,3971.919131,3.179002282,107.8680952,130.6,3.572,2.137,217.289,180.971,21.3,81.71428571,22,43.58064516,FALSE,null,null,FALSE,Colombo,28.6,0.8,66.58333333,13.6
3/13/2014,4175,3971.919131,3.179002282,107.8680952,130.7,3.572,2.134,217.412,181.58,21.24,81.28571429,22,43.4516129,FALSE,null,null,FALSE,Colombo,29.2,0,63.125,16.3
3/14/2014,4175,3971.919131,3.179002282,107.8680952,130.605,3.599,2.138,217.273,181.267,21.14,80.85714286,22,43.32258065,FALSE,null,null,FALSE,Colombo,28.9,0.8,59.45833333,18.6
3/15/2014,4384,3971.919131,3.179002282,107.8680952,null,null,null,null,null,null,80.42857143,22,43.19354839,FALSE,null,null,FALSE,Colombo,28.4,0.2,65.375,15
3/16/2014,4593,3971.919131,3.179002282,107.8680952,null,null,null,null,null,null,80,22,43.06451613,TRUE,Medin Full Moon Poya Day,null,FALSE,Colombo,29.5,0,61.08333333,8.9
3/17/2014,3966,3971.919131,3.179002282,107.8680952,130.6,3.603,2.137,216.688,181.731,21.09,79.57142857,22,42.93548387,FALSE,null,null,FALSE,Colombo,28.6,3.8,68.45833333,12.7
3/18/2014,4175,3971.919131,3.179002282,107.8680952,130.59,3.61,2.142,216.045,181.822,21.08,79.14285714,22,42.80645161,FALSE,null,null,FALSE,Colombo,27.6,26,78.58333333,14.2
3/19/2014,4175,3971.919131,3.179002282,107.8680952,130.6,3.589,2.129,215.562,181.964,20.97,78.71428571,22,42.67741935,FALSE,null,null,FALSE,Colombo,26.8,4,83.375,4.9
3/20/2014,4175,3971.919131,3.179002282,107.8680952,130.6,3.604,2.145,215.355,180.659,20.98,78.28571429,22,42.5483871,FALSE,null,null,FALSE,Colombo,27.1,9,85.75,6.3
3/21/2014,4175,3971.919131,3.179002282,107.8680952,130.625,3.62,2.15,215.54,179.954,21.09,77.85714286,22,42.41935484,FALSE,null,null,FALSE,Colombo,27.8,3.8,82.29166667,8
3/22/2014,4384,3971.919131,3.179002282,107.8680952,null,null,null,null,null,null,77.42857143,22,42.29032258,FALSE,null,null,FALSE,Colombo,27.7,1.2,80.66666667,8.8
3/23/2014,4592,3971.919131,3.179002282,107.8680952,null,null,null,null,null,null,77,22,42.16129032,FALSE,null,null,FALSE,Colombo,27.8,0,79.45833333,11.9
3/24/2014,3966,3971.919131,3.179002282,107.8680952,130.65,3.681,2.16,215.952,180.178,21.07,77,22,42.03225806,FALSE,null,null,FALSE,Colombo,27.5,0.4,80.125,12.4
3/25/2014,4175,3971.919131,3.179002282,107.8680952,130.65,3.677,2.173,216.786,180.806,21.05,77,22,41.90322581,FALSE,null,null,FALSE,Colombo,28.4,0,73.04166667,13
3/26/2014,4175,3971.919131,3.179002282,107.8680952,130.7,3.67,2.17,217.073,180.65,21.04,77,22,41.77419355,FALSE,null,null,FALSE,Colombo,28.3,0,73.16666667,15.6
3/27/2014,4175,3971.919131,3.179002282,107.8680952,130.7,3.65,2.182,217.459,180.144,21.04,77,22,41.64516129,FALSE,null,null,FALSE,Colombo,28.6,0.8,73.54166667,10.5
3/28/2014,4175,3971.919131,3.179002282,107.8680952,130.7,3.729,2.178,217.792,179.589,21.02,77,22,41.51612903,FALSE,null,null,FALSE,Colombo,28.3,0.1,76.04166667,10.5
3/29/2014,4384,3971.919131,3.179002282,107.8680952,null,null,null,null,null,null,77,22,41.38709677,FALSE,null,null,FALSE,Colombo,28.8,0,73.79166667,17.3
3/30/2014,4592,3971.919131,3.179002282,107.8680952,null,null,null,null,null,null,77,22,41.25806452,FALSE,null,null,FALSE,Colombo,28.8,0.8,72.83333333,17
3/31/2014,3966,3971.919131,3.179002282,107.8680952,130.7,3.73,2.178,217.348,179.752,21.06,79.14285714,22,41.12903226,FALSE,null,null,FALSE,Colombo,28.5,0.5,70.375,15.7
4/1/2014,3845,3971.919131,3.179002282,108.0036364,130.7,3.687,2.182,217.334,179.987,21.06,81.28571429,18,41,FALSE,null,null,FALSE,Colombo,28.7,0.9,71.20833333,16.2
4/2/2014,3845,3971.919131,3.179002282,108.0036364,130.715,3.672,2.171,216.86,180.281,21.04,83.42857143,18,41.2,FALSE,null,null,FALSE,Colombo,28,4.4,81.08333333,13.4
4/3/2014,3845,3971.919131,3.179002282,108.0036364,130.65,3.697,2.174,216.529,179.962,21.02,85.57142857,18,41.4,FALSE,null,null,FALSE,Colombo,28.5,0.9,76.66666667,12.5
4/4/2014,3845,3971.919131,3.179002282,108.0036364,130.6,3.67,2.175,217.13,179.252,21.04,87.71428571,18,41.6,FALSE,null,null,FALSE,Colombo,27.3,37.3,81.83333333,13.7
4/5/2014,4038,3971.919131,3.179002282,108.0036364,null,null,null,null,null,null,89.85714286,18,41.8,FALSE,null,null,FALSE,Colombo,26.6,15.5,86.625,9.9
4/6/2014,4230,3971.919131,3.179002282,108.0036364,null,null,null,null,null,null,92,18,42,FALSE,null,null,FALSE,Colombo,26.8,16.8,85.625,10.2
4/7/2014,3653,3971.919131,3.179002282,108.0036364,130.73,3.653,2.173,218.721,178.962,21.07,91.85714286,18,42.2,FALSE,null,null,FALSE,Colombo,27.3,7.2,83.75,9.2
4/8/2014,3845,3971.919131,3.179002282,108.0036364,130.595,3.67,2.171,219.324,179.636,21.06,91.71428571,18,42.4,FALSE,null,null,FALSE,Colombo,27.4,0.9,82.29166667,13
4/9/2014,3845,3971.919131,3.179002282,108.0036364,130.6,3.673,2.174,219.221,180.168,21.02,91.57142857,18,42.6,FALSE,null,null,FALSE,Colombo,27.7,0,79.875,13.3
4/10/2014,3845,3971.919131,3.179002282,108.0036364,130.605,3.664,2.17,218.539,180.953,21.03,91.42857143,18,42.8,FALSE,null,null,FALSE,Colombo,27.5,2.7,81.75,13.4
4/11/2014,3845,3971.919131,3.179002282,108.0036364,130.6,3.629,2.168,218.487,181.384,21,91.28571429,18,43,FALSE,null,null,FALSE,Colombo,26.9,5.8,85.04166667,14.4
4/12/2014,4038,3971.919131,3.179002282,108.0036364,null,null,null,null,null,null,91.14285714,18,43.2,FALSE,null,null,FALSE,Colombo,27.2,2.3,84.66666667,11.1
4/13/2014,4230,3971.919131,3.179002282,108.0036364,null,null,null,null,null,null,91,18,43.4,TRUE,Day Before Sinhala and Tamil New Year,null,FALSE,Colombo,27.5,3.7,83.95833333,10.9
4/14/2014,3653,3971.919131,3.179002282,108.0036364,130.6,3.601,2.168,218.493,181.338,20.99,89.28571429,18,43.6,TRUE,Bak Full Moon Poya Day; Sinhala and Tamil New Year,null,FALSE,Colombo,26.9,4.2,85.33333333,11.2
4/15/2014,3845,3971.919131,3.179002282,108.0036364,130.6,3.624,2.163,219.34,180.495,20.99,87.57142857,18,43.8,FALSE,null,null,FALSE,Colombo,27.1,2.8,82.70833333,8.6
4/16/2014,3850,3971.919131,3.179002282,108.0036364,130.575,3.684,2.166,219.333,180.411,21,85.85714286,18,44,FALSE,null,null,FALSE,Colombo,26.8,3.5,85.91666667,12.8
4/17/2014,3845,3971.919131,3.179002282,108.0036364,130.61,3.667,2.166,219.523,180.403,20.98,84.14285714,18,44.2,FALSE,null,null,FALSE,Colombo,27,3,86.08333333,13.5
4/18/2014,3845,3971.919131,3.179002282,108.0036364,130.61,3.66,2.156,219.337,180.438,20.98,82.42857143,18,44.4,TRUE,Good Friday,null,FALSE,Colombo,27.6,4.3,84,13.9
4/19/2014,4038,3971.919131,3.179002282,108.0036364,null,null,null,null,null,null,80.71428571,18,44.6,FALSE,null,null,FALSE,Colombo,27.8,3.9,81.79166667,13.7
4/20/2014,4230,3971.919131,3.179002282,108.0036364,null,null,null,null,null,null,79,18,44.8,FALSE,null,null,FALSE,Colombo,27.9,2,81.04166667,10.1
4/21/2014,3653,3971.919131,3.179002282,108.0036364,130.62,3.659,2.149,219.715,180.438,20.94,77.71428571,18,45,FALSE,null,null,FALSE,Colombo,27.7,3,83.45833333,10.8
4/22/2014,3845,3971.919131,3.179002282,108.0036364,130.6,3.657,2.138,219.222,180.157,20.94,76.42857143,18,45.2,FALSE,null,null,FALSE,Colombo,26.7,22.4,87,13
4/23/2014,3845,3971.919131,3.179002282,108.0036364,130.625,3.651,2.137,219.505,180.293,20.9,75.14285714,18,45.4,FALSE,null,null,FALSE,Colombo,26.9,5.9,85.875,10.3
4/24/2014,3845,3971.919131,3.179002282,108.0036364,130.615,3.626,2.154,219.498,180.485,20.89,73.85714286,18,45.6,FALSE,null,null,FALSE,Colombo,26.4,14,88.375,13.2
4/25/2014,3845,3971.919131,3.179002282,108.0036364,130.615,3.644,2.154,219.557,180.673,20.89,72.57142857,18,45.8,FALSE,null,null,FALSE,Colombo,27.3,2.7,85.95833333,13.1
4/26/2014,4038,3971.919131,3.179002282,108.0036364,null,null,null,null,null,null,71.28571429,18,46,FALSE,null,null,FALSE,Colombo,27.6,5.3,86.58333333,11.5
4/27/2014,4230,3971.919131,3.179002282,108.0036364,null,null,null,null,null,null,70,18,46.2,FALSE,null,null,FALSE,Colombo,26.9,59.7,88.04166667,13
4/28/2014,3653,3971.919131,3.179002282,108.0036364,130.63,3.665,2.162,219.784,180.679,20.87,71.42857143,18,46.4,FALSE,null,null,FALSE,Colombo,27,10.1,87.41666667,11.2
4/29/2014,3845,3971.919131,3.179002282,108.0036364,130.61,3.666,2.165,220.429,180.923,20.87,72.85714286,18,46.6,FALSE,null,null,FALSE,Colombo,26.2,13.8,90.16666667,12.5
4/30/2014,3845,3971.919131,3.179002282,108.0036364,130.64,3.667,2.168,220.69,180.399,20.87,74.28571429,18,46.8,FALSE,null,null,FALSE,Colombo,26.4,10.6,89.66666667,11.7
5/1/2014,2788,3971.919131,3.179002282,109.8322727,130.64,3.644,2.17,220.319,181.165,20.87,75.71428571,24,47,TRUE,International Workers' Day,null,FALSE,Colombo,27.2,4.7,86.29166667,10.8
5/2/2014,2788,3971.919131,3.179002282,109.8322727,130.625,3.66,2.171,220.563,181.191,20.94,77.14285714,24,46.70967742,FALSE,null,null,FALSE,Colombo,27,6,86.33333333,13.6
5/3/2014,2927,3971.919131,3.179002282,109.8322727,null,null,null,null,null,null,78.57142857,24,46.41935484,FALSE,null,null,FALSE,Colombo,26.6,8.8,87.58333333,12.9
5/4/2014,3067,3971.919131,3.179002282,109.8322727,null,null,null,null,null,null,80,24,46.12903226,FALSE,null,null,FALSE,Colombo,25.9,18.1,90.5,12.1
5/5/2014,2648,3971.919131,3.179002282,109.8322727,130.61,3.688,2.177,221.692,181.183,20.98,79.57142857,24,45.83870968,FALSE,null,null,FALSE,Colombo,25.5,32.3,92.66666667,11.8
5/6/2014,2788,3971.919131,3.179002282,109.8322727,130.595,3.739,2.176,221.445,181.457,20.95,79.14285714,24,45.5483871,FALSE,null,null,FALSE,Colombo,25.5,36.7,91.70833333,16.2
5/7/2014,2788,3971.919131,3.179002282,109.8322727,130.615,3.715,2.179,220.985,181.88,20.95,78.71428571,24,45.25806452,FALSE,null,null,FALSE,Colombo,26.2,10.2,89.5,20.1
5/8/2014,2788,3971.919131,3.179002282,109.8322727,130.505,3.701,2.175,219.737,181.712,20.94,78.28571429,24,44.96774194,FALSE,null,null,FALSE,Colombo,26.6,14.6,87,15.5
5/9/2014,2788,3971.919131,3.179002282,109.8322727,130.4,3.723,2.171,219.881,180.632,20.9,77.85714286,24,44.67741935,FALSE,null,null,FALSE,Colombo,26.9,8.7,89.08333333,12.8
5/10/2014,2927,3971.919131,3.179002282,109.8322727,null,null,null,null,null,null,77.42857143,24,44.38709677,FALSE,null,null,FALSE,Colombo,27.5,4,87,13
5/11/2014,3067,3971.919131,3.179002282,109.8322727,null,null,null,null,null,null,77,24,44.09677419,FALSE,null,null,FALSE,Colombo,27.8,1.8,82.625,12.7
5/12/2014,2648,3971.919131,3.179002282,109.8322727,130.35,3.737,2.192,219.285,179.423,20.92,76.28571429,24,43.80645161,FALSE,null,null,FALSE,Colombo,27.5,4.4,85.875,14.3
5/13/2014,2788,3971.919131,3.179002282,109.8322727,130.325,3.758,2.191,218.51,179.322,20.92,75.57142857,24,43.51612903,FALSE,null,null,FALSE,Colombo,27.6,1,85.25,15.7
5/14/2014,2788,3971.919131,3.179002282,109.8322727,130.325,3.748,2.192,218.803,178.604,20.92,74.85714286,24,43.22580645,TRUE,Vesak Full Moon Poya Day,null,FALSE,Colombo,27.2,7.9,87.625,14.3
5/15/2014,2788,3971.919131,3.179002282,109.8322727,130.325,3.752,2.225,219.19,178.74,20.91,74.14285714,24,42.93548387,TRUE,Day Following Vesak Full Moon Poya Day,null,FALSE,Colombo,27.9,3.3,80.83333333,17.3
5/16/2014,2784,3971.919131,3.179002282,109.8322727,130.35,3.768,2.233,219.164,178.688,20.9,73.42857143,24,42.64516129,FALSE,null,null,FALSE,Colombo,28.5,1.1,77.5,20.9
5/17/2014,2927,3971.919131,3.179002282,109.8322727,null,null,null,null,null,null,72.71428571,24,42.35483871,FALSE,null,null,FALSE,Colombo,28,0,78.41666667,15.9
5/18/2014,3067,3971.919131,3.179002282,109.8322727,null,null,null,null,null,null,72,24,42.06451613,FALSE,null,null,FALSE,Colombo,27.8,0.7,82.625,16.9
5/19/2014,2648,3971.919131,3.179002282,109.8322727,130.35,3.778,2.225,219.526,178.508,20.9,70.14285714,24,41.77419355,FALSE,null,null,FALSE,Colombo,27.9,1.5,81.75,15.1
5/20/2014,2788,3971.919131,3.179002282,109.8322727,130.375,3.797,2.221,220.337,178.697,20.91,68.28571429,24,41.48387097,FALSE,null,null,FALSE,Colombo,27.3,2.6,88.66666667,12.6
5/21/2014,2788,3971.919131,3.179002282,109.8322727,130.365,3.8,2.237,219.949,178.653,20.91,66.42857143,24,41.19354839,FALSE,null,null,FALSE,Colombo,26.9,12.6,86.54166667,16.9
5/22/2014,2788,3971.919131,3.179002282,109.8322727,130.375,3.821,2.228,219.541,178.431,20.91,64.57142857,24,40.90322581,FALSE,null,null,FALSE,Colombo,27.5,3.8,85.66666667,14.9
5/23/2014,2788,3971.919131,3.179002282,109.8322727,130.4,3.815,2.221,219.626,178.04,20.9,62.71428571,24,40.61290323,FALSE,null,null,FALSE,Colombo,27.5,2.4,87.91666667,16.6
5/24/2014,2927,3971.919131,3.179002282,109.8322727,null,null,null,null,null,null,60.85714286,24,40.32258065,FALSE,null,null,FALSE,Colombo,27.3,7.6,88.66666667,17.3
5/25/2014,3067,3971.919131,3.179002282,109.8322727,null,null,null,null,null,null,59,24,40.03225806,FALSE,null,null,FALSE,Colombo,27,11.3,87.79166667,17
5/26/2014,2648,3971.919131,3.179002282,109.8322727,130.4,3.789,2.209,219.209,177.787,20.87,59.71428571,24,39.74193548,FALSE,null,null,FALSE,Colombo,27.7,3.4,86,17.5
5/27/2014,2788,3971.919131,3.179002282,109.8322727,130.4,3.772,2.212,217.918,177.944,20.85,60.42857143,24,39.4516129,FALSE,null,null,FALSE,Colombo,27,7.3,88.625,14.6
5/28/2014,2788,3971.919131,3.179002282,109.8322727,130.4,3.762,2.213,217.983,177.794,20.9,61.14285714,24,39.16129032,FALSE,null,null,FALSE,Colombo,26.4,14.5,88.75,17.1
5/29/2014,2788,3971.919131,3.179002282,109.8322727,130.4,3.734,2.203,218.446,177.227,20.87,61.85714286,24,38.87096774,FALSE,null,null,FALSE,Colombo,26.7,11.6,88.25,16.8
5/30/2014,2788,3971.919131,3.179002282,109.8322727,130.4,3.717,2.204,218.284,177.37,20.86,62.57142857,24,38.58064516,FALSE,null,null,FALSE,Colombo,26.6,9.5,87.45833333,18.3
5/31/2014,2927,3971.919131,3.179002282,109.8322727,null,null,null,null,null,null,63.28571429,24,38.29032258,FALSE,null,null,FALSE,Colombo,26.7,4.7,88.54166667,15.8
6/1/2014,3167,3971.919131,3.179002282,112.2409524,null,null,null,null,null,null,64,40,38,FALSE,null,Butterfly Exhibition (Dehiwala Zoo),TRUE,Colombo,26.9,4.8,90.375,13.6
6/2/2014,2735,3971.919131,3.179002282,112.2409524,130.35,3.714,2.197,218.355,177.748,20.84,64.14285714,40,37.93333333,FALSE,null,Butterfly Exhibition (Dehiwala Zoo),TRUE,Colombo,26.3,21.3,89.41666667,17.2
6/3/2014,2879,3971.919131,3.179002282,112.2409524,130.365,3.726,2.199,218.174,177.231,20.85,64.28571429,40,37.86666667,FALSE,null,Butterfly Exhibition (Dehiwala Zoo),TRUE,Colombo,26.5,6.9,89,12.3
6/4/2014,2879,3971.919131,3.179002282,112.2409524,130.335,3.756,2.199,219.222,177.655,20.83,64.42857143,40,37.8,FALSE,null,Butterfly Exhibition (Dehiwala Zoo),TRUE,Colombo,27.3,6,86.79166667,19.1
6/5/2014,2879,3971.919131,3.179002282,112.2409524,130.33,3.782,2.202,218.895,177.243,20.84,64.57142857,40,37.73333333,FALSE,null,Butterfly Exhibition (Dehiwala Zoo),TRUE,Colombo,27.7,6.4,84.91666667,16.2
6/6/2014,2879,3971.919131,3.179002282,112.2409524,130.275,3.791,2.2,218.901,178.031,20.88,64.71428571,40,37.66666667,FALSE,null,Butterfly Exhibition (Dehiwala Zoo),TRUE,Colombo,27.7,3.9,85.04166667,21
6/7/2014,3023,3971.919131,3.179002282,112.2409524,null,null,null,null,null,null,64.85714286,40,37.6,FALSE,null,Butterfly Exhibition (Dehiwala Zoo),TRUE,Colombo,27.8,2.8,86.5,22.3
6/8/2014,3167,3971.919131,3.179002282,112.2409524,null,null,null,null,null,null,65,40,37.53333333,FALSE,null,Butterfly Exhibition (Dehiwala Zoo),TRUE,Colombo,27.7,12.8,87.83333333,19.4
6/9/2014,2735,3971.919131,3.179002282,112.2409524,130.275,3.79,2.2,218.272,177.728,20.93,67.14285714,40,37.46666667,FALSE,null,Butterfly Exhibition (Dehiwala Zoo),TRUE,Colombo,27.6,4.5,83.375,22.1
6/10/2014,2879,3971.919131,3.179002282,112.2409524,130.265,3.787,2.195,218.681,177.096,20.91,69.28571429,40,37.4,FALSE,null,Butterfly Exhibition (Dehiwala Zoo),TRUE,Colombo,27.5,7.5,85.5,16.9
6/11/2014,2879,3971.919131,3.179002282,112.2409524,130.26,3.791,2.197,220.511,176.489,20.95,71.42857143,40,37.33333333,FALSE,null,Butterfly Exhibition (Dehiwala Zoo),TRUE,Colombo,27.3,10.9,85.54166667,19.5
6/12/2014,2879,3971.919131,3.179002282,112.2409524,130.26,3.788,2.181,220.945,176.281,20.97,73.57142857,40,37.26666667,TRUE,Poson Full Moon Poya Day,Butterfly Exhibition (Dehiwala Zoo),TRUE,Colombo,26.3,27.9,90.375,18.2
6/13/2014,2879,3971.919131,3.179002282,112.2409524,130.24,3.761,2.164,221.194,176.542,20.92,75.71428571,40,37.2,FALSE,null,Butterfly Exhibition (Dehiwala Zoo),TRUE,Colombo,27.4,3.7,88.375,14.7
6/14/2014,3023,3971.919131,3.179002282,112.2409524,null,null,null,null,null,null,77.85714286,40,37.13333333,FALSE,null,Butterfly Exhibition (Dehiwala Zoo),TRUE,Colombo,27.8,1.1,85.41666667,19.8
6/15/2014,3167,3971.919131,3.179002282,112.2409524,null,null,null,null,null,null,80,40,37.06666667,FALSE,null,Butterfly Exhibition (Dehiwala Zoo),TRUE,Colombo,27.8,1.6,82.91666667,22.1
6/16/2014,2743,3971.919131,3.179002282,112.2409524,130.24,3.739,2.159,220.959,176.377,20.92,77.71428571,40,37,FALSE,null,Butterfly Exhibition (Dehiwala Zoo),TRUE,Colombo,27.7,1.3,83.16666667,23
6/17/2014,2879,3971.919131,3.179002282,112.2409524,130.24,3.789,2.16,221.377,176.794,20.91,75.42857143,40,36.93333333,FALSE,null,Butterfly Exhibition (Dehiwala Zoo),TRUE,Colombo,27.6,1.4,81.41666667,22.7
6/18/2014,2879,3971.919131,3.179002282,112.2409524,130.275,3.791,2.169,222.071,176.423,20.92,73.14285714,40,36.86666667,FALSE,null,Butterfly Exhibition (Dehiwala Zoo),TRUE,Colombo,27.7,4.4,84.79166667,18.7
6/19/2014,2879,3971.919131,3.179002282,112.2409524,130.335,3.781,2.165,221.656,177.115,20.93,70.85714286,40,36.8,FALSE,null,Butterfly Exhibition (Dehiwala Zoo),TRUE,Colombo,26.5,4.8,89.91666667,17.6
6/20/2014,2879,3971.919131,3.179002282,112.2409524,130.29,3.822,2.166,221.86,177.366,20.93,68.57142857,40,36.73333333,FALSE,null,Butterfly Exhibition (Dehiwala Zoo),TRUE,Colombo,26.8,3.2,89.25,19.5
6/21/2014,3023,3971.919131,3.179002282,112.2409524,null,null,null,null,null,null,66.28571429,40,36.66666667,FALSE,null,Butterfly Exhibition (Dehiwala Zoo),TRUE,Colombo,26.9,4.5,88.70833333,20.1
6/22/2014,3167,3971.919131,3.179002282,112.2409524,null,null,null,null,null,null,64,40,36.6,FALSE,null,Butterfly Exhibition (Dehiwala Zoo),TRUE,Colombo,27.4,1.6,87.75,18.4
6/23/2014,2735,3971.919131,3.179002282,112.2409524,130.295,3.853,2.166,221.305,177.188,20.91,63.42857143,40,36.53333333,FALSE,null,Butterfly Exhibition (Dehiwala Zoo),TRUE,Colombo,27.4,3.5,86.25,19.1
6/24/2014,2879,3971.919131,3.179002282,112.2409524,130.29,3.86,2.169,221.337,177.26,20.9,62.85714286,40,36.46666667,FALSE,null,Butterfly Exhibition (Dehiwala Zoo),TRUE,Colombo,27.4,3.5,84.29166667,20.5
6/25/2014,2879,3971.919131,3.179002282,112.2409524,130.325,3.865,2.164,221.903,177.266,20.94,62.28571429,40,36.4,FALSE,null,Butterfly Exhibition (Dehiwala Zoo),TRUE,Colombo,27.2,3.5,85.70833333,19.5
6/26/2014,2879,3971.919131,3.179002282,112.2409524,130.32,3.862,2.171,222.034,177.633,20.96,61.71428571,40,36.33333333,FALSE,null,Butterfly Exhibition (Dehiwala Zoo),TRUE,Colombo,27.3,4.3,83.95833333,18.8
6/27/2014,2879,3971.919131,3.179002282,112.2409524,130.34,3.834,2.17,222.928,177.385,21.01,61.14285714,40,36.26666667,FALSE,null,Butterfly Exhibition (Dehiwala Zoo),TRUE,Colombo,26.8,5,87.875,17.6
6/28/2014,3023,3971.919131,3.179002282,112.2409524,null,null,null,null,null,null,60.57142857,40,36.2,FALSE,null,Butterfly Exhibition (Dehiwala Zoo),TRUE,Colombo,26.6,1.8,89.375,13.6
6/29/2014,3167,3971.919131,3.179002282,112.2409524,null,null,null,null,null,null,60,40,36.13333333,FALSE,null,Butterfly Exhibition (Dehiwala Zoo),TRUE,Colombo,26.6,4.8,88.66666667,18.3
6/30/2014,2735,3971.919131,3.179002282,112.2409524,130.325,3.792,2.169,223.456,177.901,21.02,61.28571429,40,36.06666667,FALSE,null,Butterfly Exhibition (Dehiwala Zoo),TRUE,Colombo,26.3,7.8,86.66666667,19.8
7/1/2014,4654,3971.919131,3.179002282,107.4626087,130.295,3.802,2.183,223.666,178.441,20.98,62.57142857,25,36,FALSE,null,null,FALSE,Colombo,26,21.2,88.70833333,19.4
7/2/2014,4654,3971.919131,3.179002282,107.4626087,130.3,3.799,2.181,223.464,178.237,20.97,63.85714286,25,35.96774194,FALSE,null,null,FALSE,Colombo,27.2,5,84.625,21.2
7/3/2014,4654,3971.919131,3.179002282,107.4626087,130.265,3.787,2.181,223.52,177.996,21,65.14285714,25,35.93548387,FALSE,null,null,FALSE,Colombo,27.5,1.5,83.16666667,20.7
7/4/2014,4654,3971.919131,3.179002282,107.4626087,130.26,3.783,2.173,223.137,177.303,21,66.42857143,25,35.90322581,FALSE,null,null,FALSE,Colombo,27.1,3.1,85.45833333,20.4
7/5/2014,4886,3971.919131,3.179002282,107.4626087,null,null,null,null,null,null,67.71428571,25,35.87096774,FALSE,null,null,FALSE,Colombo,27,8.4,85.45833333,23.8
7/6/2014,5119,3971.919131,3.179002282,107.4626087,null,null,null,null,null,null,69,25,35.83870968,FALSE,null,null,FALSE,Colombo,26.8,7.2,85.95833333,17.7
7/7/2014,4421,3971.919131,3.179002282,107.4626087,130.28,3.807,2.18,223.181,177.095,21.01,70.14285714,25,35.80645161,FALSE,null,null,FALSE,Colombo,27,3.4,86.25,18.7
7/8/2014,4654,3971.919131,3.179002282,107.4626087,130.275,3.837,2.179,223.416,177.252,21,71.28571429,25,35.77419355,FALSE,null,null,FALSE,Colombo,27.1,2.8,84.95833333,20.5
7/9/2014,4654,3971.919131,3.179002282,107.4626087,130.215,3.824,2.163,223.102,177.343,20.99,72.42857143,25,35.74193548,FALSE,null,null,FALSE,Colombo,26.6,6.4,87.58333333,19.7
7/10/2014,4654,3971.919131,3.179002282,107.4626087,130.225,3.809,2.167,222.961,177.678,20.99,73.57142857,25,35.70967742,FALSE,null,null,FALSE,Colombo,26.2,17.1,87.16666667,19.2
7/11/2014,4654,3971.919131,3.179002282,107.4626087,130.2,3.793,2.166,222.474,177.236,20.98,74.71428571,25,35.67741935,FALSE,null,null,FALSE,Colombo,27,1.8,83.45833333,21.6
7/12/2014,4886,3971.919131,3.179002282,107.4626087,null,null,null,null,null,null,75.85714286,25,35.64516129,TRUE,Esala Full Moon Poya Day,null,FALSE,Colombo,26.4,3.8,85.875,22.1
7/13/2014,5119,3971.919131,3.179002282,107.4626087,null,null,null,null,null,null,77,25,35.61290323,FALSE,null,null,FALSE,Colombo,27,1.8,83.75,22.5
7/14/2014,4421,3971.919131,3.179002282,107.4626087,130.22,3.784,2.165,223.193,177.189,20.97,76.28571429,25,35.58064516,FALSE,null,null,FALSE,Colombo,26.5,7.9,87.33333333,20.2
7/15/2014,4654,3971.919131,3.179002282,107.4626087,130.195,3.765,2.166,223.123,177.36,20.99,75.57142857,25,35.5483871,FALSE,null,null,FALSE,Colombo,26.8,1.8,87.5,16.2
7/16/2014,4649,3971.919131,3.179002282,107.4626087,130.2,3.69,2.163,222.606,176.701,20.98,74.85714286,25,35.51612903,FALSE,null,null,FALSE,Colombo,26.9,1.2,87.375,17
7/17/2014,4654,3971.919131,3.179002282,107.4626087,130.175,3.703,2.161,222.58,176.102,20.98,74.14285714,25,35.48387097,FALSE,null,null,FALSE,Colombo,27,2.4,84.41666667,18.9
7/18/2014,4654,3971.919131,3.179002282,107.4626087,130.255,3.704,2.162,222.451,176.088,20.98,73.42857143,25,35.4516129,FALSE,null,null,FALSE,Colombo,26.7,4.2,87.29166667,15.9
7/19/2014,4886,3971.919131,3.179002282,107.4626087,null,null,null,null,null,null,72.71428571,25,35.41935484,FALSE,null,null,FALSE,Colombo,26.6,4.2,89.125,16.6
7/20/2014,5119,3971.919131,3.179002282,107.4626087,null,null,null,null,null,null,72,25,35.38709677,FALSE,null,null,FALSE,Colombo,27,2.2,86.125,18.7
7/21/2014,4421,3971.919131,3.179002282,107.4626087,130.275,3.722,2.168,222.317,176.163,21,73,25,35.35483871,FALSE,null,null,FALSE,Colombo,27,1.9,84.125,21.4
7/22/2014,4654,3971.919131,3.179002282,107.4626087,130.28,3.734,2.17,222,176.178,21.01,74,25,35.32258065,FALSE,null,null,FALSE,Colombo,26.7,5,87.16666667,17.7
7/23/2014,4654,3971.919131,3.179002282,107.4626087,130.255,3.712,2.166,221.25,175.428,21.03,75,25,35.29032258,FALSE,null,null,FALSE,Colombo,26.7,6,88.20833333,16.9
7/24/2014,4654,3971.919131,3.179002282,107.4626087,130.25,3.706,2.168,221.05,175.389,21.03,76,25,35.25806452,FALSE,null,null,FALSE,Colombo,26.8,3.8,87.95833333,15.2
7/25/2014,4654,3971.919131,3.179002282,107.4626087,130.225,3.662,2.167,221.158,175.369,21.04,77,25,35.22580645,FALSE,null,null,FALSE,Colombo,27.3,2,85.83333333,16.5
7/26/2014,4886,3971.919131,3.179002282,107.4626087,null,null,null,null,null,null,78,25,35.19354839,FALSE,null,null,FALSE,Colombo,27,6.1,86,17.7
7/27/2014,5119,3971.919131,3.179002282,107.4626087,null,null,null,null,null,null,79,25,35.16129032,FALSE,null,null,FALSE,Colombo,26.1,16.4,88.45833333,20.2
7/28/2014,4421,3971.919131,3.179002282,107.4626087,130.215,3.634,2.166,220.643,174.912,21.07,79.57142857,25,35.12903226,FALSE,null,null,FALSE,Colombo,26.6,8,86.20833333,18.6
7/29/2014,4654,3971.919131,3.179002282,107.4626087,130.215,3.661,2.168,220.269,175.016,21.1,80.14285714,25,35.09677419,TRUE,Eid al-Fitr,null,FALSE,Colombo,26.8,6,87.375,20.2
7/30/2014,4654,3971.919131,3.179002282,107.4626087,130.225,3.645,2.151,219.898,174.618,21.09,80.71428571,25,35.06451613,FALSE,null,null,FALSE,Colombo,26.9,1.7,85.41666667,19.5
7/31/2014,4654,3971.919131,3.179002282,107.4626087,130.225,3.642,2.127,219.045,174.462,21.07,81.28571429,25,35.03225806,FALSE,null,Esala Perahera,TRUE,Colombo,26.3,2.4,87,18.2
8/1/2014,4400,3971.919131,3.179002282,102.4019048,130.225,3.631,2.137,219.599,174.358,21.08,81.85714286,23,35,FALSE,null,Esala Perahera,TRUE,Colombo,26.2,8.2,87.91666667,17.3
8/2/2014,4620,3971.919131,3.179002282,102.4019048,null,null,null,null,null,null,82.42857143,23,35.06451613,FALSE,null,Esala Perahera,TRUE,Colombo,26,10.3,89.33333333,17.3
8/3/2014,4840,3971.919131,3.179002282,102.4019048,null,null,null,null,null,null,83,23,35.12903226,FALSE,null,Esala Perahera,TRUE,Colombo,26,9.4,88.5,18.5
8/4/2014,4180,3971.919131,3.179002282,102.4019048,130.225,3.606,2.14,219.881,174.899,21.1,82.71428571,23,35.19354839,FALSE,null,Esala Perahera,TRUE,Colombo,26.3,10.3,88,19.2
8/5/2014,4400,3971.919131,3.179002282,102.4019048,130.215,3.598,2.117,219.471,174.788,21.13,82.42857143,23,35.25806452,FALSE,null,Esala Perahera,TRUE,Colombo,26.5,8.9,87.79166667,17.3
8/6/2014,4400,3971.919131,3.179002282,102.4019048,130.215,3.584,2.126,219.151,174.176,21.13,82.14285714,23,35.32258065,FALSE,null,Esala Perahera,TRUE,Colombo,26.7,4.8,88.41666667,14.8
8/7/2014,4400,3971.919131,3.179002282,102.4019048,130.195,3.601,2.129,218.391,174.26,21.15,81.85714286,23,35.38709677,FALSE,null,Esala Perahera,TRUE,Colombo,26.9,3.2,85.75,16.2
8/8/2014,4400,3971.919131,3.179002282,102.4019048,130.2,3.626,2.128,218.567,173.986,21.16,81.57142857,23,35.4516129,FALSE,null,Esala Perahera,TRUE,Colombo,26.1,12.5,87.95833333,17.2
8/9/2014,4620,3971.919131,3.179002282,102.4019048,null,null,null,null,null,null,81.28571429,23,35.51612903,FALSE,null,null,FALSE,Colombo,26.5,2,83.29166667,17.6
8/10/2014,4840,3971.919131,3.179002282,102.4019048,null,null,null,null,null,null,81,23,35.58064516,TRUE,Nikini Full Moon Poya Day,null,FALSE,Colombo,26.1,8.3,88.29166667,15.4
8/11/2014,4180,3971.919131,3.179002282,102.4019048,130.2,3.598,2.132,218.912,174.611,21.14,79.85714286,23,35.64516129,FALSE,null,null,FALSE,Colombo,25.7,14.2,87.79166667,20.5
8/12/2014,4400,3971.919131,3.179002282,102.4019048,130.2,3.618,2.132,217.336,174.279,21.16,78.71428571,23,35.70967742,FALSE,null,null,FALSE,Colombo,25.9,8.1,87.04166667,15.4
8/13/2014,4400,3971.919131,3.179002282,102.4019048,130.235,3.613,2.142,217.223,174.071,21.16,77.57142857,23,35.77419355,FALSE,null,null,FALSE,Colombo,26.2,10.7,86.08333333,18.4
8/14/2014,4400,3971.919131,3.179002282,102.4019048,130.175,3.604,2.142,217.347,174.053,21.18,76.42857143,23,35.83870968,FALSE,null,null,FALSE,Colombo,26.1,11.9,85.70833333,20.2
8/15/2014,4400,3971.919131,3.179002282,102.4019048,130.175,3.607,2.141,217.723,173.972,21.19,75.28571429,23,35.90322581,FALSE,null,null,FALSE,Colombo,25.7,19.7,88.75,18.9
8/16/2014,4619,3971.919131,3.179002282,102.4019048,null,null,null,null,null,null,74.14285714,23,35.96774194,FALSE,null,null,FALSE,Colombo,26.2,11.9,87.95833333,18.4
8/17/2014,4840,3971.919131,3.179002282,102.4019048,null,null,null,null,null,null,73,23,36.03225806,FALSE,null,null,FALSE,Colombo,25.5,16.3,89.95833333,14.1
8/18/2014,4180,3971.919131,3.179002282,102.4019048,130.155,3.599,2.145,216.312,174.421,21.2,72.71428571,23,36.09677419,FALSE,null,null,FALSE,Colombo,25.4,12,89.29166667,13.5
8/19/2014,4400,3971.919131,3.179002282,102.4019048,130.175,3.583,2.148,216.032,173.927,21.2,72.42857143,23,36.16129032,FALSE,null,null,FALSE,Colombo,25.7,9.2,87.79166667,16.2
8/20/2014,4400,3971.919131,3.179002282,102.4019048,130.175,3.615,2.146,215.849,173.393,21.16,72.14285714,23,36.22580645,FALSE,null,null,FALSE,Colombo,26,2.6,86.41666667,15
8/21/2014,4400,3971.919131,3.179002282,102.4019048,130.19,3.601,2.153,215.705,172.618,21.16,71.85714286,23,36.29032258,FALSE,null,null,FALSE,Colombo,25.9,8.5,88.79166667,17.7
8/22/2014,4400,3971.919131,3.179002282,102.4019048,130.17,3.603,2.149,215.827,172.918,21.15,71.57142857,23,36.35483871,FALSE,null,null,FALSE,Colombo,25,30.6,91.91666667,25.4
8/23/2014,4620,3971.919131,3.179002282,102.4019048,null,null,null,null,null,null,71.28571429,23,36.41935484,FALSE,null,null,FALSE,Colombo,25.8,9.4,87.66666667,15.3
8/24/2014,4840,3971.919131,3.179002282,102.4019048,null,null,null,null,null,null,71,23,36.48387097,FALSE,null,null,FALSE,Colombo,26.4,1.7,86.66666667,12.6
8/25/2014,4180,3971.919131,3.179002282,102.4019048,130.185,3.601,2.155,215.376,172.391,21.16,71.85714286,23,36.5483871,FALSE,null,null,FALSE,Colombo,26.7,1,84.75,16.1
8/26/2014,4400,3971.919131,3.179002282,102.4019048,130.215,3.599,2.154,215.826,171.746,21.19,72.71428571,23,36.61290323,FALSE,null,null,FALSE,Colombo,26.7,0.1,82,13.8
8/27/2014,4400,3971.919131,3.179002282,102.4019048,130.2,3.541,2.152,215.965,171.48,21.2,73.57142857,23,36.67741935,FALSE,null,null,FALSE,Colombo,26.7,0,78.91666667,16
8/28/2014,4400,3971.919131,3.179002282,102.4019048,130.205,3.514,2.152,216.163,171.773,21.2,74.42857143,23,36.74193548,FALSE,null,null,FALSE,Colombo,26.9,0.2,76.875,18.8
8/29/2014,4400,3971.919131,3.179002282,102.4019048,130.23,3.488,2.151,216.238,171.649,21.2,75.28571429,23,36.80645161,FALSE,null,null,FALSE,Colombo,26.4,1.8,83.33333333,18
8/30/2014,4620,3971.919131,3.179002282,102.4019048,null,null,null,null,null,null,76.14285714,23,36.87096774,FALSE,null,null,FALSE,Colombo,26.3,5.2,86.16666667,20
8/31/2014,4840,3971.919131,3.179002282,102.4019048,null,null,null,null,null,null,77,23,36.93548387,FALSE,null,null,FALSE,Colombo,27,1.8,84.70833333,17.1
9/1/2014,3430,3971.919131,3.179002282,97.85272727,130.205,3.477,2.146,214.471,171.024,21.18,75.42857143,23,37,FALSE,null,null,FALSE,Colombo,26,10.2,88.5,17.4
9/2/2014,3611,3971.919131,3.179002282,97.85272727,130.215,3.534,2.153,214.375,170.933,21.2,73.85714286,23,36.9,FALSE,null,null,FALSE,Colombo,25.5,12.4,89.54166667,12.8
9/3/2014,3611,3971.919131,3.179002282,97.85272727,130.22,3.52,2.157,212.658,171.012,21.21,72.28571429,23,36.8,FALSE,null,null,FALSE,Colombo,25.4,8,89.16666667,15.8
9/4/2014,3611,3971.919131,3.179002282,97.85272727,130.205,3.524,2.156,212.586,171.252,21.2,70.71428571,23,36.7,FALSE,null,null,FALSE,Colombo,25.5,11.5,89.20833333,12.9
9/5/2014,3611,3971.919131,3.179002282,97.85272727,130.205,3.514,2.16,209.726,168.55,21.21,69.14285714,23,36.6,FALSE,null,null,FALSE,Colombo,25.6,10.6,86.875,18.6
9/6/2014,3792,3971.919131,3.179002282,97.85272727,null,null,null,null,null,null,67.57142857,23,36.5,FALSE,null,null,FALSE,Colombo,25.4,14.5,88.08333333,20.7
9/7/2014,3972,3971.919131,3.179002282,97.85272727,null,null,null,null,null,null,66,23,36.4,FALSE,null,null,FALSE,Colombo,25.6,21.1,89.125,16.1
9/8/2014,3430,3971.919131,3.179002282,97.85272727,130.22,3.51,2.149,209.739,168.622,21.22,65.28571429,23,36.3,TRUE,Binara Full Moon Poya Day,null,FALSE,Colombo,26,3.6,84.58333333,19.5
9/9/2014,3611,3971.919131,3.179002282,97.85272727,130.22,3.491,2.137,211.135,167.945,21.25,64.57142857,23,36.2,FALSE,null,null,FALSE,Colombo,26.3,5.6,85.58333333,18.2
9/10/2014,3611,3971.919131,3.179002282,97.85272727,130.23,3.468,2.138,211.762,168.472,21.25,63.85714286,23,36.1,FALSE,null,null,FALSE,Colombo,25.7,25.3,88.33333333,20.5
9/11/2014,3611,3971.919131,3.179002282,97.85272727,130.275,3.446,2.148,211.922,168.218,21.23,63.14285714,23,36,FALSE,null,null,FALSE,Colombo,26.4,3.8,86.95833333,15.7
9/12/2014,3611,3971.919131,3.179002282,97.85272727,130.265,3.397,2.132,211.445,168.394,21.21,62.42857143,23,35.9,FALSE,null,null,FALSE,Colombo,26.5,4.3,85.45833333,16.6
9/13/2014,3792,3971.919131,3.179002282,97.85272727,null,null,null,null,null,null,61.71428571,23,35.8,FALSE,null,null,FALSE,Colombo,25.9,4.9,88.29166667,16.9
9/14/2014,3972,3971.919131,3.179002282,97.85272727,null,null,null,null,null,null,61,23,35.7,FALSE,null,null,FALSE,Colombo,26.2,7.5,86.125,17
9/15/2014,3430,3971.919131,3.179002282,97.85272727,130.26,3.399,2.134,212.057,168.889,21.2,61.71428571,23,35.6,FALSE,null,null,FALSE,Colombo,25.9,15.5,87.79166667,18.7
9/16/2014,3611,3971.919131,3.179002282,97.85272727,130.28,3.383,2.139,212.062,168.576,21.22,62.42857143,23,35.5,FALSE,null,null,FALSE,Colombo,26.8,3,84.625,20.4
9/17/2014,3611,3971.919131,3.179002282,97.85272727,130.295,3.389,2.145,213.719,168.843,21.22,63.14285714,23,35.4,FALSE,null,null,FALSE,Colombo,26.2,5.7,87.41666667,20.4
9/18/2014,3611,3971.919131,3.179002282,97.85272727,130.305,3.391,2.141,212.249,167.631,21.22,63.85714286,23,35.3,FALSE,null,null,FALSE,Colombo,26.9,2.2,85.16666667,20.4
9/19/2014,3611,3971.919131,3.179002282,97.85272727,130.31,3.37,2.138,213.168,168.393,21.22,64.57142857,23,35.2,FALSE,null,null,FALSE,Colombo,27,6.1,84.25,19.1
9/20/2014,3792,3971.919131,3.179002282,97.85272727,null,null,null,null,null,null,65.28571429,23,35.1,FALSE,null,null,FALSE,Colombo,26.8,2.7,80.75,20.9
9/21/2014,3972,3971.919131,3.179002282,97.85272727,null,null,null,null,null,null,66,23,35,FALSE,null,null,FALSE,Colombo,27,1.9,80.95833333,18.3
9/22/2014,3430,3971.919131,3.179002282,97.85272727,130.29,3.376,2.135,213.616,167.175,21.24,65.57142857,23,34.9,FALSE,null,null,FALSE,Colombo,26.6,3.7,87.75,15.8
9/23/2014,3611,3971.919131,3.179002282,97.85272727,130.345,3.413,2.138,212.904,167.423,21.23,65.14285714,23,34.8,FALSE,null,null,FALSE,Colombo,26.1,8.2,89.83333333,14.5
9/24/2014,3611,3971.919131,3.179002282,97.85272727,130.3,3.386,2.125,212.65,167.454,21.24,64.71428571,23,34.7,FALSE,null,null,FALSE,Colombo,25.9,11.6,88.66666667,15.3
9/25/2014,3611,3971.919131,3.179002282,97.85272727,130.32,3.329,2.131,211.731,166.524,21.27,64.28571429,23,34.6,FALSE,null,null,FALSE,Colombo,25.6,12.3,89.20833333,18.1
9/26/2014,3611,3971.919131,3.179002282,97.85272727,130.32,3.304,2.119,211.83,166.165,21.21,63.85714286,23,34.5,FALSE,null,null,FALSE,Colombo,25.4,18.5,91,16
9/27/2014,3792,3971.919131,3.179002282,97.85272727,null,null,null,null,null,null,63.42857143,23,34.4,FALSE,null,null,FALSE,Colombo,26.4,2.7,84.41666667,10.7
9/28/2014,3972,3971.919131,3.179002282,97.85272727,null,null,null,null,null,null,63,23,34.3,FALSE,null,null,FALSE,Colombo,26.5,8.7,86.54166667,11.6
9/29/2014,3430,3971.919131,3.179002282,97.85272727,130.425,3.292,2.105,211.352,165.305,21.24,64.14285714,23,34.2,FALSE,null,null,FALSE,Colombo,26.2,10.5,86.5,11.5
9/30/2014,3611,3971.919131,3.179002282,97.85272727,130.355,3.287,2.113,211.074,165.444,21.24,65.28571429,23,34.1,FALSE,null,null,FALSE,Colombo,25.9,13.1,88.83333333,11.2
10/1/2014,3490,3971.919131,3.179002282,87.58478261,130.405,3.296,2.119,210.511,164.664,21.24,66.42857143,22,34,FALSE,null,null,FALSE,Colombo,26,10,87,12.4
10/2/2014,3490,3971.919131,3.179002282,87.58478261,130.4,3.26,2.118,208.106,164.623,21.23,67.57142857,22,33.83870968,FALSE,null,null,FALSE,Colombo,25.6,12.1,90.25,8
10/3/2014,3490,3971.919131,3.179002282,87.58478261,130.355,3.281,2.118,209.663,165.197,21.23,68.71428571,22,33.67741935,FALSE,null,null,FALSE,Colombo,25.6,22,89.66666667,12
10/4/2014,3665,3971.919131,3.179002282,87.58478261,null,null,null,null,null,null,69.85714286,22,33.51612903,FALSE,null,null,FALSE,Colombo,25.9,15.9,88.33333333,11.9
10/5/2014,3839,3971.919131,3.179002282,87.58478261,null,null,null,null,null,null,71,22,33.35483871,TRUE,Eid al-Adha,null,FALSE,Colombo,26.3,6.1,88.33333333,12.4
10/6/2014,3316,3971.919131,3.179002282,87.58478261,130.355,3.264,2.126,209.821,163.165,21.23,71,22,33.19354839,FALSE,null,null,FALSE,Colombo,26.1,7.8,88.45833333,14.3
10/7/2014,3490,3971.919131,3.179002282,87.58478261,130.36,3.261,2.125,210.766,164.958,21.23,71,22,33.03225806,FALSE,null,null,FALSE,Colombo,25.4,22.2,89.25,15.3
10/8/2014,3490,3971.919131,3.179002282,87.58478261,130.36,3.248,2.135,210.118,165.159,21.26,71,22,32.87096774,TRUE,Vap Full Moon Poya Day,null,FALSE,Colombo,25.9,21.8,88.54166667,14.1
10/9/2014,3490,3971.919131,3.179002282,87.58478261,130.35,3.229,2.127,209.57,166,21.26,71,22,32.70967742,FALSE,null,null,FALSE,Colombo,25.9,12.9,90,16.2
10/10/2014,3490,3971.919131,3.179002282,87.58478261,130.35,3.229,2.14,209.99,165.421,21.31,71,22,32.5483871,FALSE,null,null,FALSE,Colombo,26,12.4,89.75,16.1
10/11/2014,3665,3971.919131,3.179002282,87.58478261,null,null,null,null,null,null,71,22,32.38709677,FALSE,null,null,FALSE,Colombo,27.4,3.2,81.66666667,19.7
10/12/2014,3839,3971.919131,3.179002282,87.58478261,null,null,null,null,null,null,71,22,32.22580645,FALSE,null,null,FALSE,Colombo,26.5,7.6,87.41666667,19.3
10/13/2014,3316,3971.919131,3.179002282,87.58478261,130.55,3.192,2.128,207.792,164.606,21.33,70.14285714,22,32.06451613,FALSE,null,null,FALSE,Colombo,26.7,4.4,87.375,20.1
10/14/2014,3490,3971.919131,3.179002282,87.58478261,130.65,3.233,2.129,209.321,166.49,21.33,69.28571429,22,31.90322581,FALSE,null,null,FALSE,Colombo,26.6,2.9,85.375,13.3
10/15/2014,3490,3971.919131,3.179002282,87.58478261,130.65,3.2,2.115,210.431,165.389,21.36,68.42857143,22,31.74193548,FALSE,null,null,FALSE,Colombo,26.6,27.9,86.08333333,11.2
10/16/2014,3493,3971.919131,3.179002282,87.58478261,130.8,3.206,2.129,210.275,167.716,21.33,67.57142857,22,31.58064516,FALSE,null,null,FALSE,Colombo,25.4,162.4,90.33333333,9.5
10/17/2014,3490,3971.919131,3.179002282,87.58478261,130.65,3.184,2.134,211.277,167.548,21.34,66.71428571,22,31.41935484,FALSE,null,null,FALSE,Colombo,25.3,22.3,90.375,15.2
10/18/2014,3665,3971.919131,3.179002282,87.58478261,null,null,null,null,null,null,65.85714286,22,31.25806452,FALSE,null,null,FALSE,Colombo,24.4,46.3,94,10.7
10/19/2014,3839,3971.919131,3.179002282,87.58478261,null,null,null,null,null,null,65,22,31.09677419,FALSE,null,null,FALSE,Colombo,25.4,11.7,91.41666667,11.8
10/20/2014,3316,3971.919131,3.179002282,87.58478261,130.7,3.193,2.138,210.658,166.742,21.36,65,22,30.93548387,FALSE,null,null,FALSE,Colombo,25.9,5.7,89.91666667,13
10/21/2014,3490,3971.919131,3.179002282,87.58478261,130.75,3.16,2.136,209.861,167.283,21.37,65,22,30.77419355,FALSE,null,null,FALSE,Colombo,25.8,16.3,88.04166667,11.3
10/22/2014,3490,3971.919131,3.179002282,87.58478261,130.75,3.137,2.138,209.686,166.255,21.37,65,22,30.61290323,TRUE,Deepavali Festival Day,null,FALSE,Colombo,26.1,8.3,86.79166667,11.8
10/23/2014,3490,3971.919131,3.179002282,87.58478261,130.8,3.122,2.139,210.544,165.385,21.39,65,22,30.4516129,FALSE,null,null,FALSE,Colombo,25.4,29.5,89.875,10.9
10/24/2014,3490,3971.919131,3.179002282,87.58478261,130.85,3.097,2.134,210.937,165.416,21.39,65,22,30.29032258,FALSE,null,null,FALSE,Colombo,26.4,4.6,86.58333333,8.8
10/25/2014,3665,3971.919131,3.179002282,87.58478261,null,null,null,null,null,null,65,22,30.12903226,FALSE,null,null,FALSE,Colombo,26.2,10.1,86.79166667,10.8
10/26/2014,3839,3971.919131,3.179002282,87.58478261,null,null,null,null,null,null,65,22,29.96774194,FALSE,null,null,FALSE,Colombo,26.3,6.8,85.375,9.4
10/27/2014,3316,3971.919131,3.179002282,87.58478261,130.85,3.084,2.139,211.148,165.793,21.41,65.14285714,22,29.80645161,FALSE,null,null,FALSE,Colombo,26,9.4,87.41666667,12.9
10/28/2014,3490,3971.919131,3.179002282,87.58478261,130.9,3.032,2.136,209.584,166.16,21.42,65.28571429,22,29.64516129,FALSE,null,null,FALSE,Colombo,25.8,16.3,89.25,11.5
10/29/2014,3490,3971.919131,3.179002282,87.58478261,130.9,3.148,2.131,209.447,166.695,21.41,65.42857143,22,29.48387097,FALSE,null,null,FALSE,Colombo,26,13.4,87.125,13.2
10/30/2014,3490,3971.919131,3.179002282,87.58478261,130.9,3.04,2.13,209.207,165.359,21.39,65.57142857,22,29.32258065,FALSE,null,null,FALSE,Colombo,25.3,8.6,90.5,9
10/31/2014,3490,3971.919131,3.179002282,87.58478261,130.775,3.001,2.131,208.994,165.104,21.39,65.71428571,22,29.16129032,FALSE,null,null,FALSE,Colombo,25.4,15.4,89.125,13.7
11/1/2014,5022,3971.919131,3.179002282,79.2295,null,null,null,null,null,null,65.85714286,21,29,FALSE,null,null,FALSE,Colombo,26,0.5,80.33333333,11.6
11/2/2014,5261,3971.919131,3.179002282,79.2295,null,null,null,null,null,null,66,21,29.03333333,FALSE,null,null,FALSE,Colombo,25.2,13.9,90.58333333,13.4
11/3/2014,4544,3971.919131,3.179002282,79.2295,130.85,3.003,2.132,209.486,163.789,21.41,65.85714286,21,29.06666667,FALSE,null,null,FALSE,Colombo,25.3,23,91.33333333,15
11/4/2014,4783,3971.919131,3.179002282,79.2295,130.9,2.915,2.13,209.093,163.333,21.41,65.71428571,21,29.1,FALSE,null,null,FALSE,Colombo,25.3,13.7,89.33333333,12.1
11/5/2014,4783,3971.919131,3.179002282,79.2295,130.875,2.794,2.128,207.195,164.221,21.41,65.57142857,21,29.13333333,FALSE,null,null,FALSE,Colombo,25.7,11.3,89.75,16.8
11/6/2014,4783,3971.919131,3.179002282,79.2295,130.875,2.804,2.128,207.784,163.411,21.38,65.42857143,21,29.16666667,TRUE,Il Full Moon Poya Day,null,FALSE,Colombo,26.3,3.6,87.5,12.7
11/7/2014,4783,3971.919131,3.179002282,79.2295,130.9,2.853,2.129,207.372,161.958,21.39,65.28571429,21,29.2,FALSE,null,null,FALSE,Colombo,26.2,0,82.20833333,11.3
11/8/2014,5022,3971.919131,3.179002282,79.2295,null,null,null,null,null,null,65.14285714,21,29.23333333,FALSE,null,null,FALSE,Colombo,26.4,0,81.16666667,10.5
11/9/2014,5261,3971.919131,3.179002282,79.2295,null,null,null,null,null,null,65,21,29.26666667,FALSE,null,null,FALSE,Colombo,26.9,0,79.29166667,10.1
11/10/2014,4544,3971.919131,3.179002282,79.2295,130.9,2.823,2.128,208.38,163.029,21.37,65.57142857,21,29.3,FALSE,null,null,FALSE,Colombo,26,1,84.75,11.4
11/11/2014,4783,3971.919131,3.179002282,79.2295,130.9,2.912,2.133,206.58,162.591,21.37,66.14285714,21,29.33333333,FALSE,null,null,FALSE,Colombo,26.7,2.6,83.29166667,9.7
11/12/2014,4783,3971.919131,3.179002282,79.2295,130.9,2.804,2.126,205.736,163.298,21.38,66.71428571,21,29.36666667,FALSE,null,null,FALSE,Colombo,26,17.7,87.16666667,7.2
11/13/2014,4783,3971.919131,3.179002282,79.2295,130.95,2.776,2.123,205.271,162.827,21.37,67.28571429,21,29.4,FALSE,null,null,FALSE,Colombo,25.9,9.7,88.20833333,13.2
11/14/2014,4783,3971.919131,3.179002282,79.2295,131,2.78,2.119,204.897,163.38,21.39,67.85714286,21,29.43333333,FALSE,null,null,FALSE,Colombo,26,9.8,87.58333333,10
11/15/2014,5022,3971.919131,3.179002282,79.2295,null,null,null,null,null,null,68.42857143,21,29.46666667,FALSE,null,null,FALSE,Colombo,26.3,2.5,86.75,8.7
11/16/2014,5266,3971.919131,3.179002282,79.2295,null,null,null,null,null,null,69,21,29.5,FALSE,null,null,FALSE,Colombo,25.8,20.9,87.54166667,8.2
11/17/2014,4544,3971.919131,3.179002282,79.2295,131,2.794,2.123,204.877,164.058,21.41,68,21,29.53333333,FALSE,null,null,FALSE,Colombo,26.4,4.9,86.70833333,6.3
11/18/2014,4783,3971.919131,3.179002282,79.2295,131.05,2.797,2.116,205.552,163.095,21.42,67,21,29.56666667,FALSE,null,null,FALSE,Colombo,25.9,13,88.625,8.4
11/19/2014,4783,3971.919131,3.179002282,79.2295,131.075,2.839,2.117,205.716,164.298,21.41,66,21,29.6,FALSE,null,null,FALSE,Colombo,25.5,20,89.16666667,6.4
11/20/2014,4783,3971.919131,3.179002282,79.2295,131.075,2.868,2.122,205.205,164.551,21.4,65,21,29.63333333,FALSE,null,null,FALSE,Colombo,25.5,22.1,88.625,7.5
11/21/2014,4783,3971.919131,3.179002282,79.2295,131.075,2.912,2.119,205.821,164.361,21.34,64,21,29.66666667,FALSE,null,null,FALSE,Colombo,25.7,16,90.08333333,9.4
11/22/2014,5022,3971.919131,3.179002282,79.2295,null,null,null,null,null,null,63,21,29.7,FALSE,null,null,FALSE,Colombo,25.4,14.2,91.04166667,13.6
11/23/2014,5261,3971.919131,3.179002282,79.2295,null,null,null,null,null,null,62,21,29.73333333,FALSE,null,null,FALSE,Colombo,25,23,92.79166667,10
11/24/2014,4544,3971.919131,3.179002282,79.2295,131.05,2.831,2.119,205.932,162.409,21.36,63.28571429,21,29.76666667,FALSE,null,null,FALSE,Colombo,25.4,13.5,87.125,11.5
11/25/2014,4783,3971.919131,3.179002282,79.2295,131.1,2.765,2.122,207.073,163.059,21.36,64.57142857,21,29.8,FALSE,null,null,FALSE,Colombo,24.2,7.8,85.58333333,21
11/26/2014,4783,3971.919131,3.179002282,79.2295,131.125,2.696,2.12,206.371,163.541,21.36,65.85714286,21,29.83333333,FALSE,null,null,FALSE,Colombo,25,13.4,87.70833333,17.7
11/27/2014,4783,3971.919131,3.179002282,79.2295,131.15,2.603,2.108,205.231,163.985,21.35,67.14285714,21,29.86666667,FALSE,null,null,FALSE,Colombo,25.1,15.1,88.54166667,14.3
11/28/2014,4783,3971.919131,3.179002282,79.2295,131.15,2.561,2.116,206.221,163.505,21.31,68.42857143,21,29.9,FALSE,null,null,FALSE,Colombo,25.3,11.5,89.83333333,10.3
11/29/2014,5022,3971.919131,3.179002282,79.2295,null,null,null,null,null,null,69.71428571,21,29.93333333,FALSE,null,null,FALSE,Colombo,25.1,4.2,86.375,20.3
11/30/2014,5261,3971.919131,3.179002282,79.2295,null,null,null,null,null,null,71,21,29.96666667,FALSE,null,null,FALSE,Colombo,24.7,0.6,83.54166667,21.4
12/1/2014,5978,3971.919131,3.179002282,62.90391304,131.1,2.433,2.122,204.988,163.308,21.32,70.42857143,20,30,FALSE,null,null,FALSE,Colombo,25.9,3.9,86.91666667,8.1
12/2/2014,6292,3971.919131,3.179002282,62.90391304,131.1,2.452,2.12,205.722,163.482,21.32,69.85714286,20,30,FALSE,null,null,FALSE,Colombo,25.3,10.4,89.54166667,8.8
12/3/2014,6292,3971.919131,3.179002282,62.90391304,131.15,2.411,2.123,205.552,162.341,21.31,69.28571429,20,30,FALSE,null,null,FALSE,Colombo,25.8,2.3,84.83333333,15.5
12/4/2014,6292,3971.919131,3.179002282,62.90391304,131.15,2.492,2.118,204.378,161.459,21.32,68.71428571,20,30,FALSE,null,null,FALSE,Colombo,25.5,0,77.04166667,17.7
12/5/2014,6292,3971.919131,3.179002282,62.90391304,131.15,2.441,2.122,205.368,162.351,21.25,68.14285714,20,30,FALSE,null,null,FALSE,Colombo,25.8,0,77.375,9.3
12/6/2014,6607,3971.919131,3.179002282,62.90391304,null,null,null,null,null,null,67.57142857,20,30,TRUE,Unduvap Full Moon Poya Day,null,FALSE,Colombo,25.8,7.1,84.20833333,9.2
12/7/2014,6922,3971.919131,3.179002282,62.90391304,null,null,null,null,null,null,67,20,30,FALSE,null,null,FALSE,Colombo,25.8,1.8,86.375,11
12/8/2014,5978,3971.919131,3.179002282,62.90391304,131.2,2.425,2.119,205.525,161.124,21.2,67.85714286,20,30,FALSE,null,null,FALSE,Colombo,25.7,10.6,89.45833333,6
12/9/2014,6292,3971.919131,3.179002282,62.90391304,131.15,2.39,2.111,206.109,161.599,21.23,68.71428571,20,30,FALSE,null,null,FALSE,Colombo,25.7,12.2,90.79166667,6.8
12/10/2014,6292,3971.919131,3.179002282,62.90391304,131.15,2.325,2.1,206.397,162.298,21.2,69.57142857,20,30,FALSE,null,null,FALSE,Colombo,25.6,16,90.33333333,9
12/11/2014,6292,3971.919131,3.179002282,62.90391304,131.2,2.253,2.098,206.214,163.256,21.2,70.42857143,20,30,FALSE,null,null,FALSE,Colombo,25.6,16.1,88.5,8.7
12/12/2014,6292,3971.919131,3.179002282,62.90391304,131.175,1.99,2.078,205.242,162.832,21.2,71.28571429,20,30,FALSE,null,null,FALSE,Colombo,25.8,10.8,87,7.9
12/13/2014,6607,3971.919131,3.179002282,62.90391304,null,null,null,null,null,null,72.14285714,20,30,FALSE,null,null,FALSE,Colombo,25.8,14,87.83333333,8.4
12/14/2014,6922,3971.919131,3.179002282,62.90391304,null,null,null,null,null,null,73,20,30,FALSE,null,null,FALSE,Colombo,26.6,0.7,83.54166667,6.1
12/15/2014,5978,3971.919131,3.179002282,62.90391304,131.25,1.914,2.06,206.541,163.471,21.19,74.85714286,20,30,FALSE,null,null,FALSE,Colombo,26,3.3,86.5,8.5
12/16/2014,6297,3971.919131,3.179002282,62.90391304,131.15,2.18,2.065,204.344,163.242,21.17,76.71428571,20,30,FALSE,null,null,FALSE,Colombo,26,3.2,88.45833333,9.8
12/17/2014,6292,3971.919131,3.179002282,62.90391304,131.2,2.12,2.084,205.747,164.089,21.13,78.57142857,20,30,FALSE,null,null,FALSE,Colombo,25.5,46.4,90.79166667,8.4
12/18/2014,6292,3971.919131,3.179002282,62.90391304,131.3,2.252,2.075,205.085,161.94,21.09,80.42857143,20,30,FALSE,null,null,FALSE,Colombo,25.5,34.2,89.58333333,7.6
12/19/2014,6292,3971.919131,3.179002282,62.90391304,131.2,2.353,2.076,205.085,161.315,21.1,82.28571429,20,30,FALSE,null,null,FALSE,Colombo,25.6,5.5,88.66666667,6.3
12/20/2014,6607,3971.919131,3.179002282,62.90391304,null,null,null,null,null,null,84.14285714,20,30,FALSE,null,null,FALSE,Colombo,23.8,38.4,92.20833333,20.3
12/21/2014,6922,3971.919131,3.179002282,62.90391304,null,null,null,null,null,null,86,20,30,FALSE,null,null,FALSE,Colombo,25.2,2.2,86.41666667,13.7
12/22/2014,5978,3971.919131,3.179002282,62.90391304,131.25,2.405,2.069,203.733,160.438,21.08,85.71428571,20,30,FALSE,null,null,FALSE,Colombo,24,29.8,93.375,15.9
12/23/2014,6292,3971.919131,3.179002282,62.90391304,131.25,2.451,2.066,204.219,160.525,21.12,85.42857143,20,30,FALSE,null,null,FALSE,Colombo,23.9,54.7,93.75,14.3
12/24/2014,6292,3971.919131,3.179002282,62.90391304,131.25,2.472,2.066,203.936,159.764,21.18,85.14285714,20,30,FALSE,null,null,FALSE,Colombo,24.5,28.9,91.41666667,11.3
12/25/2014,6292,3971.919131,3.179002282,62.90391304,131.25,2.431,2.064,204.101,160.053,21.12,84.85714286,20,30,TRUE,Christmas Day,null,FALSE,Colombo,23.9,81,93.54166667,19.3
12/26/2014,6292,3971.919131,3.179002282,62.90391304,131.2,2.22,2.061,203.628,160.42,21.09,84.57142857,20,30,FALSE,null,null,FALSE,Colombo,23.7,21.3,87.91666667,21.7
12/27/2014,6607,3971.919131,3.179002282,62.90391304,null,null,null,null,null,null,84.28571429,20,30,FALSE,null,null,FALSE,Colombo,23.8,0,78.45833333,21.6
12/28/2014,6922,3971.919131,3.179002282,62.90391304,null,null,null,null,null,null,84,20,30,FALSE,null,null,FALSE,Colombo,24.2,8,90.41666667,21.5
12/29/2014,5978,3971.919131,3.179002282,62.90391304,131.25,2.361,2.071,204.212,159.756,21.16,83,20,30,FALSE,null,null,FALSE,Colombo,25.4,0.3,83.54166667,26.4
12/30/2014,6292,3971.919131,3.179002282,62.90391304,131.25,2.26,2.081,204.344,159.495,21.14,82,20,30,FALSE,null,null,FALSE,Colombo,25.8,0.9,85.5,11.8
12/31/2014,6292,3971.919131,3.179002282,62.90391304,131.2,2.261,2.072,204.035,159.567,21.15,81,20,30,FALSE,null,null,FALSE,Colombo,25.5,2.1,87.875,11
1/1/2015,4924,4057.715835,3.768367831,48.93318182,131.25,2.235,2.075,201.25,158.732,21.16,80,23,30,FALSE,null,null,FALSE,Colombo,25.8,0.5,88.33333333,10.2
1/2/2015,4924,4057.715835,3.768367831,48.93318182,131.3,2.173,2.073,200.226,158.865,21.11,79,23,30.29032258,FALSE,null,null,FALSE,Colombo,25.5,0,82.33333333,11.1
1/3/2015,5170,4057.715835,3.768367831,48.93318182,null,null,null,null,null,null,78,23,30.58064516,FALSE,null,null,FALSE,Colombo,25.6,0,80.54166667,10.8
1/4/2015,5416,4057.715835,3.768367831,48.93318182,null,null,null,null,null,null,77,23,30.87096774,TRUE,Duruthu Full Moon Poya Day; Prophet's Birthday,null,FALSE,Colombo,26.1,0.1,81.83333333,8.9
1/5/2015,4678,4057.715835,3.768367831,48.93318182,131.3,2.082,2.068,199.242,157.593,21.17,77.42857143,23,31.16129032,FALSE,null,null,FALSE,Colombo,26.4,1,83.04166667,8.3
1/6/2015,4924,4057.715835,3.768367831,48.93318182,131.5,2.09,2.077,198.628,156.687,21.16,77.85714286,23,31.4516129,FALSE,null,null,FALSE,Colombo,26.3,3.4,81.125,12.7
1/7/2015,4924,4057.715835,3.768367831,48.93318182,131.45,2.197,2.099,198.465,156.34,21.16,78.28571429,23,31.74193548,FALSE,null,null,FALSE,Colombo,25.9,0.5,79.91666667,13.7
1/8/2015,4924,4057.715835,3.768367831,48.93318182,131.525,2.137,2.109,199.361,155.623,21.18,78.71428571,23,32.03225806,FALSE,null,null,FALSE,Colombo,25.7,0,76.70833333,12.5
1/9/2015,4924,4057.715835,3.768367831,48.93318182,131.5,2.082,2.119,199.594,155.101,21.21,79.14285714,23,32.32258065,FALSE,null,null,FALSE,Colombo,25.7,0,75.125,11.1
1/10/2015,5170,4057.715835,3.768367831,48.93318182,null,null,null,null,null,null,79.57142857,23,32.61290323,FALSE,null,null,FALSE,Colombo,25.6,0,68.29166667,14.8
1/11/2015,5416,4057.715835,3.768367831,48.93318182,null,null,null,null,null,null,80,23,32.90322581,FALSE,null,null,FALSE,Colombo,25.3,0,66.04166667,15
1/12/2015,4678,4057.715835,3.768367831,48.93318182,131.55,2.014,2.122,199.416,155.716,21.23,79.85714286,23,33.19354839,FALSE,null,null,FALSE,Colombo,25.2,0,62,15.4
1/13/2015,4924,4057.715835,3.768367831,48.93318182,131.55,2.044,2.119,200.384,155.663,21.23,79.71428571,23,33.48387097,FALSE,null,null,FALSE,Colombo,25.6,0,59.95833333,13.5
1/14/2015,4924,4057.715835,3.768367831,48.93318182,131.55,2.017,2.12,199.825,154.867,21.26,79.57142857,23,33.77419355,FALSE,null,null,FALSE,Colombo,25.8,0,71.75,8.7
1/15/2015,4924,4057.715835,3.768367831,48.93318182,131.55,2.017,2.123,199.04,155.091,21.17,79.42857143,23,34.06451613,TRUE,Tamil Thai Pongal Day,null,FALSE,Colombo,26.1,2.1,77.33333333,7.6
1/16/2015,4918,4057.715835,3.768367831,48.93318182,131.375,2.029,2.139,199.296,153,21.2,79.28571429,23,34.35483871,FALSE,null,null,FALSE,Colombo,26.9,1.1,76.20833333,9.7
1/17/2015,5170,4057.715835,3.768367831,48.93318182,null,null,null,null,null,null,79.14285714,23,34.64516129,FALSE,null,null,FALSE,Colombo,27,0.4,74.91666667,10
1/18/2015,5416,4057.715835,3.768367831,48.93318182,null,null,null,null,null,null,79,23,34.93548387,FALSE,null,null,FALSE,Colombo,27.4,0,69.29166667,9.8
1/19/2015,4678,4057.715835,3.768367831,48.93318182,131.875,2.021,2.139,199.687,151.995,21.22,79.42857143,23,35.22580645,FALSE,null,null,FALSE,Colombo,27.6,0.2,62.75,9.8
1/20/2015,4924,4057.715835,3.768367831,48.93318182,131.85,2.019,2.142,199.699,153.055,21.23,79.85714286,23,35.51612903,FALSE,null,null,FALSE,Colombo,27,0,60.25,10.3
1/21/2015,4924,4057.715835,3.768367831,48.93318182,131.875,2.056,2.142,198.057,152.293,21.25,80.28571429,23,35.80645161,FALSE,null,null,FALSE,Colombo,27.6,0,59.29166667,11.3
1/22/2015,4924,4057.715835,3.768367831,48.93318182,131.95,2.056,2.146,197.674,153.113,21.17,80.71428571,23,36.09677419,FALSE,null,null,FALSE,Colombo,26.9,0,64.79166667,11.3
1/23/2015,4924,4057.715835,3.768367831,48.93318182,131.875,1.926,2.147,199.063,149.981,21.11,81.14285714,23,36.38709677,FALSE,null,null,FALSE,Colombo,27.4,0,70.29166667,8.8
1/24/2015,5170,4057.715835,3.768367831,48.93318182,null,null,null,null,null,null,81.57142857,23,36.67741935,FALSE,null,null,FALSE,Colombo,27.3,9.6,72.95833333,8
1/25/2015,5416,4057.715835,3.768367831,48.93318182,null,null,null,null,null,null,82,23,36.96774194,FALSE,null,null,FALSE,Colombo,27.6,0.8,67.125,6.5
1/26/2015,4678,4057.715835,3.768367831,48.93318182,132,1.953,2.151,200.715,147.805,21.15,82.71428571,23,37.25806452,FALSE,null,null,FALSE,Colombo,27.6,0,63.125,9.6
1/27/2015,4924,4057.715835,3.768367831,48.93318182,132.075,1.946,2.156,200.243,148.355,21.17,83.42857143,23,37.5483871,FALSE,null,null,FALSE,Colombo,27.9,0.2,64.66666667,10.2
1/28/2015,4924,4057.715835,3.768367831,48.93318182,132.3,1.919,2.14,199.224,150.315,21.17,84.14285714,23,37.83870968,FALSE,null,null,FALSE,Colombo,28.2,0,66.45833333,7.9
1/29/2015,4924,4057.715835,3.768367831,48.93318182,132.225,1.91,2.132,199.243,149.34,21.16,84.85714286,23,38.12903226,FALSE,null,null,FALSE,Colombo,26.7,10.9,76.875,9.5
1/30/2015,4924,4057.715835,3.768367831,48.93318182,132.225,1.937,2.144,199.055,149.678,21.14,85.57142857,23,38.41935484,FALSE,null,null,FALSE,Colombo,26.3,5,82.08333333,8
1/31/2015,5170,4057.715835,3.768367831,48.93318182,null,null,null,null,null,null,86.28571429,23,38.70967742,FALSE,null,null,FALSE,Colombo,27.2,0,69.33333333,13.5
2/1/2015,5665,4057.715835,3.768367831,58.254,null,null,null,null,null,null,87,15,39,FALSE,null,null,FALSE,Colombo,27.1,0,65.41666667,13.4
2/2/2015,4892,4057.715835,3.768367831,58.254,132.35,2.029,2.149,200.729,149.262,21.15,86.85714286,15,38.89285714,FALSE,null,null,FALSE,Colombo,27.5,1.2,69.29166667,13.7
2/3/2015,5150,4057.715835,3.768367831,58.254,132.35,1.949,2.14,200.941,150.111,21.18,86.71428571,15,38.78571429,TRUE,Nawam Full Moon Poya Day,null,FALSE,Colombo,26.5,7.6,74.33333333,17.2
2/4/2015,5150,4057.715835,3.768367831,58.254,132.35,1.989,2.145,202.86,151.951,21.17,86.57142857,15,38.67857143,TRUE,Independence Day,null,FALSE,Colombo,27,0.5,73.58333333,13.6
2/5/2015,5150,4057.715835,3.768367831,58.254,132.35,1.982,2.146,202.765,150.171,21.3,86.42857143,15,38.57142857,FALSE,null,null,FALSE,Colombo,26.8,0.7,74.29166667,8.9
2/6/2015,5150,4057.715835,3.768367831,58.254,133,2.018,2.138,202.214,151.899,21.27,86.28571429,15,38.46428571,FALSE,null,null,FALSE,Colombo,26.9,9.9,77.25,7.6
2/7/2015,5407,4057.715835,3.768367831,58.254,null,null,null,null,null,null,86.14285714,15,38.35714286,FALSE,null,null,FALSE,Colombo,27.6,0,68.41666667,10.4
2/8/2015,5665,4057.715835,3.768367831,58.254,null,null,null,null,null,null,86,15,38.25,FALSE,null,null,FALSE,Colombo,27.7,0,66.41666667,10.2
2/9/2015,4892,4057.715835,3.768367831,58.254,132.9,2.03,2.132,202.726,150.496,21.29,85.42857143,15,38.14285714,FALSE,null,null,FALSE,Colombo,26.8,10.1,74.875,9.1
2/10/2015,5150,4057.715835,3.768367831,58.254,132.9,2.037,2.13,202.513,150.502,21.29,84.85714286,15,38.03571429,FALSE,null,null,FALSE,Colombo,26.4,13,82.625,9.4
2/11/2015,5150,4057.715835,3.768367831,58.254,132.9,2.038,2.14,204.614,150.456,21.3,84.28571429,15,37.92857143,FALSE,null,null,FALSE,Colombo,26.6,7.1,81.04166667,10.1
2/12/2015,5150,4057.715835,3.768367831,58.254,133,2.093,2.141,204.66,150.623,21.3,83.71428571,15,37.82142857,FALSE,null,null,FALSE,Colombo,26.8,5.2,81.83333333,9
2/13/2015,5150,4057.715835,3.768367831,58.254,132.9,2.105,2.142,204.335,151.66,21.28,83.14285714,15,37.71428571,FALSE,null,null,FALSE,Colombo,26.4,6.8,83.91666667,11
2/14/2015,5407,4057.715835,3.768367831,58.254,null,null,null,null,null,null,82.57142857,15,37.60714286,FALSE,null,null,FALSE,Colombo,26.7,0,79.125,13
2/15/2015,5658,4057.715835,3.768367831,58.254,null,null,null,null,null,null,82,15,37.5,FALSE,null,null,FALSE,Colombo,25.9,0,75.625,8.6
2/16/2015,4892,4057.715835,3.768367831,58.254,133,2.128,2.14,204.209,151.313,21.26,81.85714286,15,37.39285714,FALSE,null,null,FALSE,Colombo,26.1,0,60.54166667,7.7
2/17/2015,5150,4057.715835,3.768367831,58.254,133,2.158,2.142,205.131,151.015,21.25,81.71428571,15,37.28571429,TRUE,Maha Sivarathri Day,null,FALSE,Colombo,25.9,0,63,10.5
2/18/2015,5150,4057.715835,3.768367831,58.254,132.9,2.147,2.139,204.877,151.779,21.25,81.57142857,15,37.17857143,FALSE,null,null,FALSE,Colombo,25.7,0,70.70833333,12.2
2/19/2015,5150,4057.715835,3.768367831,58.254,132.925,2.15,2.141,204.827,151.473,21.26,81.42857143,15,37.07142857,FALSE,null,null,FALSE,Colombo,25.8,0,69.625,12.6
2/20/2015,5150,4057.715835,3.768367831,58.254,133,2.085,2.14,205.565,151.089,21.26,81.28571429,15,36.96428571,FALSE,null,null,FALSE,Colombo,26.8,0,66.54166667,14.8
2/21/2015,5407,4057.715835,3.768367831,58.254,null,null,null,null,null,null,81.14285714,15,36.85714286,FALSE,null,null,FALSE,Colombo,28.5,0,59.16666667,10.6
2/22/2015,5665,4057.715835,3.768367831,58.254,null,null,null,null,null,null,81,15,36.75,FALSE,null,null,FALSE,Colombo,28.3,0,62.625,9.2
2/23/2015,4892,4057.715835,3.768367831,58.254,133,2.105,2.14,205.622,151.361,21.27,81,15,36.64285714,FALSE,null,null,FALSE,Colombo,27.7,0.7,67.91666667,9.4
2/24/2015,5150,4057.715835,3.768367831,58.254,133.05,2.168,2.151,206.607,150.722,21.26,81,15,36.53571429,FALSE,null,null,FALSE,Colombo,27.1,4.3,77.83333333,12.5
2/25/2015,5150,4057.715835,3.768367831,58.254,133.05,2.176,2.155,204.977,150.892,21.26,81,15,36.42857143,FALSE,null,null,FALSE,Colombo,27.7,1.2,73.375,8.6
2/26/2015,5150,4057.715835,3.768367831,58.254,133.05,2.158,2.159,205.511,151.165,21.24,81,15,36.32142857,FALSE,null,null,FALSE,Colombo,27,4,79.95833333,10.2
2/27/2015,5150,4057.715835,3.768367831,58.254,133.15,2.127,2.152,204.495,148.989,21.22,81,15,36.21428571,FALSE,null,null,FALSE,Colombo,26.5,7.5,80.41666667,16.4
2/28/2015,5407,4057.715835,3.768367831,58.254,null,null,null,null,null,null,81,15,36.10714286,FALSE,null,null,FALSE,Colombo,27.1,1.4,76.70833333,9.2
3/1/2015,5416,4057.715835,3.768367831,56.52454545,null,null,null,null,null,null,81,23,36,FALSE,null,null,FALSE,Colombo,27.2,0.8,76.33333333,7.4
3/2/2015,4678,4057.715835,3.768367831,56.52454545,133.1,2.151,2.154,204.532,149.068,21.22,81,23,36.12903226,FALSE,null,null,FALSE,Colombo,27.4,3.8,78.5,11.7
3/3/2015,4924,4057.715835,3.768367831,56.52454545,133.15,2.146,2.134,202.935,148.865,21.2,81,23,36.25806452,FALSE,null,null,FALSE,Colombo,27.3,1.2,78,9.6
3/4/2015,4924,4057.715835,3.768367831,56.52454545,132.95,2.185,2.131,202.63,148.809,21.22,81,23,36.38709677,FALSE,null,null,FALSE,Colombo,26.7,1.7,82.08333333,15.1
3/5/2015,4924,4057.715835,3.768367831,56.52454545,132.95,2.201,2.129,199.998,147.295,21.24,81,23,36.51612903,TRUE,Medin Full Moon Poya Day,null,FALSE,Colombo,27.4,0.1,76.58333333,6.2
3/6/2015,4924,4057.715835,3.768367831,56.52454545,133,2.19,2.125,201.361,146.651,21.25,81,23,36.64516129,FALSE,null,null,FALSE,Colombo,28.4,0,73.04166667,9.5
3/7/2015,5170,4057.715835,3.768367831,56.52454545,null,null,null,null,null,null,81,23,36.77419355,FALSE,null,null,FALSE,Colombo,28.4,0,70.875,9.2
3/8/2015,5416,4057.715835,3.768367831,56.52454545,null,null,null,null,null,null,81,23,36.90322581,FALSE,null,null,FALSE,Colombo,28.4,1.2,71.66666667,8.8
3/9/2015,4678,4057.715835,3.768367831,56.52454545,133.1,2.132,2.123,200.658,144.232,21.26,81.14285714,23,37.03225806,FALSE,null,null,FALSE,Colombo,28,0.7,72.95833333,8.2
3/10/2015,4924,4057.715835,3.768367831,56.52454545,133.15,2.161,2.121,198.779,144.447,21.26,81.28571429,23,37.16129032,FALSE,null,null,FALSE,Colombo,28,0.4,68.875,11.9
3/11/2015,4924,4057.715835,3.768367831,56.52454545,133.15,2.176,2.128,198.086,142.444,21.25,81.42857143,23,37.29032258,FALSE,null,null,FALSE,Colombo,28,0,70.16666667,8.4
3/12/2015,4924,4057.715835,3.768367831,56.52454545,133.1,2.138,2.109,196.189,140.433,21.26,81.57142857,23,37.41935484,FALSE,null,null,FALSE,Colombo,28.3,2.8,68.875,7.2
3/13/2015,4924,4057.715835,3.768367831,56.52454545,133.05,2.141,2.121,197.442,141.558,21.26,81.71428571,23,37.5483871,FALSE,null,null,FALSE,Colombo,26.9,25.2,80.83333333,12.3
3/14/2015,5170,4057.715835,3.768367831,56.52454545,null,null,null,null,null,null,81.85714286,23,37.67741935,FALSE,null,null,FALSE,Colombo,25.8,13.4,89.375,10.6
3/15/2015,5416,4057.715835,3.768367831,56.52454545,null,null,null,null,null,null,82,23,37.80645161,FALSE,null,null,FALSE,Colombo,26.8,0.5,80.75,6.1
3/16/2015,4672,4057.715835,3.768367831,56.52454545,133.15,2.164,2.126,196.33,139.636,21.31,81.42857143,23,37.93548387,FALSE,null,null,FALSE,Colombo,27.4,0.1,79.33333333,7.6
3/17/2015,4924,4057.715835,3.768367831,56.52454545,133.15,2.243,2.124,199.432,140.719,21.37,80.85714286,23,38.06451613,FALSE,null,null,FALSE,Colombo,27.4,1.7,80.33333333,8.2
3/18/2015,4924,4057.715835,3.768367831,56.52454545,133.15,2.216,2.133,196.651,141.119,21.51,80.28571429,23,38.19354839,FALSE,null,null,FALSE,Colombo,27.1,2.5,83.625,12.2
3/19/2015,4924,4057.715835,3.768367831,56.52454545,133.3,2.248,2.136,199.297,144.688,21.48,79.71428571,23,38.32258065,FALSE,null,null,FALSE,Colombo,27.6,0.6,77.45833333,10.7
3/20/2015,4924,4057.715835,3.768367831,56.52454545,133.3,2.268,2.142,199.317,142.098,21.45,79.14285714,23,38.4516129,FALSE,null,null,FALSE,Colombo,27.3,0.4,78.16666667,8.7
3/21/2015,5170,4057.715835,3.768367831,56.52454545,null,null,null,null,null,null,78.57142857,23,38.58064516,FALSE,null,null,FALSE,Colombo,27.8,0,75.875,11.2
3/22/2015,5416,4057.715835,3.768367831,56.52454545,null,null,null,null,null,null,78,23,38.70967742,FALSE,null,null,FALSE,Colombo,27.9,0.1,76.20833333,10.6
3/23/2015,4678,4057.715835,3.768367831,56.52454545,133.3,2.31,2.138,197.971,144.257,21.48,78.85714286,23,38.83870968,FALSE,null,null,FALSE,Colombo,28.5,0.1,73.66666667,13.3
3/24/2015,4924,4057.715835,3.768367831,56.52454545,133.3,2.32,2.136,198.357,145.917,21.46,79.71428571,23,38.96774194,FALSE,null,null,FALSE,Colombo,28.7,0,71.91666667,12.8
3/25/2015,4924,4057.715835,3.768367831,56.52454545,133.3,2.319,2.117,197.505,145.65,21.41,80.57142857,23,39.09677419,FALSE,null,null,FALSE,Colombo,29.1,0.6,65.875,12.5
3/26/2015,4924,4057.715835,3.768367831,56.52454545,133,2.293,2.129,198.02,146.25,21.42,81.42857143,23,39.22580645,FALSE,null,null,FALSE,Colombo,29.1,0.2,68.54166667,10.3
3/27/2015,4924,4057.715835,3.768367831,56.52454545,133.1,2.311,2.13,197.216,144.757,21.45,82.28571429,23,39.35483871,FALSE,null,null,FALSE,Colombo,27.8,21.9,79.58333333,12.5
3/28/2015,5170,4057.715835,3.768367831,56.52454545,null,null,null,null,null,null,83.14285714,23,39.48387097,FALSE,null,null,FALSE,Colombo,26.7,31.2,88.16666667,11.5
3/29/2015,5416,4057.715835,3.768367831,56.52454545,null,null,null,null,null,null,84,23,39.61290323,FALSE,null,null,FALSE,Colombo,26.7,11.8,85.41666667,12.3
3/30/2015,4678,4057.715835,3.768367831,56.52454545,133.15,2.288,2.138,197.339,144.926,21.48,85.28571429,23,39.74193548,FALSE,null,null,FALSE,Colombo,27.1,5.5,82.75,10
3/31/2015,4924,4057.715835,3.768367831,56.52454545,133.175,2.311,2.143,197.368,144.242,21.48,86.57142857,23,39.87096774,FALSE,null,null,FALSE,Colombo,26.7,18.1,85.29166667,12.6
4/1/2015,4528,4057.715835,3.768367831,59.82636364,133.15,2.365,2.145,197.442,142.91,21.49,87.85714286,20,40,FALSE,null,null,FALSE,Colombo,26.5,25.5,86.16666667,12
4/2/2015,4528,4057.715835,3.768367831,59.82636364,133.15,2.355,2.149,198.674,143.322,21.5,89.14285714,20,39.83333333,FALSE,null,null,FALSE,Colombo,27,7.6,83.79166667,10.2
4/3/2015,4528,4057.715835,3.768367831,59.82636364,133.15,2.405,2.14,198.134,144.913,21.5,90.42857143,20,39.66666667,TRUE,Bak Full Moon Poya Day; Good Friday,null,FALSE,Colombo,27.2,7.4,84.29166667,12.7
4/4/2015,4754,4057.715835,3.768367831,59.82636364,null,null,null,null,null,null,91.71428571,20,39.5,FALSE,null,null,FALSE,Colombo,27.5,2.3,85.25,12.4
4/5/2015,4981,4057.715835,3.768367831,59.82636364,null,null,null,null,null,null,93,20,39.33333333,FALSE,null,null,FALSE,Colombo,28.2,1.2,81.375,11
4/6/2015,4301,4057.715835,3.768367831,59.82636364,133.15,2.418,2.136,197.014,146.172,21.47,92.71428571,20,39.16666667,FALSE,null,null,FALSE,Colombo,27.6,1.8,81.58333333,12.7
4/7/2015,4528,4057.715835,3.768367831,59.82636364,133.05,2.479,2.138,197.725,145.446,21.44,92.42857143,20,39,FALSE,null,null,FALSE,Colombo,26.8,25.1,86.54166667,14.8
4/8/2015,4528,4057.715835,3.768367831,59.82636364,133,2.566,2.136,195.85,143.887,21.45,92.14285714,20,38.83333333,FALSE,null,null,FALSE,Colombo,26.4,7.7,85.04166667,11
4/9/2015,4528,4057.715835,3.768367831,59.82636364,133.1,2.482,2.136,194.672,143.38,21.43,91.85714286,20,38.66666667,FALSE,null,null,FALSE,Colombo,27.6,5.1,80.66666667,7.9
4/10/2015,4528,4057.715835,3.768367831,59.82636364,133.05,2.557,2.132,195.264,141.878,21.4,91.57142857,20,38.5,FALSE,null,null,FALSE,Colombo,27.2,4.5,84.375,10.5
4/11/2015,4754,4057.715835,3.768367831,59.82636364,null,null,null,null,null,null,91.28571429,20,38.33333333,FALSE,null,null,FALSE,Colombo,27.5,1.8,81.375,10.1
4/12/2015,4981,4057.715835,3.768367831,59.82636364,null,null,null,null,null,null,91,20,38.16666667,FALSE,null,null,FALSE,Colombo,27.2,4.2,84.625,13
4/13/2015,4301,4057.715835,3.768367831,59.82636364,133.05,2.614,2.137,196.648,141.087,21.42,89.14285714,20,38,TRUE,Day Before Sinhala and Tamil New Year,null,FALSE,Colombo,26.7,10.3,87.91666667,10.2
4/14/2015,4528,4057.715835,3.768367831,59.82636364,133.05,2.675,2.134,197.548,140.601,21.45,87.28571429,20,37.83333333,TRUE,Sinhala and Tamil New Year,null,FALSE,Colombo,27.1,2.9,81.91666667,7
4/15/2015,4528,4057.715835,3.768367831,59.82636364,133.1,2.672,2.136,198.792,141.745,21.48,85.42857143,20,37.66666667,FALSE,null,null,FALSE,Colombo,26.8,6.9,84,12
4/16/2015,4526,4057.715835,3.768367831,59.82636364,133.1,2.565,2.128,199.138,142.237,21.48,83.57142857,20,37.5,FALSE,null,null,FALSE,Colombo,27.3,2.5,83.58333333,11.3
4/17/2015,4528,4057.715835,3.768367831,59.82636364,133.1,2.496,2.109,198.48,143.236,21.47,81.71428571,20,37.33333333,FALSE,null,null,FALSE,Colombo,27.2,5.4,87.20833333,13.6
4/18/2015,4754,4057.715835,3.768367831,59.82636364,null,null,null,null,null,null,79.85714286,20,37.16666667,FALSE,null,null,FALSE,Colombo,27.4,3.3,82.45833333,12
4/19/2015,4981,4057.715835,3.768367831,59.82636364,null,null,null,null,null,null,78,20,37,FALSE,null,null,FALSE,Colombo,27.3,5.9,83.08333333,10.7
4/20/2015,4301,4057.715835,3.768367831,59.82636364,133.15,2.473,2.117,198.591,143.841,21.46,78.57142857,20,36.83333333,FALSE,null,null,FALSE,Colombo,26.3,31.9,87.70833333,11.3
4/21/2015,4528,4057.715835,3.768367831,59.82636364,133.05,2.55,2.113,200.061,142.996,21.48,79.14285714,20,36.66666667,FALSE,null,null,FALSE,Colombo,25.6,58.7,89.33333333,14.8
4/22/2015,4528,4057.715835,3.768367831,59.82636364,133.05,2.623,2.107,200.73,142.836,21.51,79.71428571,20,36.5,FALSE,null,null,FALSE,Colombo,27.3,0.1,80.29166667,10.7
4/23/2015,4528,4057.715835,3.768367831,59.82636364,133.3,2.615,2.092,202.235,142.716,21.5,80.28571429,20,36.33333333,FALSE,null,null,FALSE,Colombo,27.5,2.3,82.75,14.2
4/24/2015,4528,4057.715835,3.768367831,59.82636364,133.15,2.571,2.102,202.901,144.317,21.41,80.85714286,20,36.16666667,FALSE,null,null,FALSE,Colombo,27.5,2.9,83.5,12.5
4/25/2015,4754,4057.715835,3.768367831,59.82636364,null,null,null,null,null,null,81.42857143,20,36,FALSE,null,null,FALSE,Colombo,26.8,10,87.54166667,7.9
4/26/2015,4981,4057.715835,3.768367831,59.82636364,null,null,null,null,null,null,82,20,35.83333333,FALSE,null,null,FALSE,Colombo,27.1,6.7,84.91666667,10.8
4/27/2015,4301,4057.715835,3.768367831,59.82636364,133.15,2.582,2.112,204.226,144.788,21.46,80.57142857,20,35.66666667,FALSE,null,null,FALSE,Colombo,27.3,2,81.95833333,9.8
4/28/2015,4528,4057.715835,3.768367831,59.82636364,133.15,2.615,2.098,205.558,144.981,21.48,79.14285714,20,35.5,FALSE,null,null,FALSE,Colombo,27.2,7.6,86.375,10.9
4/29/2015,4528,4057.715835,3.768367831,59.82636364,133.15,2.578,2.098,204.629,146.219,21.49,77.71428571,20,35.33333333,FALSE,null,null,FALSE,Colombo,27.2,9,86.20833333,12.3
4/30/2015,4528,4057.715835,3.768367831,59.82636364,133.3,2.574,2.092,201.83,148.216,21.49,76.28571429,20,35.16666667,FALSE,null,null,FALSE,Colombo,26.8,6.7,85.91666667,9.3
5/1/2015,3272,4057.715835,3.768367831,65.19380952,133.3,2.558,2.099,201.557,149.623,21.47,74.85714286,23,35,TRUE,International Workers' Day,null,FALSE,Colombo,27.2,6,84.16666667,12.9
5/2/2015,3436,4057.715835,3.768367831,65.19380952,null,null,null,null,null,null,73.42857143,23,34.96774194,FALSE,null,null,FALSE,Colombo,27.5,2.7,84.91666667,12.4
5/3/2015,3599,4057.715835,3.768367831,65.19380952,null,null,null,null,null,null,72,23,34.93548387,TRUE,Vesak Full Moon Poya Day,null,FALSE,Colombo,27.4,3.9,84.16666667,13.3
5/4/2015,3108,4057.715835,3.768367831,65.19380952,133.3,2.631,2.1,202.079,149.316,21.45,71.14285714,23,34.90322581,TRUE,Day Following Vesak Full Moon Poya Day,null,FALSE,Colombo,27.1,7.9,87.45833333,11.5
5/5/2015,3272,4057.715835,3.768367831,65.19380952,133.1,2.644,2.099,203.521,148.577,21.53,70.28571429,23,34.87096774,FALSE,null,null,FALSE,Colombo,26.8,3.6,88.33333333,11.9
5/6/2015,3272,4057.715835,3.768367831,65.19380952,133.5,2.665,2.083,203.451,148.885,21.5,69.42857143,23,34.83870968,FALSE,null,null,FALSE,Colombo,26.7,7.6,86.875,13.4
5/7/2015,3272,4057.715835,3.768367831,65.19380952,133.45,2.613,2.095,206.345,151.57,21.5,68.57142857,23,34.80645161,FALSE,null,null,FALSE,Colombo,27.4,3.5,83.875,13.3
5/8/2015,3272,4057.715835,3.768367831,65.19380952,133.5,2.603,2.084,207.918,150.351,21.48,67.71428571,23,34.77419355,FALSE,null,null,FALSE,Colombo,27.1,10.2,87.625,12.5
5/9/2015,3436,4057.715835,3.768367831,65.19380952,null,null,null,null,null,null,66.85714286,23,34.74193548,FALSE,null,null,FALSE,Colombo,26.2,27.2,89.83333333,14.1
5/10/2015,3599,4057.715835,3.768367831,65.19380952,null,null,null,null,null,null,66,23,34.70967742,FALSE,null,null,FALSE,Colombo,26.4,26.9,90.08333333,11.6
5/11/2015,3108,4057.715835,3.768367831,65.19380952,133.4,2.675,2.084,209.521,149.58,21.53,66.57142857,23,34.67741935,FALSE,null,null,FALSE,Colombo,25.8,16.1,91.16666667,12
5/12/2015,3272,4057.715835,3.768367831,65.19380952,133.7,2.718,2.089,210.518,148.808,21.55,67.14285714,23,34.64516129,FALSE,null,null,FALSE,Colombo,26.9,3.1,87.29166667,13.2
5/13/2015,3272,4057.715835,3.768367831,65.19380952,133.7,2.671,2.108,210.774,149.938,21.54,67.71428571,23,34.61290323,FALSE,null,null,FALSE,Colombo,26.9,5.1,85.83333333,17.7
5/14/2015,3272,4057.715835,3.768367831,65.19380952,133.6,2.697,2.106,210.06,151.85,21.53,68.28571429,23,34.58064516,FALSE,null,null,FALSE,Colombo,26.9,5.6,89.25,12.7
5/15/2015,3272,4057.715835,3.768367831,65.19380952,133.6,2.712,2.096,208.961,152.438,21.52,68.85714286,23,34.5483871,FALSE,null,null,FALSE,Colombo,27.7,3.6,85.95833333,15.3
5/16/2015,3439,4057.715835,3.768367831,65.19380952,null,null,null,null,null,null,69.42857143,23,34.51612903,FALSE,null,null,FALSE,Colombo,26.9,6.6,88.625,15.8
5/17/2015,3599,4057.715835,3.768367831,65.19380952,null,null,null,null,null,null,70,23,34.48387097,FALSE,null,null,FALSE,Colombo,26.7,9,89.25,18.2
5/18/2015,3108,4057.715835,3.768367831,65.19380952,133.5,2.698,2.097,207.369,153.005,21.54,70,23,34.4516129,FALSE,null,null,FALSE,Colombo,27.3,12.2,87.45833333,16.4
5/19/2015,3272,4057.715835,3.768367831,65.19380952,133.7,2.689,2.102,207.659,151.062,21.54,70,23,34.41935484,FALSE,null,null,FALSE,Colombo,26.9,11.6,88.91666667,17.6
5/20/2015,3272,4057.715835,3.768367831,65.19380952,133.65,2.676,2.104,209.48,149.069,21.58,70,23,34.38709677,FALSE,null,null,FALSE,Colombo,27.3,3.9,85.79166667,18.5
5/21/2015,3272,4057.715835,3.768367831,65.19380952,133.75,2.676,2.107,207.179,148.258,21.58,70,23,34.35483871,FALSE,null,null,FALSE,Colombo,27.1,16,87.58333333,17.7
5/22/2015,3272,4057.715835,3.768367831,65.19380952,133.75,2.681,2.11,207.228,148.63,21.6,70,23,34.32258065,FALSE,null,null,FALSE,Colombo,27.4,11.3,84.66666667,19.9
5/23/2015,3436,4057.715835,3.768367831,65.19380952,null,null,null,null,null,null,70,23,34.29032258,FALSE,null,null,FALSE,Colombo,27.4,7.7,85,21.8
5/24/2015,3599,4057.715835,3.768367831,65.19380952,null,null,null,null,null,null,70,23,34.25806452,FALSE,null,null,FALSE,Colombo,27.3,5.8,85.5,18.7
5/25/2015,3108,4057.715835,3.768367831,65.19380952,133.95,2.639,2.097,206.383,147.359,21.62,69.57142857,23,34.22580645,FALSE,null,null,FALSE,Colombo,28,1.3,81.875,17.8
5/26/2015,3272,4057.715835,3.768367831,65.19380952,134.15,2.593,2.099,205.757,147.044,21.61,69.14285714,23,34.19354839,FALSE,null,null,FALSE,Colombo,27.5,6.4,87.29166667,15.5
5/27/2015,3272,4057.715835,3.768367831,65.19380952,134,2.547,2.102,205.241,145.868,21.61,68.71428571,23,34.16129032,FALSE,null,null,FALSE,Colombo,27.8,3.3,83.41666667,18.4
5/28/2015,3272,4057.715835,3.768367831,65.19380952,134,2.559,2.102,204.892,146.127,21.62,68.28571429,23,34.12903226,FALSE,null,null,FALSE,Colombo,27.9,2.6,84.16666667,17.9
5/29/2015,3272,4057.715835,3.768367831,65.19380952,134,2.498,2.106,203.618,146.724,21.61,67.85714286,23,34.09677419,FALSE,null,null,FALSE,Colombo,27.5,6.9,88.20833333,16.9
5/30/2015,3436,4057.715835,3.768367831,65.19380952,null,null,null,null,null,null,67.42857143,23,34.06451613,FALSE,null,null,FALSE,Colombo,27.1,11.5,90.33333333,13.4
5/31/2015,3599,4057.715835,3.768367831,65.19380952,null,null,null,null,null,null,67,23,34.03225806,FALSE,null,null,FALSE,Colombo,26.4,15,89.625,17.4
6/1/2015,3231,4057.715835,3.768367831,62.62,133.95,2.538,2.103,205.533,147.239,21.61,66.57142857,20,34,FALSE,null,null,FALSE,Colombo,26.9,10.7,86.25,19.5
6/2/2015,3401,4057.715835,3.768367831,62.62,133.95,2.47,2.096,205.768,146.374,21.64,66.14285714,20,34.13333333,TRUE,Poson Full Moon Poya Day,null,FALSE,Colombo,27.2,7.4,86,15.5
6/3/2015,3401,4057.715835,3.768367831,62.62,134.125,2.374,2.096,205.974,149.414,21.62,65.71428571,20,34.26666667,FALSE,null,null,FALSE,Colombo,27,10.7,88.91666667,11.7
6/4/2015,3401,4057.715835,3.768367831,62.62,134.05,2.384,2.101,204.638,151.192,21.6,65.28571429,20,34.4,FALSE,null,null,FALSE,Colombo,25.9,18.8,90,16.9
6/5/2015,3401,4057.715835,3.768367831,62.62,134,2.393,2.096,205.735,150.652,21.6,64.85714286,20,34.53333333,FALSE,null,null,FALSE,Colombo,26.6,7.9,87.41666667,16.6
6/6/2015,3572,4057.715835,3.768367831,62.62,null,null,null,null,null,null,64.42857143,20,34.66666667,FALSE,null,null,FALSE,Colombo,27.3,0.5,83.04166667,15.3
6/7/2015,3742,4057.715835,3.768367831,62.62,null,null,null,null,null,null,64,20,34.8,FALSE,null,null,FALSE,Colombo,27.8,0.8,81.625,12.7
6/8/2015,3231,4057.715835,3.768367831,62.62,134.025,2.405,2.092,206.019,148.914,21.58,64.28571429,20,34.93333333,FALSE,null,null,FALSE,Colombo,27.5,2.4,83.70833333,16.8
6/9/2015,3401,4057.715835,3.768367831,62.62,133.9,2.466,2.101,208.07,151.328,21.59,64.57142857,20,35.06666667,FALSE,null,null,FALSE,Colombo,27.3,2.7,85.79166667,15.5
6/10/2015,3401,4057.715835,3.768367831,62.62,133.975,2.445,2.095,207.903,151.087,21.59,64.85714286,20,35.2,FALSE,null,null,FALSE,Colombo,27.5,1.2,83.70833333,14.6
6/11/2015,3401,4057.715835,3.768367831,62.62,133.975,2.449,2.094,208.795,151.747,21.62,65.14285714,20,35.33333333,FALSE,null,null,FALSE,Colombo,26.5,12.3,87.875,16.6
6/12/2015,3401,4057.715835,3.768367831,62.62,134.2,2.462,2.094,209.366,150.829,21.61,65.42857143,20,35.46666667,FALSE,null,null,FALSE,Colombo,26.6,6.2,86.33333333,14.4
6/13/2015,3572,4057.715835,3.768367831,62.62,null,null,null,null,null,null,65.71428571,20,35.6,FALSE,null,null,FALSE,Colombo,27,2.8,85.70833333,14.9
6/14/2015,3742,4057.715835,3.768367831,62.62,null,null,null,null,null,null,66,20,35.73333333,FALSE,null,null,FALSE,Colombo,27.6,4.5,82.75,18.5
6/15/2015,3231,4057.715835,3.768367831,62.62,134.2,2.48,2.09,209.846,151.237,21.6,66,20,35.86666667,FALSE,null,null,FALSE,Colombo,26.8,9.7,87.20833333,18.1
6/16/2015,3407,4057.715835,3.768367831,62.62,134.1,2.5,2.095,212.313,151.425,21.6,66,20,36,FALSE,null,null,FALSE,Colombo,26.8,13.1,87.54166667,17
6/17/2015,3401,4057.715835,3.768367831,62.62,134.1,2.511,2.112,213.282,150.829,21.63,66,20,36.13333333,FALSE,null,null,FALSE,Colombo,26.5,16.4,87.95833333,17.3
6/18/2015,3401,4057.715835,3.768367831,62.62,134.3,2.487,2.115,213.322,152.036,21.63,66,20,36.26666667,FALSE,null,null,FALSE,Colombo,26.7,8.4,88.875,18.7
6/19/2015,3401,4057.715835,3.768367831,62.62,134.3,2.484,2.11,212.095,152.565,21.58,66,20,36.4,FALSE,null,null,FALSE,Colombo,27.3,3.6,85.875,18.1
6/20/2015,3572,4057.715835,3.768367831,62.62,null,null,null,null,null,null,66,20,36.53333333,FALSE,null,null,FALSE,Colombo,27.3,1.3,87.45833333,15.5
6/21/2015,3742,4057.715835,3.768367831,62.62,null,null,null,null,null,null,66,20,36.66666667,FALSE,null,null,FALSE,Colombo,27.4,2.6,86.83333333,18.9
6/22/2015,3231,4057.715835,3.768367831,62.62,134.025,2.49,2.107,210.784,152.471,21.59,65.42857143,20,36.8,FALSE,null,null,FALSE,Colombo,27.7,2.1,81.58333333,14.4
6/23/2015,3401,4057.715835,3.768367831,62.62,134.005,2.475,2.114,210.963,151.998,21.64,64.85714286,20,36.93333333,FALSE,null,null,FALSE,Colombo,27.4,2.4,85.875,15.5
6/24/2015,3401,4057.715835,3.768367831,62.62,134.32,2.454,2.115,211.507,149.683,21.63,64.28571429,20,37.06666667,FALSE,null,null,FALSE,Colombo,27.7,1.7,85.75,14.5
6/25/2015,3401,4057.715835,3.768367831,62.62,134.32,2.443,2.109,210.817,150.505,21.55,63.71428571,20,37.2,FALSE,null,null,FALSE,Colombo,27.4,2.6,87.375,15
6/26/2015,3401,4057.715835,3.768367831,62.62,133.835,2.402,2.101,210.66,150.499,21.56,63.14285714,20,37.33333333,FALSE,null,null,FALSE,Colombo,27,9,86.5,19.2
6/27/2015,3572,4057.715835,3.768367831,62.62,null,null,null,null,null,null,62.57142857,20,37.46666667,FALSE,null,null,FALSE,Colombo,26.2,30.5,90.75,21.3
6/28/2015,3742,4057.715835,3.768367831,62.62,null,null,null,null,null,null,62,20,37.6,FALSE,null,null,FALSE,Colombo,25.8,18.8,90.45833333,16.7
6/29/2015,3231,4057.715835,3.768367831,62.62,133.85,2.421,2.106,210.374,149.44,21.6,63.28571429,20,37.73333333,FALSE,null,null,FALSE,Colombo,25.8,14.4,90,18.1
6/30/2015,3401,4057.715835,3.768367831,62.62,133.915,2.399,2.107,209.149,150.394,21.59,64.57142857,20,37.86666667,FALSE,null,null,FALSE,Colombo,26.2,13.5,89.45833333,13.1
7/1/2015,5480,4057.715835,3.768367831,56.82956522,133.915,2.408,2.111,208.615,149.147,21.54,65.85714286,20,38,TRUE,Adhi Esala Full Moon Poya Day,null,FALSE,Colombo,27.1,2.2,85.58333333,13.9
7/2/2015,5480,4057.715835,3.768367831,56.82956522,133.65,2.389,2.108,208.1,148.023,21.54,67.14285714,20,37.83870968,FALSE,null,null,FALSE,Colombo,27.1,1.6,88.08333333,14.4
7/3/2015,5480,4057.715835,3.768367831,56.82956522,133.65,2.355,2.117,208.995,148.144,21.57,68.42857143,20,37.67741935,FALSE,null,null,FALSE,Colombo,27.1,7.9,86.83333333,15.4
7/4/2015,5754,4057.715835,3.768367831,56.82956522,null,null,null,null,null,null,69.71428571,20,37.51612903,FALSE,null,null,FALSE,Colombo,26.7,13.3,88.29166667,18.1
7/5/2015,6027,4057.715835,3.768367831,56.82956522,null,null,null,null,null,null,71,20,37.35483871,FALSE,null,null,FALSE,Colombo,27,8.4,86,22.8
7/6/2015,5206,4057.715835,3.768367831,56.82956522,133.915,2.363,2.11,207.061,148.539,21.57,71.14285714,20,37.19354839,FALSE,null,null,FALSE,Colombo,27.6,3,81.375,24.3
7/7/2015,5480,4057.715835,3.768367831,56.82956522,133.92,2.325,2.106,205.334,148.07,21.53,71.28571429,20,37.03225806,FALSE,null,null,FALSE,Colombo,27.4,1.5,81.04166667,22
7/8/2015,5480,4057.715835,3.768367831,56.82956522,133.655,2.338,2.111,205.577,147.48,21.53,71.42857143,20,36.87096774,FALSE,null,null,FALSE,Colombo,27.4,1.9,80.70833333,18.7
7/9/2015,5480,4057.715835,3.768367831,56.82956522,133.665,2.372,2.11,207.506,148.077,21.53,71.57142857,20,36.70967742,FALSE,null,null,FALSE,Colombo,27.3,1.7,80.66666667,22
7/10/2015,5480,4057.715835,3.768367831,56.82956522,133.655,2.368,2.11,207.391,147.546,21.57,71.71428571,20,36.5483871,FALSE,null,null,FALSE,Colombo,26.5,16.3,87.91666667,23.2
7/11/2015,5754,4057.715835,3.768367831,56.82956522,null,null,null,null,null,null,71.85714286,20,36.38709677,FALSE,null,null,FALSE,Colombo,26.2,25.7,88.70833333,19.6
7/12/2015,6027,4057.715835,3.768367831,56.82956522,null,null,null,null,null,null,72,20,36.22580645,FALSE,null,null,FALSE,Colombo,27.4,2,85.45833333,18.4
7/13/2015,5206,4057.715835,3.768367831,56.82956522,133.9,2.374,2.116,209.366,149.219,21.57,71.71428571,20,36.06451613,FALSE,null,null,FALSE,Colombo,27.5,2.3,82.5,24
7/14/2015,5480,4057.715835,3.768367831,56.82956522,133.9,2.354,2.108,209.301,147.337,21.56,71.42857143,20,35.90322581,FALSE,null,null,FALSE,Colombo,27.5,3.6,85.04166667,20.5
7/15/2015,5480,4057.715835,3.768367831,56.82956522,133.85,2.347,2.106,208.645,147.444,21.53,71.14285714,20,35.74193548,FALSE,null,null,FALSE,Colombo,27,10.2,85.625,24
7/16/2015,5470,4057.715835,3.768367831,56.82956522,133.665,2.348,2.106,208.669,146.546,21.53,70.85714286,20,35.58064516,FALSE,null,null,FALSE,Colombo,26.9,2.4,85.375,20.2
7/17/2015,5480,4057.715835,3.768367831,56.82956522,133.685,2.339,2.105,208.344,145.368,21.55,70.57142857,20,35.41935484,FALSE,null,null,FALSE,Colombo,26.1,15.7,86.75,23.4
7/18/2015,5754,4057.715835,3.768367831,56.82956522,null,null,null,null,null,null,70.28571429,20,35.25806452,TRUE,Eid al-Fitr,null,FALSE,Colombo,26.7,5.3,85.95833333,21
7/19/2015,6027,4057.715835,3.768367831,56.82956522,null,null,null,null,null,null,70,20,35.09677419,FALSE,null,null,FALSE,Colombo,26.7,6.7,88.16666667,23.7
7/20/2015,5206,4057.715835,3.768367831,56.82956522,133.85,2.351,2.105,208.259,144.761,21.56,71,20,34.93548387,FALSE,null,null,FALSE,Colombo,26.4,0.7,84.75,18.5
7/21/2015,5480,4057.715835,3.768367831,56.82956522,133.855,2.35,2.106,209.04,144.919,21.56,72,20,34.77419355,FALSE,null,null,FALSE,Colombo,26.6,7.3,87.20833333,18.9
7/22/2015,5480,4057.715835,3.768367831,56.82956522,133.88,2.321,2.095,207.749,146.397,21.57,73,20,34.61290323,FALSE,null,null,FALSE,Colombo,26,27.5,88.75,19.3
7/23/2015,5480,4057.715835,3.768367831,56.82956522,133.915,2.287,2.086,207.423,146.377,21.53,74,20,34.4516129,FALSE,null,null,FALSE,Colombo,26.1,5.8,85.45833333,16.9
7/24/2015,5480,4057.715835,3.768367831,56.82956522,133.7,2.228,2.083,208.025,147.072,21.53,75,20,34.29032258,FALSE,null,null,FALSE,Colombo,26.4,10.6,84.29166667,12.7
7/25/2015,5754,4057.715835,3.768367831,56.82956522,null,null,null,null,null,null,76,20,34.12903226,FALSE,null,null,FALSE,Colombo,26.3,7.1,87.08333333,12.6
7/26/2015,6027,4057.715835,3.768367831,56.82956522,null,null,null,null,null,null,77,20,33.96774194,FALSE,null,null,FALSE,Colombo,26.2,9.6,87,14.6
7/27/2015,5206,4057.715835,3.768367831,56.82956522,133.705,2.233,2.096,208.763,146.857,21.53,76.71428571,20,33.80645161,FALSE,null,null,FALSE,Colombo,26.7,0.3,84.83333333,15.5
7/28/2015,5480,4057.715835,3.768367831,56.82956522,133.715,2.286,2.096,208.718,148.326,21.54,76.42857143,20,33.64516129,FALSE,null,null,FALSE,Colombo,26.6,1.6,84.29166667,16.6
7/29/2015,5480,4057.715835,3.768367831,56.82956522,133.755,2.239,2.085,208.678,147.889,21.54,76.14285714,20,33.48387097,FALSE,null,null,FALSE,Colombo,26.7,1.3,82.5,16.4
7/30/2015,5480,4057.715835,3.768367831,56.82956522,133.755,2.167,2.091,209.018,146.943,21.54,75.85714286,20,33.32258065,FALSE,null,null,FALSE,Colombo,26.9,2.7,80.54166667,18
7/31/2015,5480,4057.715835,3.768367831,56.82956522,133.78,2.105,2.085,208.529,146.234,21.54,75.57142857,20,33.16129032,TRUE,Esala Full Moon Poya Day,Esala Perahera,TRUE,Colombo,26.8,3.1,80.75,18.6
8/1/2015,5448,4057.715835,3.768367831,47.53380952,null,null,null,null,null,null,75.28571429,24,33,FALSE,null,Esala Perahera,TRUE,Colombo,26.8,1.4,81.66666667,18.5
8/2/2015,5708,4057.715835,3.768367831,47.53380952,null,null,null,null,null,null,75,24,33.12903226,FALSE,null,Esala Perahera,TRUE,Colombo,26.4,4.2,86.54166667,14.8
8/3/2015,4930,4057.715835,3.768367831,47.53380952,133.78,2.129,2.097,208.229,146.998,21.54,74.85714286,24,33.25806452,FALSE,null,Esala Perahera,TRUE,Colombo,26.1,14.8,87.16666667,18.2
8/4/2015,5189,4057.715835,3.768367831,47.53380952,133.785,2.106,2.101,208.824,146.495,21.55,74.71428571,24,33.38709677,FALSE,null,Esala Perahera,TRUE,Colombo,26.5,6.9,86.125,17.6
8/5/2015,5189,4057.715835,3.768367831,47.53380952,133.84,2.092,2.1,207.566,145.584,21.55,74.57142857,24,33.51612903,FALSE,null,Esala Perahera,TRUE,Colombo,25.5,12.3,89.20833333,17
8/6/2015,5189,4057.715835,3.768367831,47.53380952,133.81,2.09,2.1,207.382,145.966,21.55,74.42857143,24,33.64516129,FALSE,null,Esala Perahera,TRUE,Colombo,27.1,3.4,82.54166667,18
8/7/2015,5189,4057.715835,3.768367831,47.53380952,133.825,2.124,2.099,208.7,146.187,21.56,74.28571429,24,33.77419355,FALSE,null,Esala Perahera,TRUE,Colombo,27.2,1.2,84.625,17.4
8/8/2015,5448,4057.715835,3.768367831,47.53380952,null,null,null,null,null,null,74.14285714,24,33.90322581,FALSE,null,Esala Perahera,TRUE,Colombo,27.3,5,81.83333333,21
8/9/2015,5708,4057.715835,3.768367831,47.53380952,null,null,null,null,null,null,74,24,34.03225806,FALSE,null,null,FALSE,Colombo,26.9,10.4,86.04166667,18.4
8/10/2015,4930,4057.715835,3.768367831,47.53380952,133.855,2.084,2.081,208.445,146.786,21.16,73.42857143,24,34.16129032,FALSE,null,null,FALSE,Colombo,26.7,11.6,87.5,22.3
8/11/2015,5189,4057.715835,3.768367831,47.53380952,133.85,2.077,2.065,209.078,147.501,20.96,72.85714286,24,34.29032258,FALSE,null,null,FALSE,Colombo,26.9,1.6,86.375,20.6
8/12/2015,5189,4057.715835,3.768367831,47.53380952,133.9,2.067,2.052,208.913,147.777,20.91,72.28571429,24,34.41935484,FALSE,null,null,FALSE,Colombo,27,1.5,85.375,19.1
8/13/2015,5189,4057.715835,3.768367831,47.53380952,133.82,2.07,2.062,210.071,149.385,21.01,71.71428571,24,34.5483871,FALSE,null,null,FALSE,Colombo,27.3,1.6,86.58333333,16.7
8/14/2015,5189,4057.715835,3.768367831,47.53380952,134.295,2.053,2.049,208.916,149.196,20.96,71.14285714,24,34.67741935,FALSE,null,null,FALSE,Colombo,27.2,0.7,83.04166667,19.7
8/15/2015,5448,4057.715835,3.768367831,47.53380952,null,null,null,null,null,null,70.57142857,24,34.80645161,FALSE,null,null,FALSE,Colombo,27.1,4.5,85.95833333,18.5
8/16/2015,5708,4057.715835,3.768367831,47.53380952,null,null,null,null,null,null,70,24,34.93548387,FALSE,null,null,FALSE,Colombo,26.8,5.5,86.79166667,10.9
8/17/2015,4930,4057.715835,3.768367831,47.53380952,134.05,2.033,2.045,209.576,149.154,20.93,70.57142857,24,35.06451613,FALSE,null,null,FALSE,Colombo,26.1,18,90.625,10.5
8/18/2015,5189,4057.715835,3.768367831,47.53380952,133.82,2.011,2.057,210.012,148.5,20.94,71.14285714,24,35.19354839,FALSE,null,null,FALSE,Colombo,26.4,3.1,85.95833333,15.9
8/19/2015,5189,4057.715835,3.768367831,47.53380952,133.94,1.974,2.048,210.219,147.483,20.97,71.71428571,24,35.32258065,FALSE,null,null,FALSE,Colombo,26.9,0.7,83.75,13.8
8/20/2015,5189,4057.715835,3.768367831,47.53380952,134,1.942,2.031,210.481,148.935,20.99,72.28571429,24,35.4516129,FALSE,null,null,FALSE,Colombo,26.8,6.1,85.41666667,16
8/21/2015,5189,4057.715835,3.768367831,47.53380952,134.09,1.894,2.01,211.867,150.637,20.97,72.85714286,24,35.58064516,FALSE,null,null,FALSE,Colombo,27.4,0.9,83.29166667,13
8/22/2015,5448,4057.715835,3.768367831,47.53380952,null,null,null,null,null,null,73.42857143,24,35.70967742,FALSE,null,null,FALSE,Colombo,27,5.9,86.125,14.8
8/23/2015,5708,4057.715835,3.768367831,47.53380952,null,null,null,null,null,null,74,24,35.83870968,FALSE,null,null,FALSE,Colombo,26.8,2.9,87.08333333,12.3
8/24/2015,4930,4057.715835,3.768367831,47.53380952,134.305,1.949,2.027,210.814,152.721,20.95,73.71428571,24,35.96774194,FALSE,null,null,FALSE,Colombo,26.2,8.7,89.70833333,13.6
8/25/2015,5189,4057.715835,3.768367831,47.53380952,134.375,1.949,2.036,207.731,156.089,20.96,73.42857143,24,36.09677419,FALSE,null,null,FALSE,Colombo,26.4,6.3,88.75,16.7
8/26/2015,5189,4057.715835,3.768367831,47.53380952,134.375,2.031,2.037,206.884,154.767,20.97,73.14285714,24,36.22580645,FALSE,null,null,FALSE,Colombo,26.6,4.6,87.70833333,17.9
8/27/2015,5189,4057.715835,3.768367831,47.53380952,134.34,2.061,2.032,206.875,152.046,21.04,72.85714286,24,36.35483871,FALSE,null,null,FALSE,Colombo,26.3,5.3,87.33333333,18.8
8/28/2015,5189,4057.715835,3.768367831,47.53380952,134.4,2.108,2.027,206.517,151.072,21.11,72.57142857,24,36.48387097,FALSE,null,null,FALSE,Colombo,25.7,14.3,88.79166667,16.9
8/29/2015,5448,4057.715835,3.768367831,47.53380952,null,null,null,null,null,null,72.28571429,24,36.61290323,TRUE,Nikini Full Moon Poya Day,null,FALSE,Colombo,26.6,9.6,85.875,16
8/30/2015,5708,4057.715835,3.768367831,47.53380952,null,null,null,null,null,null,72,24,36.74193548,FALSE,null,null,FALSE,Colombo,26,7.5,89.04166667,20.3
8/31/2015,4930,4057.715835,3.768367831,47.53380952,134.6,2.035,2.028,205.985,150.252,21.15,72.42857143,24,36.87096774,FALSE,null,null,FALSE,Colombo,27,2.1,85.20833333,15
9/1/2015,4245,4057.715835,3.768367831,48.03045455,134.6,2.009,2.032,205.875,150.947,21.17,72.85714286,26,37,FALSE,null,null,FALSE,Colombo,26.5,2.6,88.16666667,16.1
9/2/2015,4245,4057.715835,3.768367831,48.03045455,134.55,2.029,2.041,205.786,152.293,21.22,73.28571429,26,37,FALSE,null,null,FALSE,Colombo,27.1,5.3,85.58333333,17.6
9/3/2015,4245,4057.715835,3.768367831,48.03045455,134.875,2.011,2.066,208.988,151.059,21.67,73.71428571,26,37,FALSE,null,null,FALSE,Colombo,26.2,9.6,89.33333333,15
9/4/2015,4245,4057.715835,3.768367831,48.03045455,137.75,1.99,2.056,210.001,150.028,21.6,74.14285714,26,37,FALSE,null,null,FALSE,Colombo,26,11.4,86.95833333,14.1
9/5/2015,4457,4057.715835,3.768367831,48.03045455,null,null,null,null,null,null,74.57142857,26,37,FALSE,null,null,FALSE,Colombo,26,9.1,88.5,14.9
9/6/2015,4669,4057.715835,3.768367831,48.03045455,null,null,null,null,null,null,75,26,37,FALSE,null,null,FALSE,Colombo,26.6,0.4,84.58333333,16.1
9/7/2015,4033,4057.715835,3.768367831,48.03045455,137.525,2.034,2.087,213.042,153.55,21.73,74.57142857,26,37,FALSE,null,null,FALSE,Colombo,26,5,86.83333333,8.5
9/8/2015,4245,4057.715835,3.768367831,48.03045455,138.375,2.029,2.085,213.375,153.581,21.77,74.14285714,26,37,FALSE,null,null,FALSE,Colombo,26.2,6.3,86.375,13.6
9/9/2015,4245,4057.715835,3.768367831,48.03045455,138.875,2.055,2.096,214.654,154.973,21.79,73.71428571,26,37,FALSE,null,null,FALSE,Colombo,26.7,1.6,84.16666667,13.4
9/10/2015,4245,4057.715835,3.768367831,48.03045455,138.975,2.051,2.1,214.586,155.609,21.82,73.28571429,26,37,FALSE,null,World Hindi Conference (Cultural Tie-in),TRUE,Colombo,26.1,10.9,87.91666667,13.2
9/11/2015,4245,4057.715835,3.768367831,48.03045455,139.075,2.066,2.11,215.656,156.757,21.95,72.85714286,26,37,FALSE,null,World Hindi Conference (Cultural Tie-in),TRUE,Colombo,26,12,88,13.2
9/12/2015,4457,4057.715835,3.768367831,48.03045455,null,null,null,null,null,null,72.42857143,26,37,FALSE,null,World Hindi Conference (Cultural Tie-in),TRUE,Colombo,26.6,12.7,87.875,13.6
9/13/2015,4669,4057.715835,3.768367831,48.03045455,null,null,null,null,null,null,72,26,37,FALSE,null,null,FALSE,Colombo,26.6,7.5,89.20833333,16
9/14/2015,4033,4057.715835,3.768367831,48.03045455,139.8,2.094,2.106,214.711,157.704,21.97,72.85714286,26,37,FALSE,null,null,FALSE,Colombo,26.8,7.2,86.25,18.1
9/15/2015,4245,4057.715835,3.768367831,48.03045455,139.95,2.151,2.129,218.413,158.26,22.13,73.71428571,26,37,FALSE,null,null,FALSE,Colombo,26,14,89.375,19.2
9/16/2015,4243,4057.715835,3.768367831,48.03045455,140.975,2.147,2.127,219.062,157.674,22.07,74.57142857,26,37,FALSE,null,null,FALSE,Colombo,26.4,5.3,88.20833333,21.8
9/17/2015,4245,4057.715835,3.768367831,48.03045455,140.505,2.115,2.134,218.31,159.154,22.08,75.42857143,26,37,FALSE,null,null,FALSE,Colombo,26.2,15.6,89.33333333,18.3
9/18/2015,4245,4057.715835,3.768367831,48.03045455,140.555,2.132,2.145,218.462,160.689,22.12,76.28571429,26,37,FALSE,null,null,FALSE,Colombo,26.2,13.9,88.375,19.1
9/19/2015,4457,4057.715835,3.768367831,48.03045455,null,null,null,null,null,null,77.14285714,26,37,FALSE,null,null,FALSE,Colombo,26.2,15.4,89.29166667,20.8
9/20/2015,4669,4057.715835,3.768367831,48.03045455,null,null,null,null,null,null,78,26,37,FALSE,null,null,FALSE,Colombo,26.8,17.4,86.375,18.7
9/21/2015,4033,4057.715835,3.768367831,48.03045455,140.875,2.135,2.139,216.592,158.904,22.11,76.85714286,26,37,FALSE,null,null,FALSE,Colombo,26.8,4.2,86.75,14.5
9/22/2015,4245,4057.715835,3.768367831,48.03045455,140.955,2.118,2.131,214.969,157.632,22.09,75.71428571,26,37,FALSE,null,null,FALSE,Colombo,27.1,1.9,83.91666667,15.9
9/23/2015,4245,4057.715835,3.768367831,48.03045455,141.005,2.127,2.128,214.388,156.742,22.04,74.57142857,26,37,FALSE,null,null,FALSE,Colombo,26.2,25.2,89.625,11.7
9/24/2015,4245,4057.715835,3.768367831,48.03045455,140.665,2.153,2.131,214.066,157.735,22.12,73.42857143,26,37,TRUE,Eid al-Adha,null,FALSE,Colombo,26.2,14.6,87.66666667,13.3
9/25/2015,4245,4057.715835,3.768367831,48.03045455,141,2.13,2.129,214.022,157.967,22.15,72.28571429,26,37,FALSE,null,null,FALSE,Colombo,25.7,18.9,89.625,16.6
9/26/2015,4457,4057.715835,3.768367831,48.03045455,null,null,null,null,null,null,71.14285714,26,37,FALSE,null,null,FALSE,Colombo,25.4,21.2,90.875,15.2
9/27/2015,4669,4057.715835,3.768367831,48.03045455,null,null,null,null,null,null,70,26,37,TRUE,Binara Full Moon Poya Day,null,FALSE,Colombo,25.9,11.4,89.04166667,13.9
9/28/2015,4033,4057.715835,3.768367831,48.03045455,141.05,2.13,2.143,213.735,157.843,22.17,69,26,37,FALSE,null,null,FALSE,Colombo,25.7,13.5,89.95833333,12.3
9/29/2015,4245,4057.715835,3.768367831,48.03045455,141.07,2.158,2.152,213.319,158.618,22.18,68,26,37,FALSE,null,null,FALSE,Colombo,24.6,20.7,92.875,14.8
9/30/2015,4245,4057.715835,3.768367831,48.03045455,141,2.152,2.148,213.34,158.69,22.18,67,26,37,FALSE,null,null,FALSE,Colombo,24.8,25.2,92.33333333,13.7
10/1/2015,4103,4057.715835,3.768367831,48.90636364,141,2.137,2.161,214.446,157.596,22.22,66,25,37,FALSE,null,null,FALSE,Colombo,25.9,9.9,86.95833333,18.9
10/2/2015,4103,4057.715835,3.768367831,48.90636364,141.25,2.19,2.169,213.93,157.863,22.22,65,25,37,FALSE,null,null,FALSE,Colombo,26.8,3.3,84.625,13
10/3/2015,4308,4057.715835,3.768367831,48.90636364,null,null,null,null,null,null,64,25,37,FALSE,null,null,FALSE,Colombo,26.9,2,88.79166667,15.1
10/4/2015,4513,4057.715835,3.768367831,48.90636364,null,null,null,null,null,null,63,25,37,FALSE,null,null,FALSE,Colombo,26.7,9,88.25,15.9
10/5/2015,3898,4057.715835,3.768367831,48.90636364,141.25,2.223,2.16,214.169,158.334,22.13,63.57142857,25,37,FALSE,null,null,FALSE,Colombo,25.7,15,91.95833333,14.5
10/6/2015,4103,4057.715835,3.768367831,48.90636364,140.655,2.28,2.172,215.991,157.995,22.18,64.14285714,25,37,FALSE,null,null,FALSE,Colombo,26.8,3.7,87.58333333,13.7
10/7/2015,4103,4057.715835,3.768367831,48.90636364,141,2.297,2.175,216.421,158.54,22.19,64.71428571,25,37,FALSE,null,null,FALSE,Colombo,26.5,5.9,88.91666667,12.2
10/8/2015,4103,4057.715835,3.768367831,48.90636364,141,2.281,2.177,215.786,158.421,22.22,65.28571429,25,37,FALSE,null,null,FALSE,Colombo,26.7,1.3,86.54166667,14
10/9/2015,4103,4057.715835,3.768367831,48.90636364,141,2.276,2.166,215.367,159.034,22.2,65.85714286,25,37,FALSE,null,null,FALSE,Colombo,26.2,4.2,83.75,15.5
10/10/2015,4308,4057.715835,3.768367831,48.90636364,null,null,null,null,null,null,66.42857143,25,37,FALSE,null,null,FALSE,Colombo,26.4,6.5,82.875,11.5
10/11/2015,4513,4057.715835,3.768367831,48.90636364,null,null,null,null,null,null,67,25,37,FALSE,null,null,FALSE,Colombo,26.9,1.8,84.375,13.3
10/12/2015,3898,4057.715835,3.768367831,48.90636364,140.35,2.235,2.166,214.969,160.148,22.23,67.28571429,25,37,FALSE,null,null,FALSE,Colombo,26.5,7.3,87.33333333,11.4
10/13/2015,4103,4057.715835,3.768367831,48.90636364,141,2.249,2.178,218.233,159.375,22.21,67.57142857,25,37,FALSE,null,null,FALSE,Colombo,26.2,19.3,87.58333333,10.9
10/14/2015,4103,4057.715835,3.768367831,48.90636364,141,2.295,2.177,217.974,160.472,22.22,67.85714286,25,37,FALSE,null,null,FALSE,Colombo,26.2,10.7,88.45833333,13
10/15/2015,4103,4057.715835,3.768367831,48.90636364,141.02,2.306,2.18,217.671,161.776,22.2,68.14285714,25,37,FALSE,null,null,FALSE,Colombo,26.3,13.9,86.58333333,11.6
10/16/2015,4108,4057.715835,3.768367831,48.90636364,141.02,2.257,2.172,218.046,160.523,22.17,68.42857143,25,37,FALSE,null,null,FALSE,Colombo,26.4,35.8,86.66666667,10.5
10/17/2015,4308,4057.715835,3.768367831,48.90636364,null,null,null,null,null,null,68.71428571,25,37,FALSE,null,null,FALSE,Colombo,26.4,94.7,87.625,9.3
10/18/2015,4513,4057.715835,3.768367831,48.90636364,null,null,null,null,null,null,69,25,37,FALSE,null,null,FALSE,Colombo,26.1,22,89,13
10/19/2015,3898,4057.715835,3.768367831,48.90636364,141.02,2.275,2.169,217.749,160.008,22.21,68.14285714,25,37,FALSE,null,null,FALSE,Colombo,26.2,44,88.16666667,8.9
10/20/2015,4103,4057.715835,3.768367831,48.90636364,141.02,2.256,2.165,217.492,159.698,22.22,67.28571429,25,37,FALSE,null,null,FALSE,Colombo,26.3,25.3,88.70833333,10.6
10/21/2015,4103,4057.715835,3.768367831,48.90636364,141.05,2.262,2.175,217.178,160.016,22.19,66.42857143,25,37,FALSE,null,null,FALSE,Colombo,26.5,21.2,88.25,11
10/22/2015,4103,4057.715835,3.768367831,48.90636364,141.075,2.268,2.173,215.958,159.937,22.21,65.57142857,25,37,FALSE,null,null,FALSE,Colombo,26.3,12.4,89.45833333,11.6
10/23/2015,4103,4057.715835,3.768367831,48.90636364,141.02,2.239,2.174,216.596,156.685,22.21,64.71428571,25,37,FALSE,null,null,FALSE,Colombo,26.2,16.6,89.16666667,11.7
10/24/2015,4308,4057.715835,3.768367831,48.90636364,null,null,null,null,null,null,63.85714286,25,37,FALSE,null,null,FALSE,Colombo,25.6,83.2,91.95833333,14.3
10/25/2015,4513,4057.715835,3.768367831,48.90636364,null,null,null,null,null,null,63,25,37,FALSE,null,null,FALSE,Colombo,25.1,48.6,92.25,13.2
10/26/2015,3898,4057.715835,3.768367831,48.90636364,141.105,2.157,2.167,215.842,155.368,22.21,63.14285714,25,37,FALSE,null,null,FALSE,Colombo,25.6,7.2,88.33333333,15.5
10/27/2015,4103,4057.715835,3.768367831,48.90636364,141.11,2.205,2.172,215.348,156.012,22.19,63.28571429,25,37,TRUE,Vap Full Moon Poya Day,null,FALSE,Colombo,24.4,32.9,91.625,19.2
10/28/2015,4103,4057.715835,3.768367831,48.90636364,141.11,2.192,2.156,216.039,155.906,22.2,63.42857143,25,37,FALSE,null,null,FALSE,Colombo,25.5,4.2,88.25,16.4
10/29/2015,4103,4057.715835,3.768367831,48.90636364,141.105,2.203,2.157,217.711,154.099,22.33,63.57142857,25,37,FALSE,null,null,FALSE,Colombo,25.7,3.7,88.16666667,12.2
10/30/2015,4103,4057.715835,3.768367831,48.90636364,141.105,2.216,2.152,217.534,154.884,22.27,63.71428571,25,37,FALSE,null,null,FALSE,Colombo,25.6,9.5,90.91666667,10
10/31/2015,4308,4057.715835,3.768367831,48.90636364,null,null,null,null,null,null,63.85714286,25,37,FALSE,null,null,FALSE,Colombo,25.8,6.5,89.75,17.7
11/1/2015,6216,4057.715835,3.768367831,45.0952381,null,null,null,null,null,null,64,24,37,FALSE,null,null,FALSE,Colombo,25.8,8.5,89.58333333,15.8
11/2/2015,5368,4057.715835,3.768367831,45.0952381,141.105,2.255,2.152,217.658,155.293,22.27,64.57142857,24,36.86666667,FALSE,null,null,FALSE,Colombo,26,5.9,87.66666667,11.2
11/3/2015,5650,4057.715835,3.768367831,45.0952381,141.13,2.239,2.157,217.772,155.463,22.34,65.14285714,24,36.73333333,FALSE,null,null,FALSE,Colombo,25.8,29.1,87.75,11
11/4/2015,5650,4057.715835,3.768367831,45.0952381,141.53,2.234,2.148,215.089,154.784,22.29,65.71428571,24,36.6,FALSE,null,null,FALSE,Colombo,26.1,11.5,88.16666667,5.3
11/5/2015,5650,4057.715835,3.768367831,45.0952381,141.45,2.201,2.141,213.101,153.786,22.29,66.28571429,24,36.46666667,FALSE,null,null,FALSE,Colombo,26.1,2.2,85.375,9.4
11/6/2015,5650,4057.715835,3.768367831,45.0952381,141.6,2.197,2.136,214.633,153.954,22.32,66.85714286,24,36.33333333,FALSE,null,null,FALSE,Colombo,25.8,18,88.29166667,10.5
11/7/2015,5933,4057.715835,3.768367831,45.0952381,null,null,null,null,null,null,67.42857143,24,36.2,FALSE,null,null,FALSE,Colombo,25.9,21.6,88.125,7.6
11/8/2015,6216,4057.715835,3.768367831,45.0952381,null,null,null,null,null,null,68,24,36.06666667,FALSE,null,null,FALSE,Colombo,25.5,16.2,91.54166667,12.2
11/9/2015,5368,4057.715835,3.768367831,45.0952381,142,2.203,2.145,214.662,152.092,22.32,68,24,35.93333333,FALSE,null,null,FALSE,Colombo,26,22.6,88.41666667,14.2
11/10/2015,5650,4057.715835,3.768367831,45.0952381,142,2.17,2.146,215.714,152.643,22.27,68,24,35.8,TRUE,Deepavali Festival Day,null,FALSE,Colombo,26,9,88.41666667,15.8
11/11/2015,5650,4057.715835,3.768367831,45.0952381,141.8,2.13,2.15,216.281,152.274,22.29,68,24,35.66666667,FALSE,null,null,FALSE,Colombo,25.7,7.1,91,7.7
11/12/2015,5650,4057.715835,3.768367831,45.0952381,142,2.124,2.15,216.392,152.35,22.29,68,24,35.53333333,FALSE,null,null,FALSE,Colombo,26.2,6.7,88.79166667,11.2
11/13/2015,5650,4057.715835,3.768367831,45.0952381,142.05,2.176,2.158,216.054,153.608,22.31,68,24,35.4,FALSE,null,null,FALSE,Colombo,25.1,35.4,91.66666667,16.3
11/14/2015,5933,4057.715835,3.768367831,45.0952381,null,null,null,null,null,null,68,24,35.26666667,FALSE,null,null,FALSE,Colombo,24.9,16.6,91.33333333,17.7
11/15/2015,6216,4057.715835,3.768367831,45.0952381,null,null,null,null,null,null,68,24,35.13333333,FALSE,null,null,FALSE,Colombo,24.8,23.2,93.58333333,14.4
11/16/2015,5373,4057.715835,3.768367831,45.0952381,142.15,2.186,2.157,216.579,153.123,22.32,68.14285714,24,35,FALSE,null,null,FALSE,Colombo,26,5,90.25,13.8
11/17/2015,5650,4057.715835,3.768367831,45.0952381,142.35,2.195,2.156,216.899,151.909,22.29,68.28571429,24,34.86666667,FALSE,null,null,FALSE,Colombo,26.3,5,89.29166667,12.8
11/18/2015,5650,4057.715835,3.768367831,45.0952381,142.35,2.207,2.154,217.661,151.524,22.3,68.42857143,24,34.73333333,FALSE,null,null,FALSE,Colombo,26.6,1,86.33333333,13
11/19/2015,5650,4057.715835,3.768367831,45.0952381,142.35,2.199,2.153,216.031,151.738,22.27,68.57142857,24,34.6,FALSE,null,null,FALSE,Colombo,26.3,2.2,87.95833333,11.9
11/20/2015,5650,4057.715835,3.768367831,45.0952381,142.205,2.168,2.151,215.978,152.798,22.35,68.71428571,24,34.46666667,FALSE,null,null,FALSE,Colombo,26.6,7.8,84.25,9.3
11/21/2015,5933,4057.715835,3.768367831,45.0952381,null,null,null,null,null,null,68.85714286,24,34.33333333,FALSE,null,null,FALSE,Colombo,25.8,8.3,89.125,5.9
11/22/2015,6216,4057.715835,3.768367831,45.0952381,null,null,null,null,null,null,69,24,34.2,FALSE,null,null,FALSE,Colombo,26,18,89.25,12.1
11/23/2015,5368,4057.715835,3.768367831,45.0952381,142.8,2.182,2.157,215.646,151.392,22.37,70,24,34.06666667,FALSE,null,null,FALSE,Colombo,26.3,6.7,87,6.7
11/24/2015,5650,4057.715835,3.768367831,45.0952381,142.935,2.178,2.154,216.232,151.882,22.37,71,24,33.93333333,FALSE,null,null,FALSE,Colombo,26.5,5.8,87,8.6
11/25/2015,5650,4057.715835,3.768367831,45.0952381,142.935,2.172,2.149,216.056,152.097,22.39,72,24,33.8,TRUE,Il Full Moon Poya Day,null,FALSE,Colombo,27.1,3.5,83.58333333,6.1
11/26/2015,5650,4057.715835,3.768367831,45.0952381,143.05,2.156,2.141,215.375,151.89,22.4,73,24,33.66666667,FALSE,null,null,FALSE,Colombo,26.9,0,80,15.6
11/27/2015,5650,4057.715835,3.768367831,45.0952381,143.225,2.155,2.151,215.278,151.776,22.35,74,24,33.53333333,FALSE,null,null,FALSE,Colombo,27,0,80.20833333,10.1
11/28/2015,5933,4057.715835,3.768367831,45.0952381,null,null,null,null,null,null,75,24,33.4,FALSE,null,null,FALSE,Colombo,25.9,0.3,85.58333333,15.3
11/29/2015,6216,4057.715835,3.768367831,45.0952381,null,null,null,null,null,null,76,24,33.26666667,FALSE,null,null,FALSE,Colombo,25.4,31.9,86.75,13.6
11/30/2015,5368,4057.715835,3.768367831,45.0952381,142.98,2.144,2.152,215.629,151.719,22.34,75.71428571,24,33.13333333,FALSE,null,null,FALSE,Colombo,25.8,5.8,89.75,12.8
12/1/2015,7397,4057.715835,3.768367831,38.52521739,142.98,2.119,2.147,213.777,151.052,22.34,75.42857143,21,33,FALSE,null,null,FALSE,Colombo,25.6,12.6,89.29166667,11.7
12/2/2015,7397,4057.715835,3.768367831,38.52521739,142.98,2.12,2.141,216.529,152.009,22.35,75.14285714,21,33.16129032,FALSE,null,null,FALSE,Colombo,25.4,16.2,90.91666667,14.5
12/3/2015,7397,4057.715835,3.768367831,38.52521739,142.98,2.101,2.146,216.079,151.774,22.34,74.85714286,21,33.32258065,FALSE,null,null,FALSE,Colombo,25.8,8.5,90.75,15
12/4/2015,7397,4057.715835,3.768367831,38.52521739,142.98,2.067,2.141,215.228,156.384,22.31,74.57142857,21,33.48387097,FALSE,null,null,FALSE,Colombo,25.8,12.5,89.04166667,10.9
12/5/2015,7767,4057.715835,3.768367831,38.52521739,null,null,null,null,null,null,74.28571429,21,33.64516129,FALSE,null,null,FALSE,Colombo,25.8,12.5,90.70833333,9.7
12/6/2015,8137,4057.715835,3.768367831,38.52521739,null,null,null,null,null,null,74,21,33.80645161,FALSE,null,null,FALSE,Colombo,26.5,15.4,88.16666667,7.2
12/7/2015,7028,4057.715835,3.768367831,38.52521739,142.98,2.061,2.143,214.99,155.655,22.32,75.42857143,21,33.96774194,FALSE,null,null,FALSE,Colombo,25.9,24.2,90.66666667,6.9
12/8/2015,7397,4057.715835,3.768367831,38.52521739,143.25,2.056,2.142,217.43,154.926,22.28,76.85714286,21,34.12903226,FALSE,null,null,FALSE,Colombo,25.6,12.6,91.16666667,6.5
12/9/2015,7397,4057.715835,3.768367831,38.52521739,143.225,2.1,2.146,217.115,156.049,22.25,78.28571429,21,34.29032258,FALSE,null,null,FALSE,Colombo,26.4,2.6,88.45833333,7.1
12/10/2015,7397,4057.715835,3.768367831,38.52521739,143.225,2.034,2.133,217.991,157.913,22.19,79.71428571,21,34.4516129,FALSE,null,null,FALSE,Colombo,26.1,30.1,90.33333333,7.6
12/11/2015,7397,4057.715835,3.768367831,38.52521739,143.25,2.038,2.141,217.515,156.695,22.24,81.14285714,21,34.61290323,FALSE,null,null,FALSE,Colombo,26,5.7,89.125,8.6
12/12/2015,7767,4057.715835,3.768367831,38.52521739,null,null,null,null,null,null,82.57142857,21,34.77419355,FALSE,null,null,FALSE,Colombo,26,15.3,88.33333333,5.6
12/13/2015,8137,4057.715835,3.768367831,38.52521739,null,null,null,null,null,null,84,21,34.93548387,FALSE,null,null,FALSE,Colombo,26.3,6.3,86.875,6.9
12/14/2015,7028,4057.715835,3.768367831,38.52521739,143.65,2.052,2.148,216.036,157.424,22.23,86.28571429,21,35.09677419,FALSE,null,null,FALSE,Colombo,26.3,9.3,87.66666667,6.9
12/15/2015,7397,4057.715835,3.768367831,38.52521739,143.65,2.044,2.162,215.601,157.9,22.2,88.57142857,21,35.25806452,FALSE,null,null,FALSE,Colombo,26.7,4.8,84.33333333,7.1
12/16/2015,7403,4057.715835,3.768367831,38.52521739,143.7,2.011,2.16,213.741,156.974,22.12,90.85714286,21,35.41935484,FALSE,null,null,FALSE,Colombo,26,35.3,86.875,6.8
12/17/2015,7397,4057.715835,3.768367831,38.52521739,143.445,2.021,2.167,213.841,156.812,22.15,93.14285714,21,35.58064516,FALSE,null,null,FALSE,Colombo,26.2,0.8,83.33333333,8.1
12/18/2015,7397,4057.715835,3.768367831,38.52521739,143.57,2.017,2.168,213.793,155.286,22.16,95.42857143,21,35.74193548,FALSE,null,null,FALSE,Colombo,25.6,32.5,89.54166667,11
12/19/2015,7767,4057.715835,3.768367831,38.52521739,null,null,null,null,null,null,97.71428571,21,35.90322581,FALSE,null,null,FALSE,Colombo,25.6,3.2,87.75,5.9
12/20/2015,8137,4057.715835,3.768367831,38.52521739,null,null,null,null,null,null,100,21,36.06451613,FALSE,null,null,FALSE,Colombo,26.3,2.8,85.33333333,5.8
12/21/2015,7028,4057.715835,3.768367831,38.52521739,143.625,2.018,2.17,213.11,156.032,22.19,99.85714286,21,36.22580645,FALSE,null,null,FALSE,Colombo,26.5,2.4,83.04166667,6.6
12/22/2015,7397,4057.715835,3.768367831,38.52521739,143.75,2.057,2.176,213.711,156.76,22.18,99.71428571,21,36.38709677,FALSE,null,null,FALSE,Colombo,26.6,0,78.20833333,8
12/23/2015,7397,4057.715835,3.768367831,38.52521739,143.7,2.046,2.179,214.329,157.471,22.19,99.57142857,21,36.5483871,FALSE,null,null,FALSE,Colombo,26.3,0.6,74.95833333,9.8
12/24/2015,7397,4057.715835,3.768367831,38.52521739,143.7,2.033,2.176,214.588,156.769,22.19,99.42857143,21,36.70967742,TRUE,Unduvap Full Moon Poya Day,null,FALSE,Colombo,26.2,0,71.16666667,9.2
12/25/2015,7397,4057.715835,3.768367831,38.52521739,143.7,1.986,2.172,213.709,157.632,22.14,99.28571429,21,36.87096774,TRUE,Christmas Day,null,FALSE,Colombo,26.3,0,72.5,10.1
12/26/2015,7767,4057.715835,3.768367831,38.52521739,null,null,null,null,null,null,99.14285714,21,37.03225806,FALSE,null,null,FALSE,Colombo,26.9,0.9,76,12.1
12/27/2015,8137,4057.715835,3.768367831,38.52521739,null,null,null,null,null,null,99,21,37.19354839,FALSE,null,null,FALSE,Colombo,26.8,0.8,78.75,15.8
12/28/2015,7028,4057.715835,3.768367831,38.52521739,143.65,1.992,2.175,213.367,157.74,22.21,97.57142857,21,37.35483871,FALSE,null,null,FALSE,Colombo,27,5.9,82.58333333,7.3
12/29/2015,7397,4057.715835,3.768367831,38.52521739,144.05,1.967,2.167,213.462,157.555,22.19,96.14285714,21,37.51612903,FALSE,null,null,FALSE,Colombo,26.5,18.5,84.29166667,7.3
12/30/2015,7397,4057.715835,3.768367831,38.52521739,144.07,1.976,2.179,212.61,157.267,22.21,94.71428571,21,37.67741935,FALSE,null,null,FALSE,Colombo,26.8,3.4,83.75,7.1
12/31/2015,7397,4057.715835,3.768367831,38.52521739,144.25,1.971,2.173,212.224,157.505,22.16,93.28571429,21,37.83870968,FALSE,null,null,FALSE,Colombo,27.2,0,77.45833333,13
1/1/2016,5598,4149.191908,3.958888466,32.0452381,143.9,1.984,2.167,212.352,156.663,22.08,91.85714286,21,38,FALSE,null,null,FALSE,Colombo,26.9,1.5,78.20833333,13.6
1/2/2016,5878,4149.191908,3.958888466,32.0452381,null,null,null,null,null,null,90.42857143,21,38.09677419,FALSE,null,null,FALSE,Colombo,26.4,2.5,81.5,13.6
1/3/2016,6158,4149.191908,3.958888466,32.0452381,null,null,null,null,null,null,89,21,38.19354839,FALSE,null,null,FALSE,Colombo,27,0,75.58333333,16.9
1/4/2016,5318,4149.191908,3.958888466,32.0452381,144.285,1.962,2.166,211.328,156.276,22.08,87.42857143,21,38.29032258,FALSE,null,null,FALSE,Colombo,27.4,0,77.25,11.6
1/5/2016,5598,4149.191908,3.958888466,32.0452381,144.005,1.931,2.16,210.702,156.282,21.97,85.85714286,21,38.38709677,FALSE,null,null,FALSE,Colombo,26.9,1.5,80.45833333,11.3
1/6/2016,5598,4149.191908,3.958888466,32.0452381,144.05,1.918,2.153,210.499,154.777,21.84,84.28571429,21,38.48387097,FALSE,null,null,FALSE,Colombo,26.7,5,83.83333333,9.6
1/7/2016,5598,4149.191908,3.958888466,32.0452381,144.005,1.921,2.15,208.675,155.3,21.79,82.71428571,21,38.58064516,FALSE,null,null,FALSE,Colombo,26.6,6.8,81.91666667,6.4
1/8/2016,5598,4149.191908,3.958888466,32.0452381,143.72,1.885,2.156,209.318,157.477,21.91,81.14285714,21,38.67741935,FALSE,null,null,FALSE,Colombo,27.1,2.5,73.95833333,11.4
1/9/2016,5878,4149.191908,3.958888466,32.0452381,null,null,null,null,null,null,79.57142857,21,38.77419355,FALSE,null,null,FALSE,Colombo,27.4,0.6,71.875,9.3
1/10/2016,6158,4149.191908,3.958888466,32.0452381,null,null,null,null,null,null,78,21,38.87096774,FALSE,null,null,FALSE,Colombo,26.9,0.7,75.375,9.5
1/11/2016,5318,4149.191908,3.958888466,32.0452381,143.94,1.871,2.15,207.965,157.108,21.9,78.42857143,21,38.96774194,FALSE,null,null,FALSE,Colombo,27.6,0,69.5,11.3
1/12/2016,5598,4149.191908,3.958888466,32.0452381,143.945,1.879,2.152,207.476,156.319,21.9,78.85714286,21,39.06451613,FALSE,null,null,FALSE,Colombo,27.2,0,67.08333333,15.2
1/13/2016,5598,4149.191908,3.958888466,32.0452381,144.01,1.886,2.136,207.295,156.296,21.82,79.28571429,21,39.16129032,FALSE,null,null,FALSE,Colombo,26.2,0,66.25,13.3
1/14/2016,5598,4149.191908,3.958888466,32.0452381,143.815,1.851,2.124,205.237,156.64,21.86,79.71428571,21,39.25806452,FALSE,null,null,FALSE,Colombo,26.3,0,66.41666667,14.9
1/15/2016,5598,4149.191908,3.958888466,32.0452381,143.945,1.814,2.129,205.206,156.262,21.9,80.14285714,21,39.35483871,TRUE,Tamil Thai Pongal Day,null,FALSE,Colombo,26.2,0,66.54166667,8.9
1/16/2016,5886,4149.191908,3.958888466,32.0452381,null,null,null,null,null,null,80.57142857,21,39.4516129,FALSE,null,null,FALSE,Colombo,27.2,0,67.91666667,9.9
1/17/2016,6158,4149.191908,3.958888466,32.0452381,null,null,null,null,null,null,81,21,39.5483871,FALSE,null,null,FALSE,Colombo,27,0,69.70833333,9.4
1/18/2016,5318,4149.191908,3.958888466,32.0452381,144.075,1.829,2.128,203.981,157.145,21.91,80.71428571,21,39.64516129,FALSE,null,null,FALSE,Colombo,26.7,0,73.125,10.6
1/19/2016,5598,4149.191908,3.958888466,32.0452381,144.115,1.771,2.12,204.478,156.933,21.9,80.42857143,21,39.74193548,FALSE,null,null,FALSE,Colombo,27.2,0,74.25,10.4
1/20/2016,5598,4149.191908,3.958888466,32.0452381,144.09,1.748,2.124,204.811,157.208,21.89,80.14285714,21,39.83870968,FALSE,null,null,FALSE,Colombo,27.9,0,74.29166667,12.7
1/21/2016,5598,4149.191908,3.958888466,32.0452381,144.025,1.843,2.133,205.516,156.928,21.9,79.85714286,21,39.93548387,FALSE,null,Galle Literary Festival,TRUE,Colombo,28.4,0.2,72,9.8
1/22/2016,5598,4149.191908,3.958888466,32.0452381,144.065,1.801,2.128,205.428,156.613,21.91,79.57142857,21,40.03225806,FALSE,null,Galle Literary Festival,TRUE,Colombo,28.1,0.1,71.45833333,6.8
1/23/2016,5878,4149.191908,3.958888466,32.0452381,null,null,null,null,null,null,79.28571429,21,40.12903226,TRUE,Duruthu Full Moon Poya Day,Galle Literary Festival,TRUE,Colombo,27.7,1.6,76.29166667,6.9
1/24/2016,6158,4149.191908,3.958888466,32.0452381,null,null,null,null,null,null,79,21,40.22580645,FALSE,null,Galle Literary Festival,TRUE,Colombo,28,5.2,76.5,7.5
1/25/2016,5318,4149.191908,3.958888466,32.0452381,144.17,1.829,2.13,207.057,155.548,21.92,80.71428571,21,40.32258065,FALSE,null,null,FALSE,Colombo,27.9,7,78.54166667,7.9
1/26/2016,5598,4149.191908,3.958888466,32.0452381,144.27,1.846,2.115,205.119,156.411,21.91,82.42857143,21,40.41935484,FALSE,null,null,FALSE,Colombo,28.2,0.8,74.29166667,10.8
1/27/2016,5598,4149.191908,3.958888466,32.0452381,144.11,1.886,2.116,206.806,156.843,21.9,84.14285714,21,40.51612903,FALSE,null,null,FALSE,Colombo,27.9,0,65.54166667,10.7
1/28/2016,5598,4149.191908,3.958888466,32.0452381,143.995,1.91,2.125,205.534,156.979,21.94,85.85714286,21,40.61290323,FALSE,null,null,FALSE,Colombo,26.7,0,67.41666667,8.4
1/29/2016,5598,4149.191908,3.958888466,32.0452381,144.26,1.863,2.121,207.662,157.516,21.87,87.57142857,21,40.70967742,FALSE,null,null,FALSE,Colombo,27.3,0,66.70833333,12.2
1/30/2016,5878,4149.191908,3.958888466,32.0452381,null,null,null,null,null,null,89.28571429,21,40.80645161,FALSE,null,null,FALSE,Colombo,27.3,0,58.125,12.1
1/31/2016,6158,4149.191908,3.958888466,32.0452381,null,null,null,null,null,null,91,21,40.90322581,FALSE,null,null,FALSE,Colombo,28.1,0,58.54166667,11.8
2/1/2016,5399,4149.191908,3.958888466,33.76238095,143.88,1.806,2.12,207.634,156.327,21.9,90.28571429,28,41,FALSE,null,null,FALSE,Colombo,27.9,0,58.83333333,12.6
2/2/2016,5684,4149.191908,3.958888466,33.76238095,144.085,1.878,2.123,210.663,156.664,21.93,89.57142857,28,41.10344828,FALSE,null,null,FALSE,Colombo,28.2,0,56,14
2/3/2016,5684,4149.191908,3.958888466,33.76238095,144.25,1.878,2.132,210.111,157.327,21.94,88.85714286,28,41.20689655,FALSE,null,null,FALSE,Colombo,27.8,0,52.83333333,10.8
2/4/2016,5684,4149.191908,3.958888466,33.76238095,144.02,1.859,2.125,208.967,160.175,21.92,88.14285714,28,41.31034483,TRUE,Independence Day,null,FALSE,Colombo,27.9,0,56.625,9.8
2/5/2016,5684,4149.191908,3.958888466,33.76238095,144.09,1.851,2.118,207.937,161.418,21.92,87.42857143,28,41.4137931,FALSE,null,null,FALSE,Colombo,28.3,0,62.66666667,9
2/6/2016,5968,4149.191908,3.958888466,33.76238095,null,null,null,null,null,null,86.71428571,28,41.51724138,FALSE,null,null,FALSE,Colombo,28.7,0,65.70833333,15.2
2/7/2016,6252,4149.191908,3.958888466,33.76238095,null,null,null,null,null,null,86,28,41.62068966,FALSE,null,null,FALSE,Colombo,28.8,0,69.04166667,8.5
2/8/2016,5399,4149.191908,3.958888466,33.76238095,144.08,1.805,2.12,208.317,160.79,21.9,86.42857143,28,41.72413793,FALSE,null,null,FALSE,Colombo,28.9,0,70.375,12.6
2/9/2016,5684,4149.191908,3.958888466,33.76238095,143.945,1.809,2.121,209.001,161.334,21.89,86.85714286,28,41.82758621,FALSE,null,null,FALSE,Colombo,28.3,2,73.75,7.5
2/10/2016,5684,4149.191908,3.958888466,33.76238095,143.92,1.796,2.103,208.448,162.557,21.9,87.28571429,28,41.93103448,FALSE,null,null,FALSE,Colombo,28.6,0.9,72.66666667,11.9
2/11/2016,5684,4149.191908,3.958888466,33.76238095,143.985,1.841,2.118,209.271,162.486,21.94,87.71428571,28,42.03448276,FALSE,null,null,FALSE,Colombo,28.4,0,72.25,13.4
2/12/2016,5684,4149.191908,3.958888466,33.76238095,144.25,1.873,2.116,208.052,163.049,22.19,88.14285714,28,42.13793103,FALSE,null,null,FALSE,Colombo,29.1,0,65.75,14.4
2/13/2016,5968,4149.191908,3.958888466,33.76238095,null,null,null,null,null,null,88.57142857,28,42.24137931,FALSE,null,null,FALSE,Colombo,28.6,0,70.08333333,10.5
2/14/2016,6252,4149.191908,3.958888466,33.76238095,null,null,null,null,null,null,89,28,42.34482759,FALSE,null,null,FALSE,Colombo,28.9,0,67.04166667,10.9
2/15/2016,5395,4149.191908,3.958888466,33.76238095,144.13,1.85,2.104,206.078,162.433,22.1,88.57142857,28,42.44827586,FALSE,null,null,FALSE,Colombo,27.8,21,76.58333333,11.2
2/16/2016,5684,4149.191908,3.958888466,33.76238095,144.055,1.919,2.107,205.841,160.778,22.05,88.14285714,28,42.55172414,FALSE,null,null,FALSE,Colombo,27.6,1,73.20833333,10.9
2/17/2016,5684,4149.191908,3.958888466,33.76238095,143.98,1.879,2.102,206.546,160.535,22.1,87.71428571,28,42.65517241,FALSE,null,null,FALSE,Colombo,27.7,5.7,76.33333333,10
2/18/2016,5684,4149.191908,3.958888466,33.76238095,144.07,1.87,2.101,207.49,160.221,22.08,87.28571429,28,42.75862069,FALSE,null,null,FALSE,Colombo,27.7,4.4,79.54166667,7.9
2/19/2016,5684,4149.191908,3.958888466,33.76238095,144.025,1.92,2.101,203.767,160.019,22.08,86.85714286,28,42.86206897,FALSE,null,null,FALSE,Colombo,27.3,2.3,81,7.6
2/20/2016,5968,4149.191908,3.958888466,33.76238095,null,null,null,null,null,null,86.42857143,28,42.96551724,FALSE,null,null,FALSE,Colombo,27,7,83.25,12.3
2/21/2016,6252,4149.191908,3.958888466,33.76238095,null,null,null,null,null,null,86,28,43.06896552,FALSE,null,null,FALSE,Colombo,28,0,77.58333333,8.2
2/22/2016,5399,4149.191908,3.958888466,33.76238095,144.005,1.888,2.1,201.931,160.365,22.06,84.85714286,28,43.17241379,TRUE,Nawam Full Moon Poya Day,null,FALSE,Colombo,28.5,0,76.125,13.9
2/23/2016,5684,4149.191908,3.958888466,33.76238095,144.005,1.903,2.108,200.849,158.831,22.08,83.71428571,28,43.27586207,FALSE,null,null,FALSE,Colombo,28.1,0.4,75.54166667,10.7
2/24/2016,5684,4149.191908,3.958888466,33.76238095,144.215,1.919,2.101,201.71,158.701,22.11,82.57142857,28,43.37931034,FALSE,null,null,FALSE,Colombo,28.3,0,71.95833333,6.7
2/25/2016,5684,4149.191908,3.958888466,33.76238095,144.46,1.897,2.104,200.637,158.824,22.12,81.42857143,28,43.48275862,FALSE,null,null,FALSE,Colombo,28.2,9.5,76.79166667,13
2/26/2016,5684,4149.191908,3.958888466,33.76238095,144.65,1.925,2.124,201.609,159.245,22.1,80.28571429,28,43.5862069,FALSE,null,null,FALSE,Colombo,28.4,0,77,10.1
2/27/2016,5968,4149.191908,3.958888466,33.76238095,null,null,null,null,null,null,79.14285714,28,43.68965517,FALSE,null,null,FALSE,Colombo,28.4,0.8,73.25,8.3
2/28/2016,6252,4149.191908,3.958888466,33.76238095,null,null,null,null,null,null,78,28,43.79310345,FALSE,null,null,FALSE,Colombo,29,0.1,70.41666667,8.5
2/29/2016,5399,4149.191908,3.958888466,33.76238095,144.875,1.969,2.134,201.626,158.161,22.06,79.14285714,28,43.89655172,FALSE,null,null,FALSE,Colombo,28.8,3.1,74.54166667,8.6
3/1/2016,5625,4149.191908,3.958888466,39.79217391,144.55,1.97,2.146,203.568,157.523,22.07,80.28571429,18,44,FALSE,null,null,FALSE,Colombo,28.5,1.5,73.875,11.1
3/2/2016,5625,4149.191908,3.958888466,39.79217391,144.6,1.983,2.155,205.106,157.082,22.15,81.42857143,18,43.96774194,FALSE,null,null,FALSE,Colombo,29.3,0.6,69.20833333,12.3
3/3/2016,5625,4149.191908,3.958888466,39.79217391,144.675,2.017,2.167,206.385,157.151,22.29,82.57142857,18,43.93548387,FALSE,null,null,FALSE,Colombo,29.5,0.4,66.54166667,10.3
3/4/2016,5625,4149.191908,3.958888466,39.79217391,145.06,2.029,2.165,206.936,158.542,22.26,83.71428571,18,43.90322581,FALSE,null,null,FALSE,Colombo,28.9,2.8,73.25,11.6
3/5/2016,5906,4149.191908,3.958888466,39.79217391,null,null,null,null,null,null,84.85714286,18,43.87096774,FALSE,null,null,FALSE,Colombo,28.5,2.4,76.75,12.7
3/6/2016,6188,4149.191908,3.958888466,39.79217391,null,null,null,null,null,null,86,18,43.83870968,FALSE,null,null,FALSE,Colombo,28.1,2.1,78.79166667,14.8
3/7/2016,5344,4149.191908,3.958888466,39.79217391,145.06,1.985,2.152,205.918,159.624,22.28,84.57142857,18,43.80645161,TRUE,Maha Sivarathri Day,null,FALSE,Colombo,28.4,1.5,75.5,13
3/8/2016,5625,4149.191908,3.958888466,39.79217391,145.11,2.034,2.154,205.601,159.769,22.2,83.14285714,18,43.77419355,FALSE,null,null,FALSE,Colombo,28.2,1.5,78.45833333,11.4
3/9/2016,5625,4149.191908,3.958888466,39.79217391,144.575,2.026,2.153,206.91,159.463,22.27,81.71428571,18,43.74193548,FALSE,null,null,FALSE,Colombo,28.6,0,76.375,8.8
3/10/2016,5625,4149.191908,3.958888466,39.79217391,145.085,2.071,2.167,208.504,159.105,22.32,80.28571429,18,43.70967742,FALSE,null,null,FALSE,Colombo,29.4,2.5,76.08333333,7.8
3/11/2016,5625,4149.191908,3.958888466,39.79217391,144.92,2.072,2.16,207.386,161.978,22.31,78.85714286,18,43.67741935,FALSE,null,null,FALSE,Colombo,28.9,1.4,78.70833333,12.9
3/12/2016,5906,4149.191908,3.958888466,39.79217391,null,null,null,null,null,null,77.42857143,18,43.64516129,FALSE,null,null,FALSE,Colombo,28.4,1.7,78.08333333,15.6
3/13/2016,6188,4149.191908,3.958888466,39.79217391,null,null,null,null,null,null,76,18,43.61290323,FALSE,null,null,FALSE,Colombo,28.6,0.5,77.29166667,11.2
3/14/2016,5344,4149.191908,3.958888466,39.79217391,145.02,2.046,2.152,205.219,161.673,22.26,77.14285714,18,43.58064516,FALSE,null,null,FALSE,Colombo,29.2,0.4,73.125,11.8
3/15/2016,5625,4149.191908,3.958888466,39.79217391,145,2.095,2.159,206.834,161.06,22.24,78.28571429,18,43.5483871,FALSE,null,null,FALSE,Colombo,29,0.6,71.79166667,12.6
3/16/2016,5625,4149.191908,3.958888466,39.79217391,145.05,2.127,2.177,209.997,161.081,22.4,79.42857143,18,43.51612903,FALSE,null,null,FALSE,Colombo,28.8,0.8,74.20833333,10.7
3/17/2016,5625,4149.191908,3.958888466,39.79217391,145.035,2.116,2.184,209.924,162.819,22.4,80.57142857,18,43.48387097,FALSE,null,null,FALSE,Colombo,29.4,0,72.79166667,13
3/18/2016,5625,4149.191908,3.958888466,39.79217391,144.97,2.145,2.188,209.019,164.165,22.43,81.71428571,18,43.4516129,FALSE,null,null,FALSE,Colombo,29.7,0,70.95833333,14.3
3/19/2016,5906,4149.191908,3.958888466,39.79217391,null,null,null,null,null,null,82.85714286,18,43.41935484,FALSE,null,null,FALSE,Colombo,28.8,2.2,75.20833333,12
3/20/2016,6188,4149.191908,3.958888466,39.79217391,null,null,null,null,null,null,84,18,43.38709677,FALSE,null,null,FALSE,Colombo,29.3,0,70.33333333,14
3/21/2016,5344,4149.191908,3.958888466,39.79217391,145.48,2.161,2.178,206.542,163.381,22.4,84.42857143,18,43.35483871,FALSE,null,null,FALSE,Colombo,29.6,0,68.95833333,16
3/22/2016,5625,4149.191908,3.958888466,39.79217391,145.37,2.132,2.187,206.645,163.534,22.5,84.85714286,18,43.32258065,TRUE,Medin Full Moon Poya Day,null,FALSE,Colombo,29.6,0.2,67.375,16.7
3/23/2016,5625,4149.191908,3.958888466,39.79217391,146.38,2.137,2.201,208.425,163.061,22.6,85.28571429,18,43.29032258,FALSE,null,null,FALSE,Colombo,29.6,0.1,67.70833333,17.4
3/24/2016,5625,4149.191908,3.958888466,39.79217391,147.26,2.155,2.204,208.27,163.712,22.6,85.71428571,18,43.25806452,FALSE,null,null,FALSE,Colombo,30.1,0,66.20833333,14.3
3/25/2016,5625,4149.191908,3.958888466,39.79217391,147.26,2.152,2.221,210.888,164.548,22.74,86.14285714,18,43.22580645,TRUE,Good Friday,null,FALSE,Colombo,30,0.6,65.91666667,12
3/26/2016,5906,4149.191908,3.958888466,39.79217391,null,null,null,null,null,null,86.57142857,18,43.19354839,FALSE,null,null,FALSE,Colombo,29.8,1,68.70833333,13.8
3/27/2016,6188,4149.191908,3.958888466,39.79217391,null,null,null,null,null,null,87,18,43.16129032,FALSE,null,null,FALSE,Colombo,29.7,2.7,70.16666667,11.6
3/28/2016,5344,4149.191908,3.958888466,39.79217391,147.95,2.169,2.233,213.2,164.43,22.78,86.85714286,18,43.12903226,FALSE,null,null,FALSE,Colombo,29,3.9,75.20833333,12.7
3/29/2016,5625,4149.191908,3.958888466,39.79217391,148.21,2.184,2.248,214.571,165.645,23.08,86.71428571,18,43.09677419,FALSE,null,null,FALSE,Colombo,28.6,6.2,76.375,7.5
3/30/2016,5625,4149.191908,3.958888466,39.79217391,149.215,2.18,2.204,209.758,167.344,22.65,86.57142857,18,43.06451613,FALSE,null,null,FALSE,Colombo,28.2,5.1,79.33333333,11.4
3/31/2016,5625,4149.191908,3.958888466,39.79217391,146.055,2.16,2.203,207.971,169.18,22.56,86.42857143,18,43.03225806,FALSE,null,null,FALSE,Colombo,28.5,0.6,75.95833333,6.8
4/1/2016,5156,4149.191908,3.958888466,43.33047619,146.185,2.116,2.195,206.999,166.21,22.4,86.28571429,23,43,FALSE,null,null,FALSE,Colombo,28.4,4.9,77.29166667,10.5
4/2/2016,5414,4149.191908,3.958888466,43.33047619,null,null,null,null,null,null,86.14285714,23,42.83333333,FALSE,null,null,FALSE,Colombo,29.2,0.3,73.5,9.5
4/3/2016,5672,4149.191908,3.958888466,43.33047619,null,null,null,null,null,null,86,23,42.66666667,FALSE,null,null,FALSE,Colombo,29.6,1.2,71.79166667,12.5
4/4/2016,4898,4149.191908,3.958888466,43.33047619,145.13,2.11,2.178,204.818,166.476,22.33,88,23,42.5,FALSE,null,null,FALSE,Colombo,28.8,2.5,76.25,11.1
4/5/2016,5156,4149.191908,3.958888466,43.33047619,144.635,2.137,2.176,204.402,165.332,22.34,90,23,42.33333333,FALSE,null,null,FALSE,Colombo,28.2,10,80.29166667,16.1
4/6/2016,5156,4149.191908,3.958888466,43.33047619,144.75,2.123,2.168,203.398,164.653,22.39,92,23,42.16666667,FALSE,null,null,FALSE,Colombo,28.7,1.5,78.45833333,12.8
4/7/2016,5156,4149.191908,3.958888466,43.33047619,144.7,2.156,2.175,204.481,165.001,22.39,94,23,42,FALSE,null,null,FALSE,Colombo,28.7,6.1,79.04166667,11.5
4/8/2016,5156,4149.191908,3.958888466,43.33047619,144.75,2.174,2.186,206.352,164.625,22.43,96,23,41.83333333,FALSE,null,null,FALSE,Colombo,29.2,1,74.625,10
4/9/2016,5414,4149.191908,3.958888466,43.33047619,null,null,null,null,null,null,98,23,41.66666667,FALSE,null,null,FALSE,Colombo,29.6,0.4,73.20833333,10.2
4/10/2016,5672,4149.191908,3.958888466,43.33047619,null,null,null,null,null,null,100,23,41.5,FALSE,null,null,FALSE,Colombo,28.8,1.6,77.16666667,12
4/11/2016,4898,4149.191908,3.958888466,43.33047619,144.9,2.227,2.206,208.687,165.037,22.61,96.14285714,23,41.33333333,FALSE,null,null,FALSE,Colombo,29.2,0.7,74.91666667,11
4/12/2016,5156,4149.191908,3.958888466,43.33047619,146.19,2.208,2.199,207.634,165.302,22.57,92.28571429,23,41.16666667,FALSE,null,null,FALSE,Colombo,29.6,0.5,74.75,14.3
4/13/2016,5156,4149.191908,3.958888466,43.33047619,146.19,2.214,2.193,206.712,166.452,22.53,88.42857143,23,41,TRUE,Day Before Sinhala and Tamil New Year,null,FALSE,Colombo,29.8,1.3,76.83333333,13
4/14/2016,5156,4149.191908,3.958888466,43.33047619,146.045,2.188,2.182,206.438,164.815,22.46,84.57142857,23,40.83333333,TRUE,Sinhala and Tamil New Year,null,FALSE,Colombo,29.6,2.8,77.125,15.5
4/15/2016,5156,4149.191908,3.958888466,43.33047619,145.43,2.206,2.199,208.465,164.563,22.55,80.71428571,23,40.66666667,TRUE,Special Public Holiday,null,FALSE,Colombo,29.5,1.7,76.70833333,11.7
4/16/2016,5414,4149.191908,3.958888466,43.33047619,null,null,null,null,null,null,76.85714286,23,40.5,FALSE,null,null,FALSE,Colombo,28.9,2.3,78.58333333,13.4
4/17/2016,5672,4149.191908,3.958888466,43.33047619,null,null,null,null,null,null,73,23,40.33333333,FALSE,null,null,FALSE,Colombo,29,6.5,79.125,12.7
4/18/2016,4898,4149.191908,3.958888466,43.33047619,146.045,2.217,2.208,210.21,164.089,22.61,72.71428571,23,40.16666667,FALSE,null,null,FALSE,Colombo,29.3,1.4,76.04166667,12.6
4/19/2016,5156,4149.191908,3.958888466,43.33047619,146.045,2.25,2.214,209.958,165.236,22.64,72.42857143,23,40,FALSE,null,null,FALSE,Colombo,28.5,10.7,80.29166667,13.6
4/20/2016,5156,4149.191908,3.958888466,43.33047619,146.48,2.192,2.203,209.803,165.878,22.6,72.14285714,23,39.83333333,FALSE,null,null,FALSE,Colombo,28.2,5.1,83.66666667,11.2
4/21/2016,5156,4149.191908,3.958888466,43.33047619,146.48,2.2,2.191,210.342,165.478,22.47,71.85714286,23,39.66666667,TRUE,Bak Full Moon Poya Day,null,FALSE,Colombo,28.2,5.7,82.75,12
4/22/2016,5156,4149.191908,3.958888466,43.33047619,146.045,2.197,2.193,211.741,165.346,22.52,71.57142857,23,39.5,FALSE,null,null,FALSE,Colombo,28.8,2.9,80.875,13.1
4/23/2016,5414,4149.191908,3.958888466,43.33047619,null,null,null,null,null,null,71.28571429,23,39.33333333,FALSE,null,null,FALSE,Colombo,28.7,1.1,83.41666667,16
4/24/2016,5672,4149.191908,3.958888466,43.33047619,null,null,null,null,null,null,71,23,39.16666667,FALSE,null,null,FALSE,Colombo,29.4,1.6,79.25,14.5
4/25/2016,4898,4149.191908,3.958888466,43.33047619,146.21,2.243,2.204,213.379,164.06,22.53,71.14285714,23,39,FALSE,null,null,FALSE,Colombo,29.7,1,74.75,13.7
4/26/2016,5156,4149.191908,3.958888466,43.33047619,146.33,2.243,2.204,212.721,164.75,22.52,71.28571429,23,38.83333333,FALSE,null,null,FALSE,Colombo,28.6,9.5,79.20833333,17.7
4/27/2016,5156,4149.191908,3.958888466,43.33047619,146.27,2.26,2.205,213.862,165.331,22.6,71.42857143,23,38.66666667,FALSE,null,null,FALSE,Colombo,29,6.2,78.04166667,10.2
4/28/2016,5156,4149.191908,3.958888466,43.33047619,146.38,2.26,2.201,213.62,165.6,22.58,71.57142857,23,38.5,FALSE,null,null,FALSE,Colombo,28.8,3.5,80,12.1
4/29/2016,5156,4149.191908,3.958888466,43.33047619,146.18,2.245,2.205,214.688,166.185,22.6,71.71428571,23,38.33333333,FALSE,null,null,FALSE,Colombo,29.3,1.1,75.125,10.8
4/30/2016,5414,4149.191908,3.958888466,43.33047619,null,null,null,null,null,null,71.85714286,23,38.16666667,FALSE,null,null,FALSE,Colombo,28.5,7.9,80.41666667,12.7
5/1/2016,4118,4149.191908,3.958888466,47.735,null,null,null,null,null,null,72,33,38,TRUE,International Workers' Day,null,FALSE,Colombo,28.3,7,83.33333333,9.7
5/2/2016,3557,4149.191908,3.958888466,47.735,146.325,2.2,2.196,212.458,167.464,22.52,70.71428571,33,37.87096774,FALSE,null,null,FALSE,Colombo,28,6.7,85.5,11.8
5/3/2016,3744,4149.191908,3.958888466,47.735,146.18,2.194,2.195,211.945,168.772,22.52,69.42857143,33,37.74193548,FALSE,null,null,FALSE,Colombo,28.4,4.1,83.41666667,10.4
5/4/2016,3744,4149.191908,3.958888466,47.735,146.25,2.22,2.197,211.837,168.063,22.49,68.14285714,33,37.61290323,FALSE,null,null,FALSE,Colombo,28.1,3.8,84.70833333,14
5/5/2016,3744,4149.191908,3.958888466,47.735,146.24,2.221,2.196,211.061,167.998,22.5,66.85714286,33,37.48387097,FALSE,null,null,FALSE,Colombo,28.1,4,84.54166667,12.3
5/6/2016,3744,4149.191908,3.958888466,47.735,146.26,2.199,2.194,210.962,166.786,22.47,65.57142857,33,37.35483871,FALSE,null,null,FALSE,Colombo,27.9,8.9,84,10.5
5/7/2016,3931,4149.191908,3.958888466,47.735,null,null,null,null,null,null,64.28571429,33,37.22580645,FALSE,null,null,FALSE,Colombo,27.8,1.5,84.45833333,10.2
5/8/2016,4118,4149.191908,3.958888466,47.735,null,null,null,null,null,null,63,33,37.09677419,FALSE,null,null,FALSE,Colombo,27.8,11,85.54166667,11.7
5/9/2016,3557,4149.191908,3.958888466,47.735,146.43,2.209,2.194,211.157,166.81,22.43,64,33,36.96774194,FALSE,null,null,FALSE,Colombo,27.8,10.8,86.16666667,9.8
5/10/2016,3744,4149.191908,3.958888466,47.735,146.19,2.253,2.196,211.223,166.681,22.52,65,33,36.83870968,FALSE,null,null,FALSE,Colombo,27.1,15.4,88.41666667,9.8
5/11/2016,3744,4149.191908,3.958888466,47.735,146.195,2.26,2.191,211.332,166.248,22.44,66,33,36.70967742,FALSE,null,null,FALSE,Colombo,26.7,14.7,89.45833333,7.2
5/12/2016,3744,4149.191908,3.958888466,47.735,146.25,2.234,2.19,210.26,167.02,22.41,67,33,36.58064516,FALSE,null,null,FALSE,Colombo,26.2,28.6,90.41666667,8.7
5/13/2016,3744,4149.191908,3.958888466,47.735,146.4,2.259,2.194,211.191,166.388,22.49,68,33,36.4516129,FALSE,null,null,FALSE,Colombo,26.7,20.2,89.125,15.8
5/14/2016,3931,4149.191908,3.958888466,47.735,null,null,null,null,null,null,69,33,36.32258065,FALSE,null,null,FALSE,Colombo,25.9,84.2,94.25,9.8
5/15/2016,4118,4149.191908,3.958888466,47.735,null,null,null,null,null,null,70,33,36.19354839,FALSE,null,null,FALSE,Colombo,25.9,195.9,90.66666667,26.3
5/16/2016,3561,4149.191908,3.958888466,47.735,146.65,2.261,2.192,211.862,165.535,22.46,69,33,36.06451613,FALSE,null,null,FALSE,Colombo,26.7,40.7,88.54166667,23.3
5/17/2016,3744,4149.191908,3.958888466,47.735,146.48,2.228,2.19,214.657,166,22.49,68,33,35.93548387,FALSE,null,null,FALSE,Colombo,26.7,37.5,90.625,25.8
5/18/2016,3744,4149.191908,3.958888466,47.735,147.035,2.2,2.178,214.57,165.728,22.43,67,33,35.80645161,FALSE,null,null,FALSE,Colombo,27.5,13.5,86.70833333,22.9
5/19/2016,3744,4149.191908,3.958888466,47.735,146.845,2.201,2.182,213.318,164.93,22.46,66,33,35.67741935,FALSE,null,null,FALSE,Colombo,27,30.5,90.5,19.9
5/20/2016,3744,4149.191908,3.958888466,47.735,147.105,2.2,2.182,213.024,164.51,22.43,65,33,35.5483871,FALSE,null,null,FALSE,Colombo,27.4,21.8,87.41666667,18.4
5/21/2016,3931,4149.191908,3.958888466,47.735,null,null,null,null,null,null,64,33,35.41935484,TRUE,Vesak Full Moon Poya Day,null,FALSE,Colombo,27,12.1,90.16666667,14.8
5/22/2016,4118,4149.191908,3.958888466,47.735,null,null,null,null,null,null,63,33,35.29032258,TRUE,Day Following Vesak Full Moon Poya Day,null,FALSE,Colombo,27.4,17.9,89.29166667,16.8
5/23/2016,3557,4149.191908,3.958888466,47.735,147.07,2.225,2.17,214.828,165.111,22.38,63,33,35.16129032,FALSE,null,null,FALSE,Colombo,27.7,11.2,87.54166667,20.6
5/24/2016,3744,4149.191908,3.958888466,47.735,146.78,2.247,2.184,215.957,164.998,22.42,63,33,35.03225806,FALSE,null,null,FALSE,Colombo,27,19.8,89.25,16.9
5/25/2016,3744,4149.191908,3.958888466,47.735,146.95,2.229,2.193,215.341,163.528,22.39,63,33,34.90322581,FALSE,null,null,FALSE,Colombo,27.7,7.4,85.20833333,19.2
5/26/2016,3744,4149.191908,3.958888466,47.735,146.78,2.243,2.202,215.909,163.923,22.49,63,33,34.77419355,FALSE,null,null,FALSE,Colombo,28,4.4,85.66666667,17.5
5/27/2016,3744,4149.191908,3.958888466,47.735,147.63,2.251,2.203,216.658,164.305,22.48,63,33,34.64516129,FALSE,null,null,FALSE,Colombo,26.7,22,90.29166667,14.8
5/28/2016,3931,4149.191908,3.958888466,47.735,null,null,null,null,null,null,63,33,34.51612903,FALSE,null,null,FALSE,Colombo,26.6,19.7,88.79166667,16.3
5/29/2016,4118,4149.191908,3.958888466,47.735,null,null,null,null,null,null,63,33,34.38709677,FALSE,null,null,FALSE,Colombo,26.7,16.7,88.25,13.5
5/30/2016,3557,4149.191908,3.958888466,47.735,148,2.214,2.199,213.971,164.091,22.45,62.42857143,33,34.25806452,FALSE,null,null,FALSE,Colombo,26.9,19.4,88.25,16.6
5/31/2016,3744,4149.191908,3.958888466,47.735,147.79,2.212,2.197,213.545,164.968,22.53,61.85714286,33,34.12903226,FALSE,null,null,FALSE,Colombo,26.6,11.9,90.16666667,13.5
6/1/2016,3873,4149.191908,3.958888466,49.87727273,148.13,2.209,2.198,213.201,164.52,22.45,61.28571429,26,34,FALSE,null,null,FALSE,Colombo,27,9.7,88.91666667,19.1
6/2/2016,3873,4149.191908,3.958888466,49.87727273,147.82,2.251,2.204,214.431,165.743,22.5,60.71428571,26,34,FALSE,null,null,FALSE,Colombo,27.1,8.2,88.04166667,16.3
6/3/2016,3873,4149.191908,3.958888466,49.87727273,147.68,2.235,2.184,210.673,164.834,22.23,60.14285714,26,34,FALSE,null,null,FALSE,Colombo,27,7.2,88.375,18.4
6/4/2016,4067,4149.191908,3.958888466,49.87727273,null,null,null,null,null,null,59.57142857,26,34,FALSE,null,null,FALSE,Colombo,27.3,5.4,86.66666667,17.7
6/5/2016,4261,4149.191908,3.958888466,49.87727273,null,null,null,null,null,null,59,26,34,FALSE,null,null,FALSE,Colombo,27,4.8,89.25,16.9
6/6/2016,3680,4149.191908,3.958888466,49.87727273,145.885,2.255,2.187,212.008,167.868,22.18,59.71428571,26,34,FALSE,null,null,FALSE,Colombo,26.9,5.1,85.79166667,17.3
6/7/2016,3873,4149.191908,3.958888466,49.87727273,145.77,2.292,2.193,211.497,165.645,22.22,60.42857143,26,34,FALSE,null,null,FALSE,Colombo,27.1,7.3,85.66666667,21.1
6/8/2016,3873,4149.191908,3.958888466,49.87727273,145.84,2.264,2.181,210.509,165.565,22.19,61.14285714,26,34,FALSE,null,null,FALSE,Colombo,26.4,22,88.75,19.4
6/9/2016,3873,4149.191908,3.958888466,49.87727273,145.585,2.222,2.166,206.741,166.171,22.1,61.85714286,26,34,FALSE,null,null,FALSE,Colombo,27,9,85.58333333,17.6
6/10/2016,3873,4149.191908,3.958888466,49.87727273,145,2.206,2.154,206.58,164.744,21.98,62.57142857,26,34,FALSE,null,null,FALSE,Colombo,27.3,5,85.95833333,15.3
6/11/2016,4067,4149.191908,3.958888466,49.87727273,null,null,null,null,null,null,63.28571429,26,34,FALSE,null,null,FALSE,Colombo,27.5,5.7,83.625,16.3
6/12/2016,4261,4149.191908,3.958888466,49.87727273,null,null,null,null,null,null,64,26,34,FALSE,null,null,FALSE,Colombo,26.4,29.7,89.66666667,15.2
6/13/2016,3680,4149.191908,3.958888466,49.87727273,144.745,2.193,2.153,204.506,163.139,21.96,64.28571429,26,34,FALSE,null,null,FALSE,Colombo,26.6,10,87.625,18.1
6/14/2016,3873,4149.191908,3.958888466,49.87727273,144.87,2.213,2.162,205.973,163.447,22.03,64.57142857,26,34,FALSE,null,null,FALSE,Colombo,27.5,5,86.125,19.5
6/15/2016,3873,4149.191908,3.958888466,49.87727273,144.995,2.207,2.156,206.1,162.37,22.01,64.85714286,26,34,FALSE,null,null,FALSE,Colombo,27.6,2.7,82.25,26.3
6/16/2016,3878,4149.191908,3.958888466,49.87727273,145.115,2.235,2.158,207.811,163.257,21.97,65.14285714,26,34,FALSE,null,null,FALSE,Colombo,27.5,2,84.04166667,20.5
6/17/2016,3873,4149.191908,3.958888466,49.87727273,144.74,2.254,2.143,212.754,162.906,22.01,65.42857143,26,34,FALSE,null,null,FALSE,Colombo,27,4.3,86.41666667,20.2
6/18/2016,4067,4149.191908,3.958888466,49.87727273,null,null,null,null,null,null,65.71428571,26,34,FALSE,null,null,FALSE,Colombo,26.5,13,87.91666667,21.1
6/19/2016,4261,4149.191908,3.958888466,49.87727273,null,null,null,null,null,null,66,26,34,TRUE,Poson Full Moon Poya Day,null,FALSE,Colombo,27,4.4,84.75,22.3
6/20/2016,3680,4149.191908,3.958888466,49.87727273,144.74,2.286,2.16,213.978,163.224,22.17,65.85714286,26,34,FALSE,null,null,FALSE,Colombo,26.3,23.9,87.33333333,26.9
6/21/2016,3873,4149.191908,3.958888466,49.87727273,146.08,2.277,2.182,216.473,163.759,22.38,65.71428571,26,34,FALSE,null,null,FALSE,Colombo,26.3,15,88.04166667,21.3
6/22/2016,3873,4149.191908,3.958888466,49.87727273,147.185,2.309,2.185,218.766,164.215,22.35,65.57142857,26,34,FALSE,null,null,FALSE,Colombo,26.8,5.7,86.375,21.6
6/23/2016,3873,4149.191908,3.958888466,49.87727273,147.03,2.265,2.17,201.548,166.275,22.25,65.42857143,26,34,FALSE,null,null,FALSE,Colombo,27.1,1.7,81.66666667,23.9
6/24/2016,3873,4149.191908,3.958888466,49.87727273,147.33,2.241,2.162,194.207,167.445,22.07,65.28571429,26,34,FALSE,null,null,FALSE,Colombo,27,0.7,81.79166667,23.5
6/25/2016,4067,4149.191908,3.958888466,49.87727273,null,null,null,null,null,null,65.14285714,26,34,FALSE,null,null,FALSE,Colombo,27.1,0.7,81.95833333,24.4
6/26/2016,4261,4149.191908,3.958888466,49.87727273,null,null,null,null,null,null,65,26,34,FALSE,null,null,FALSE,Colombo,27.1,0.1,85.29166667,19.1
6/27/2016,3680,4149.191908,3.958888466,49.87727273,146.82,2.301,2.183,197.242,163.787,22.24,65.57142857,26,34,FALSE,null,null,FALSE,Colombo,26.9,3.3,85.83333333,18.2
6/28/2016,3873,4149.191908,3.958888466,49.87727273,147.835,2.294,2.166,196.074,161.847,22,66.14285714,26,34,FALSE,null,null,FALSE,Colombo,26.1,8.4,88.29166667,18.1
6/29/2016,3873,4149.191908,3.958888466,49.87727273,146.04,2.279,2.158,193.935,163.602,21.92,66.71428571,26,34,FALSE,null,null,FALSE,Colombo,26.7,2.3,88.5,15.8
6/30/2016,3873,4149.191908,3.958888466,49.87727273,145.695,2.283,2.168,193.221,162.469,21.89,67.28571429,26,34,FALSE,null,null,FALSE,Colombo,27,2.7,88.91666667,15.9
7/1/2016,6220,4149.191908,3.958888466,46.59857143,145.695,2.291,2.178,194.721,161.802,21.98,67.85714286,26,34,FALSE,null,Sri Lanka Cricket Tournaments (Intl Matches),TRUE,Colombo,26.8,7,89.54166667,18.9
7/2/2016,6531,4149.191908,3.958888466,46.59857143,null,null,null,null,null,null,68.42857143,26,34.03225806,FALSE,null,Sri Lanka Cricket Tournaments (Intl Matches),TRUE,Colombo,27.4,0.2,86.16666667,18
7/3/2016,6842,4149.191908,3.958888466,46.59857143,null,null,null,null,null,null,69,26,34.06451613,FALSE,null,Sri Lanka Cricket Tournaments (Intl Matches),TRUE,Colombo,27.5,0.8,84.75,14.6
7/4/2016,5909,4149.191908,3.958888466,46.59857143,146.5,2.278,2.176,191.048,162.246,21.96,69.42857143,26,34.09677419,FALSE,null,Sri Lanka Cricket Tournaments (Intl Matches),TRUE,Colombo,27.5,3.1,85.58333333,18.7
7/5/2016,6220,4149.191908,3.958888466,46.59857143,146.7,2.271,2.172,189.297,163.428,21.87,69.85714286,26,34.12903226,FALSE,null,Sri Lanka Cricket Tournaments (Intl Matches),TRUE,Colombo,27.3,1,84.41666667,16.2
7/6/2016,6220,4149.191908,3.958888466,46.59857143,146.39,2.259,2.157,187.904,162.485,21.79,70.28571429,26,34.16129032,TRUE,Eid al-Fitr,Sri Lanka Cricket Tournaments (Intl Matches),TRUE,Colombo,27.3,2.4,83.41666667,20.7
7/7/2016,6220,4149.191908,3.958888466,46.59857143,145.555,2.269,2.159,187.772,162.486,21.67,70.71428571,26,34.19354839,FALSE,null,Sri Lanka Cricket Tournaments (Intl Matches),TRUE,Colombo,27.3,0.1,83.33333333,16.8
7/8/2016,6220,4149.191908,3.958888466,46.59857143,144.93,2.267,2.168,189.115,161.028,21.74,71.14285714,26,34.22580645,FALSE,null,Sri Lanka Cricket Tournaments (Intl Matches),TRUE,Colombo,26.9,4.7,85.75,19.4
7/9/2016,6531,4149.191908,3.958888466,46.59857143,null,null,null,null,null,null,71.57142857,26,34.25806452,FALSE,null,Sri Lanka Cricket Tournaments (Intl Matches),TRUE,Colombo,27.1,9.4,87.33333333,20.3
7/10/2016,6842,4149.191908,3.958888466,46.59857143,null,null,null,null,null,null,72,26,34.29032258,FALSE,null,Sri Lanka Cricket Tournaments (Intl Matches),TRUE,Colombo,26.7,7.5,88.375,23.1
7/11/2016,5909,4149.191908,3.958888466,46.59857143,145.54,2.292,2.183,193.626,160.214,21.86,72.28571429,26,34.32258065,FALSE,null,Sri Lanka Cricket Tournaments (Intl Matches),TRUE,Colombo,27.1,5.4,85.25,22.1
7/12/2016,6220,4149.191908,3.958888466,46.59857143,146.21,2.279,2.175,191.638,160.938,21.8,72.57142857,26,34.35483871,FALSE,null,Sri Lanka Cricket Tournaments (Intl Matches),TRUE,Colombo,26.9,4.8,86.125,18.3
7/13/2016,6220,4149.191908,3.958888466,46.59857143,145.765,2.314,2.178,194.227,161.701,21.78,72.85714286,26,34.38709677,FALSE,null,Sri Lanka Cricket Tournaments (Intl Matches),TRUE,Colombo,26.8,4.4,86.20833333,16
7/14/2016,6220,4149.191908,3.958888466,46.59857143,145.57,2.296,2.171,192.32,161.654,21.79,73.14285714,26,34.41935484,FALSE,null,Sri Lanka Cricket Tournaments (Intl Matches),TRUE,Colombo,26.7,2.8,85.83333333,20.9
7/15/2016,6220,4149.191908,3.958888466,46.59857143,145.78,2.314,2.166,192.796,161.874,21.69,73.42857143,26,34.4516129,FALSE,null,Sri Lanka Cricket Tournaments (Intl Matches),TRUE,Colombo,26.3,8,88.04166667,13.2
7/16/2016,6541,4149.191908,3.958888466,46.59857143,null,null,null,null,null,null,73.71428571,26,34.48387097,FALSE,null,Sri Lanka Cricket Tournaments (Intl Matches),TRUE,Colombo,26.2,8.3,85.79166667,19.6
7/17/2016,6842,4149.191908,3.958888466,46.59857143,null,null,null,null,null,null,74,26,34.51612903,FALSE,null,Sri Lanka Cricket Tournaments (Intl Matches),TRUE,Colombo,25.7,9.9,88.45833333,11.2
7/18/2016,5909,4149.191908,3.958888466,46.59857143,145.435,2.29,2.164,190.68,160.883,21.72,74,26,34.5483871,FALSE,null,Sri Lanka Cricket Tournaments (Intl Matches),TRUE,Colombo,26.3,5.9,86.75,15.9
7/19/2016,6220,4149.191908,3.958888466,46.59857143,145.435,2.292,2.178,193.21,161.055,21.9,74,26,34.58064516,TRUE,Esala Full Moon Poya Day,Sri Lanka Cricket Tournaments (Intl Matches),TRUE,Colombo,26.7,0,82.33333333,17.3
7/20/2016,6220,4149.191908,3.958888466,46.59857143,146.26,2.266,2.17,192.872,160.298,21.83,74,26,34.61290323,FALSE,null,Sri Lanka Cricket Tournaments (Intl Matches),TRUE,Colombo,26.7,1.1,83.79166667,21.7
7/21/2016,6220,4149.191908,3.958888466,46.59857143,145.745,2.25,2.171,191.125,161.106,21.82,74,26,34.64516129,FALSE,null,Sri Lanka Cricket Tournaments (Intl Matches),TRUE,Colombo,26.7,0.8,83.45833333,23.9
7/22/2016,6220,4149.191908,3.958888466,46.59857143,145.78,2.225,2.162,191.478,160.684,21.82,74,26,34.67741935,FALSE,null,Sri Lanka Cricket Tournaments (Intl Matches),TRUE,Colombo,26.7,0.5,80.25,25.1
7/23/2016,6531,4149.191908,3.958888466,46.59857143,null,null,null,null,null,null,74,26,34.70967742,FALSE,null,Sri Lanka Cricket Tournaments (Intl Matches),TRUE,Colombo,26.3,3.5,83.66666667,21.3
7/24/2016,6842,4149.191908,3.958888466,46.59857143,null,null,null,null,null,null,74,26,34.74193548,FALSE,null,Sri Lanka Cricket Tournaments (Intl Matches),TRUE,Colombo,25.7,11.5,87.5,19.8
7/25/2016,5909,4149.191908,3.958888466,46.59857143,145.71,2.204,2.161,191.07,160.001,21.81,74,26,34.77419355,FALSE,null,Sri Lanka Cricket Tournaments (Intl Matches),TRUE,Colombo,26.1,14,86,17.2
7/26/2016,6220,4149.191908,3.958888466,46.59857143,145.505,2.213,2.175,192.895,160.194,21.87,74,26,34.80645161,FALSE,null,Sri Lanka Cricket Tournaments (Intl Matches),TRUE,Colombo,25.4,22.6,88.95833333,15.8
7/27/2016,6220,4149.191908,3.958888466,46.59857143,145.9,2.183,2.171,191.558,159.873,21.86,74,26,34.83870968,FALSE,null,Sri Lanka Cricket Tournaments (Intl Matches),TRUE,Colombo,25.4,24.4,89.5,15
7/28/2016,6220,4149.191908,3.958888466,46.59857143,145.505,2.205,2.183,192.445,161.344,21.92,74,26,34.87096774,FALSE,null,Sri Lanka Cricket Tournaments (Intl Matches),TRUE,Colombo,26.1,3,86.70833333,15.7
7/29/2016,6220,4149.191908,3.958888466,46.59857143,145.505,2.176,2.183,192.083,161.154,21.94,74,26,34.90322581,FALSE,null,Sri Lanka Cricket Tournaments (Intl Matches),TRUE,Colombo,26.2,8.5,87.375,15.2
7/30/2016,6531,4149.191908,3.958888466,46.59857143,null,null,null,null,null,null,74,26,34.93548387,FALSE,null,Sri Lanka Cricket Tournaments (Intl Matches),TRUE,Colombo,26.4,8.7,85.375,18.1
7/31/2016,6842,4149.191908,3.958888466,46.59857143,null,null,null,null,null,null,74,26,34.96774194,FALSE,null,Sri Lanka Cricket Tournaments (Intl Matches),TRUE,Colombo,26.3,8,86.83333333,14.5
8/1/2016,5650,4149.191908,3.958888466,47.05217391,145.76,2.187,2.186,194.712,162.587,22,74.85714286,26,35,FALSE,null,Sri Lanka Cricket Tournaments (Intl Matches),TRUE,Colombo,27,2.2,82.20833333,20.9
8/2/2016,5947,4149.191908,3.958888466,47.05217391,145.77,2.188,2.177,193.729,162.705,21.91,75.71428571,26,35.06451613,FALSE,null,Sri Lanka Cricket Tournaments (Intl Matches),TRUE,Colombo,27.1,2.4,82.04166667,20.2
8/3/2016,5947,4149.191908,3.958888466,47.05217391,145.355,2.212,2.181,191.042,163.663,21.94,76.57142857,26,35.12903226,FALSE,null,Sri Lanka Cricket Tournaments (Intl Matches),TRUE,Colombo,27,2.1,81.5,19.3
8/4/2016,5947,4149.191908,3.958888466,47.05217391,145.75,2.226,2.18,190.467,162.056,21.89,77.42857143,26,35.19354839,FALSE,null,Sri Lanka Cricket Tournaments (Intl Matches),TRUE,Colombo,26.9,2,84.79166667,18.3
8/5/2016,5947,4149.191908,3.958888466,47.05217391,145.7,2.248,2.175,189.445,162.206,21.81,78.28571429,26,35.25806452,FALSE,null,Sri Lanka Cricket Tournaments (Intl Matches),TRUE,Colombo,26.9,4,85.20833333,21
8/6/2016,6244,4149.191908,3.958888466,47.05217391,null,null,null,null,null,null,79.14285714,26,35.32258065,FALSE,null,Sri Lanka Cricket Tournaments (Intl Matches),TRUE,Colombo,27.4,0.5,82.875,20.8
8/7/2016,6542,4149.191908,3.958888466,47.05217391,null,null,null,null,null,null,80,26,35.38709677,FALSE,null,Sri Lanka Cricket Tournaments (Intl Matches),TRUE,Colombo,27.2,1,83.375,19.9
8/8/2016,5650,4149.191908,3.958888466,47.05217391,145.285,2.242,2.176,188.94,161.516,21.83,79.42857143,26,35.4516129,FALSE,null,Sri Lanka Cricket Tournaments (Intl Matches),TRUE,Colombo,27.1,1.5,85.20833333,18.8
8/9/2016,5947,4149.191908,3.958888466,47.05217391,145.31,2.236,2.175,188.894,161.157,21.87,78.85714286,26,35.51612903,FALSE,null,Sri Lanka Cricket Tournaments (Intl Matches),TRUE,Colombo,27.1,2,84.58333333,20.2
8/10/2016,5947,4149.191908,3.958888466,47.05217391,145.18,2.255,2.172,187.828,161.577,21.88,78.28571429,26,35.58064516,FALSE,null,Sri Lanka Cricket Tournaments (Intl Matches),TRUE,Colombo,27.1,1.6,84.04166667,20.2
8/11/2016,5947,4149.191908,3.958888466,47.05217391,144.985,2.245,2.172,187.836,162.26,21.91,77.71428571,26,35.64516129,FALSE,null,Sri Lanka Cricket Tournaments (Intl Matches),TRUE,Colombo,27,2.8,84.45833333,17.7
8/12/2016,5947,4149.191908,3.958888466,47.05217391,145.35,2.267,2.171,186.973,161.47,21.87,77.14285714,26,35.70967742,FALSE,null,Sri Lanka Cricket Tournaments (Intl Matches),TRUE,Colombo,26.7,7.9,85.125,20.3
8/13/2016,6244,4149.191908,3.958888466,47.05217391,null,null,null,null,null,null,76.57142857,26,35.77419355,FALSE,null,Sri Lanka Cricket Tournaments (Intl Matches),TRUE,Colombo,26.6,7.2,86.125,19.8
8/14/2016,6542,4149.191908,3.958888466,47.05217391,null,null,null,null,null,null,76,26,35.83870968,FALSE,null,Sri Lanka Cricket Tournaments (Intl Matches),TRUE,Colombo,26.7,2.7,86.66666667,19.3
8/15/2016,5650,4149.191908,3.958888466,47.05217391,145.165,2.271,2.168,189.128,162.225,21.88,75.28571429,26,35.90322581,FALSE,null,Sri Lanka Cricket Tournaments (Intl Matches),TRUE,Colombo,26.6,1.9,85.91666667,23.4
8/16/2016,5947,4149.191908,3.958888466,47.05217391,144.97,2.275,2.172,189.489,162.353,21.9,74.57142857,26,35.96774194,FALSE,null,Sri Lanka Cricket Tournaments (Intl Matches),TRUE,Colombo,26.7,4.4,85.54166667,23.4
8/17/2016,5947,4149.191908,3.958888466,47.05217391,145.285,2.282,2.173,191.22,163.512,21.9,73.85714286,26,36.03225806,TRUE,Nikini Full Moon Poya Day,Sri Lanka Cricket Tournaments (Intl Matches),TRUE,Colombo,27,3.2,83.54166667,19.6
8/18/2016,5947,4149.191908,3.958888466,47.05217391,145.215,2.276,2.166,190.13,164.005,21.86,73.14285714,26,36.09677419,FALSE,null,Sri Lanka Cricket Tournaments (Intl Matches),TRUE,Colombo,26.7,2.3,84.41666667,21.3
8/19/2016,5947,4149.191908,3.958888466,47.05217391,145.41,2.241,2.162,190.871,164.877,21.84,72.42857143,26,36.16129032,FALSE,null,Sri Lanka Cricket Tournaments (Intl Matches),TRUE,Colombo,26.9,2.2,81.20833333,25
8/20/2016,6244,4149.191908,3.958888466,47.05217391,null,null,null,null,null,null,71.71428571,26,36.22580645,FALSE,null,Sri Lanka Cricket Tournaments (Intl Matches),TRUE,Colombo,26.7,5.9,83.91666667,22.1
8/21/2016,6542,4149.191908,3.958888466,47.05217391,null,null,null,null,null,null,71,26,36.29032258,FALSE,null,Sri Lanka Cricket Tournaments (Intl Matches),TRUE,Colombo,26.7,2.5,85.625,18
8/22/2016,5650,4149.191908,3.958888466,47.05217391,145.27,2.246,2.162,191.556,164.691,21.86,71.14285714,26,36.35483871,FALSE,null,Sri Lanka Cricket Tournaments (Intl Matches),TRUE,Colombo,26.6,5.5,86.125,19.6
8/23/2016,5947,4149.191908,3.958888466,47.05217391,145.14,2.224,2.16,191.978,164.424,21.79,71.28571429,26,36.41935484,FALSE,null,Sri Lanka Cricket Tournaments (Intl Matches),TRUE,Colombo,26.4,10.6,86.75,20.9
8/24/2016,5947,4149.191908,3.958888466,47.05217391,145.075,2.239,2.163,191.197,164.074,21.77,71.42857143,26,36.48387097,FALSE,null,Sri Lanka Cricket Tournaments (Intl Matches),TRUE,Colombo,26.7,2.3,85.54166667,19.9
8/25/2016,5947,4149.191908,3.958888466,47.05217391,144.945,2.248,2.166,191.037,163.406,21.8,71.57142857,26,36.5483871,FALSE,null,Sri Lanka Cricket Tournaments (Intl Matches),TRUE,Colombo,26.3,7.5,86.83333333,21.7
8/26/2016,5947,4149.191908,3.958888466,47.05217391,145.43,2.248,2.169,190.767,163.541,21.8,71.71428571,26,36.61290323,FALSE,null,Sri Lanka Cricket Tournaments (Intl Matches),TRUE,Colombo,26.1,14.3,87.04166667,19.5
8/27/2016,6244,4149.191908,3.958888466,47.05217391,null,null,null,null,null,null,71.85714286,26,36.67741935,FALSE,null,Sri Lanka Cricket Tournaments (Intl Matches),TRUE,Colombo,26.1,2.9,83.04166667,19.7
8/28/2016,6542,4149.191908,3.958888466,47.05217391,null,null,null,null,null,null,72,26,36.74193548,FALSE,null,Sri Lanka Cricket Tournaments (Intl Matches),TRUE,Colombo,26.3,2.1,85.45833333,18.4
8/29/2016,5650,4149.191908,3.958888466,47.05217391,145.59,2.228,2.169,190.526,162.852,21.8,73.42857143,26,36.80645161,FALSE,null,Sri Lanka Cricket Tournaments (Intl Matches),TRUE,Colombo,26.3,3.9,84.66666667,20.2
8/30/2016,5947,4149.191908,3.958888466,47.05217391,145.64,2.224,2.172,191.126,162.901,21.78,74.85714286,26,36.87096774,FALSE,null,Sri Lanka Cricket Tournaments (Intl Matches),TRUE,Colombo,25.8,15.7,88.83333333,15.9
8/31/2016,5947,4149.191908,3.958888466,47.05217391,145.475,2.203,2.177,192.957,162.287,21.8,76.28571429,26,36.93548387,FALSE,null,Sri Lanka Cricket Tournaments (Intl Matches),TRUE,Colombo,25.8,9.2,88.54166667,15.8
9/1/2016,4842,4149.191908,3.958888466,47.37681818,145.43,2.232,2.179,193.427,162.336,21.78,77.71428571,32,37,FALSE,null,null,FALSE,Colombo,25.8,6.2,87.04166667,19.5
9/2/2016,4842,4149.191908,3.958888466,47.37681818,145.51,2.234,2.186,193.315,162.838,21.76,79.14285714,32,36.93333333,FALSE,null,null,FALSE,Colombo,25.7,6.6,88.66666667,19.1
9/3/2016,5084,4149.191908,3.958888466,47.37681818,null,null,null,null,null,null,80.57142857,32,36.86666667,FALSE,null,null,FALSE,Colombo,25.8,8.3,87.33333333,18.3
9/4/2016,5326,4149.191908,3.958888466,47.37681818,null,null,null,null,null,null,82,32,36.8,FALSE,null,null,FALSE,Colombo,25.9,8.7,88.66666667,15.7
9/5/2016,4600,4149.191908,3.958888466,47.37681818,145.3,2.255,2.193,195.37,162.332,21.78,82.57142857,32,36.73333333,FALSE,null,null,FALSE,Colombo,26.5,2.8,84.91666667,18
9/6/2016,4842,4149.191908,3.958888466,47.37681818,145.37,2.263,2.185,193.765,161.952,21.8,83.14285714,32,36.66666667,FALSE,null,null,FALSE,Colombo,26.4,3.1,85.45833333,17.2
9/7/2016,4842,4149.191908,3.958888466,47.37681818,145.24,2.266,2.179,193.025,163.621,21.78,83.71428571,32,36.6,FALSE,null,null,FALSE,Colombo,26.3,0.8,83.25,17.3
9/8/2016,4842,4149.191908,3.958888466,47.37681818,145.175,2.242,2.171,192.69,163.279,21.75,84.28571429,32,36.53333333,FALSE,null,null,FALSE,Colombo,26,0,79.75,15.3
9/9/2016,4842,4149.191908,3.958888466,47.37681818,145.24,2.247,2.176,193.669,163.481,21.74,84.85714286,32,36.46666667,FALSE,null,null,FALSE,Colombo,26,1.8,82.04166667,19.1
9/10/2016,5084,4149.191908,3.958888466,47.37681818,null,null,null,null,null,null,85.42857143,32,36.4,FALSE,null,null,FALSE,Colombo,26.2,1.4,84.29166667,19.7
9/11/2016,5326,4149.191908,3.958888466,47.37681818,null,null,null,null,null,null,86,32,36.33333333,FALSE,null,null,FALSE,Colombo,26.5,2.7,83.625,20.9
9/12/2016,4600,4149.191908,3.958888466,47.37681818,145.2,2.221,2.164,191.69,163.141,21.75,82.85714286,32,36.26666667,TRUE,Eid al-Adha,null,FALSE,Colombo,26.3,3.1,86,17.8
9/13/2016,4842,4149.191908,3.958888466,47.37681818,145.28,2.232,2.178,192.517,163.118,21.8,79.71428571,32,36.2,FALSE,null,null,FALSE,Colombo,26.4,3.7,84.91666667,19.5
9/14/2016,4842,4149.191908,3.958888466,47.37681818,145.46,2.244,2.174,192.375,163.005,21.78,76.57142857,32,36.13333333,FALSE,null,null,FALSE,Colombo,26.7,5.6,83.875,21
9/15/2016,4842,4149.191908,3.958888466,47.37681818,145.32,2.234,2.171,189.341,163.642,21.82,73.42857143,32,36.06666667,FALSE,null,null,FALSE,Colombo,26.8,5,86.45833333,17.1
9/16/2016,4835,4149.191908,3.958888466,47.37681818,145.63,2.249,2.169,189.26,163.391,21.78,70.28571429,32,36,TRUE,Binara Full Moon Poya Day,null,FALSE,Colombo,26.6,4.3,84.125,20
9/17/2016,5084,4149.191908,3.958888466,47.37681818,null,null,null,null,null,null,67.14285714,32,35.93333333,FALSE,null,null,FALSE,Colombo,26.3,10,86.91666667,15.1
9/18/2016,5326,4149.191908,3.958888466,47.37681818,null,null,null,null,null,null,64,32,35.86666667,FALSE,null,null,FALSE,Colombo,26,11.2,87.125,19.7
9/19/2016,4600,4149.191908,3.958888466,47.37681818,145.255,2.244,2.169,188.671,162.487,21.77,64.14285714,32,35.8,FALSE,null,null,FALSE,Colombo,26.5,2.1,84.125,22.4
9/20/2016,4842,4149.191908,3.958888466,47.37681818,145.26,2.287,2.192,190.559,162.315,21.92,64.28571429,32,35.73333333,FALSE,null,null,FALSE,Colombo,26.6,6,86.29166667,19.5
9/21/2016,4842,4149.191908,3.958888466,47.37681818,146.28,2.295,2.193,191.122,162.023,21.93,64.42857143,32,35.66666667,FALSE,null,null,FALSE,Colombo,26.8,1.2,83.58333333,21.4
9/22/2016,4842,4149.191908,3.958888466,47.37681818,146.14,2.283,2.192,189.712,163.673,21.93,64.57142857,32,35.6,FALSE,null,null,FALSE,Colombo,26.7,2.9,83.16666667,21.7
9/23/2016,4842,4149.191908,3.958888466,47.37681818,146.23,2.288,2.194,189.624,163.786,21.91,64.71428571,32,35.53333333,FALSE,null,null,FALSE,Colombo,26.7,2.7,83.20833333,20.6
9/24/2016,5084,4149.191908,3.958888466,47.37681818,null,null,null,null,null,null,64.85714286,32,35.46666667,FALSE,null,null,FALSE,Colombo,26.7,2.6,84.25,20.9
9/25/2016,5326,4149.191908,3.958888466,47.37681818,null,null,null,null,null,null,65,32,35.4,FALSE,null,null,FALSE,Colombo,26.7,5.9,84.75,20.2
9/26/2016,4600,4149.191908,3.958888466,47.37681818,146.14,2.296,2.202,190.46,164.158,21.93,64.28571429,32,35.33333333,FALSE,null,null,FALSE,Colombo,26.7,4.6,85.16666667,17.9
9/27/2016,4842,4149.191908,3.958888466,47.37681818,146.26,2.322,2.208,190.742,164.466,21.95,63.57142857,32,35.26666667,FALSE,null,null,FALSE,Colombo,26.9,2.1,85.125,18.9
9/28/2016,4842,4149.191908,3.958888466,47.37681818,146.51,2.327,2.192,189.978,164.031,21.97,62.85714286,32,35.2,FALSE,null,null,FALSE,Colombo,26.6,3.2,84.95833333,18.8
9/29/2016,4842,4149.191908,3.958888466,47.37681818,146.48,2.332,2.203,190.249,164.326,21.98,62.14285714,32,35.13333333,FALSE,null,null,FALSE,Colombo,26.1,8.9,87.79166667,18.7
9/30/2016,4842,4149.191908,3.958888466,47.37681818,146.61,2.35,2.201,188.111,164.394,21.96,61.42857143,32,35.06666667,FALSE,null,null,FALSE,Colombo,26.5,5,86.04166667,17.7
10/1/2016,4906,4149.191908,3.958888466,51.41380952,null,null,null,null,null,null,60.71428571,32,35,FALSE,null,null,FALSE,Colombo,26.7,3.2,82.58333333,18.7
10/2/2016,5140,4149.191908,3.958888466,51.41380952,null,null,null,null,null,null,60,32,34.96774194,FALSE,null,null,FALSE,Colombo,26.6,1.2,83.58333333,14.9
10/3/2016,4439,4149.191908,3.958888466,51.41380952,146.475,2.333,2.2,186.472,164.805,21.96,61.28571429,32,34.93548387,FALSE,null,null,FALSE,Colombo,26.4,1.7,84.91666667,16.1
10/4/2016,4673,4149.191908,3.958888466,51.41380952,146.505,2.35,2.2,186.734,164.214,21.95,62.57142857,32,34.90322581,FALSE,null,null,FALSE,Colombo,26.5,0.7,84.875,16.9
10/5/2016,4673,4149.191908,3.958888466,51.41380952,146.475,2.36,2.197,184.865,164.159,21.97,63.85714286,32,34.87096774,FALSE,null,null,FALSE,Colombo,26.9,2,83.20833333,17.7
10/6/2016,4673,4149.191908,3.958888466,51.41380952,146.555,2.358,2.203,182.463,164.132,22,65.14285714,32,34.83870968,FALSE,null,null,FALSE,Colombo,27,1.9,82.95833333,18.7
10/7/2016,4673,4149.191908,3.958888466,51.41380952,146.745,2.37,2.206,181.335,163.416,21.87,66.42857143,32,34.80645161,FALSE,null,null,FALSE,Colombo,26.8,0,77.16666667,17.3
10/8/2016,4906,4149.191908,3.958888466,51.41380952,null,null,null,null,null,null,67.71428571,32,34.77419355,FALSE,null,null,FALSE,Colombo,27,0.8,75.33333333,17.4
10/9/2016,5140,4149.191908,3.958888466,51.41380952,null,null,null,null,null,null,69,32,34.74193548,FALSE,null,null,FALSE,Colombo,26.9,2.8,83.20833333,17.9
10/10/2016,4439,4149.191908,3.958888466,51.41380952,146.675,2.342,2.197,177.965,164.369,21.84,67.85714286,32,34.70967742,FALSE,null,null,FALSE,Colombo,27.3,3,78.83333333,19.8
10/11/2016,4673,4149.191908,3.958888466,51.41380952,146.805,2.326,2.199,179.322,163.367,21.86,66.71428571,32,34.67741935,FALSE,null,null,FALSE,Colombo,27.3,0.4,76.04166667,17.7
10/12/2016,4673,4149.191908,3.958888466,51.41380952,146.895,2.33,2.199,179.965,162.278,21.83,65.57142857,32,34.64516129,FALSE,null,null,FALSE,Colombo,27.3,0.8,77.125,17.3
10/13/2016,4673,4149.191908,3.958888466,51.41380952,146.85,2.334,2.201,178.972,161.709,21.82,64.42857143,32,34.61290323,FALSE,null,null,FALSE,Colombo,27.4,1.6,77.625,16.6
10/14/2016,4673,4149.191908,3.958888466,51.41380952,146.855,2.327,2.2,179.006,162.365,21.81,63.28571429,32,34.58064516,FALSE,null,null,FALSE,Colombo,27.2,2.3,81.58333333,16.7
10/15/2016,4906,4149.191908,3.958888466,51.41380952,null,null,null,null,null,null,62.14285714,32,34.5483871,TRUE,Vap Full Moon Poya Day,null,FALSE,Colombo,26.5,14.2,84.45833333,15.5
10/16/2016,5136,4149.191908,3.958888466,51.41380952,null,null,null,null,null,null,61,32,34.51612903,FALSE,null,null,FALSE,Colombo,26.4,7.3,87.875,12.9
10/17/2016,4439,4149.191908,3.958888466,51.41380952,146.925,2.351,2.203,180.803,161.115,21.81,61.42857143,32,34.48387097,FALSE,null,null,FALSE,Colombo,26.2,6.1,87.625,12.6
10/18/2016,4673,4149.191908,3.958888466,51.41380952,147.03,2.361,2.207,180.755,161.61,21.83,61.85714286,32,34.4516129,FALSE,null,null,FALSE,Colombo,26.7,3.2,84.54166667,15
10/19/2016,4673,4149.191908,3.958888466,51.41380952,147.105,2.355,2.2,180.117,161.447,21.79,62.28571429,32,34.41935484,FALSE,null,null,FALSE,Colombo,26.6,3.7,85.91666667,15.5
10/20/2016,4673,4149.191908,3.958888466,51.41380952,147.01,2.36,2.2,180.163,161.433,21.76,62.71428571,32,34.38709677,FALSE,null,null,FALSE,Colombo,26.9,1.7,81.875,18.8
10/21/2016,4673,4149.191908,3.958888466,51.41380952,147.24,2.365,2.201,180.097,160.682,21.72,63.14285714,32,34.35483871,FALSE,null,null,FALSE,Colombo,26.4,4.8,84.29166667,22.7
10/22/2016,4906,4149.191908,3.958888466,51.41380952,null,null,null,null,null,null,63.57142857,32,34.32258065,FALSE,null,null,FALSE,Colombo,26.5,2.8,82.41666667,16.2
10/23/2016,5140,4149.191908,3.958888466,51.41380952,null,null,null,null,null,null,64,32,34.29032258,FALSE,null,null,FALSE,Colombo,25.9,11.4,86.04166667,14.8
10/24/2016,4439,4149.191908,3.958888466,51.41380952,147.15,2.377,2.209,179.871,160.256,21.76,64.57142857,32,34.25806452,FALSE,null,null,FALSE,Colombo,25.2,24.2,89.04166667,16.6
10/25/2016,4673,4149.191908,3.958888466,51.41380952,147.58,2.345,2.205,180.555,160.121,21.77,65.14285714,32,34.22580645,FALSE,null,null,FALSE,Colombo,26,6.4,85.75,16.6
10/26/2016,4673,4149.191908,3.958888466,51.41380952,147.44,2.356,2.209,179.701,160.685,21.78,65.71428571,32,34.19354839,FALSE,null,null,FALSE,Colombo,26.6,1.4,81.79166667,15.9
10/27/2016,4673,4149.191908,3.958888466,51.41380952,147.75,2.35,2.214,180.168,160.843,21.81,66.28571429,32,34.16129032,FALSE,null,null,FALSE,Colombo,26.3,0.3,85.16666667,14.2
10/28/2016,4673,4149.191908,3.958888466,51.41380952,147.86,2.334,2.217,180.979,161.004,21.81,66.85714286,32,34.12903226,FALSE,null,null,FALSE,Colombo,27.2,0,79,15.4
10/29/2016,4906,4149.191908,3.958888466,51.41380952,null,null,null,null,null,null,67.42857143,32,34.09677419,TRUE,Deepavali Festival Day,null,FALSE,Colombo,26.8,6,85.16666667,15
10/30/2016,5140,4149.191908,3.958888466,51.41380952,null,null,null,null,null,null,68,32,34.06451613,FALSE,null,null,FALSE,Colombo,25.8,8.5,89,14.7
10/31/2016,4439,4149.191908,3.958888466,51.41380952,147.81,2.337,2.218,181.142,162.454,21.87,67.57142857,32,34.03225806,FALSE,null,null,FALSE,Colombo,25.7,13.6,89.54166667,13.1
11/1/2016,6456,4149.191908,3.958888466,46.94227273,147.955,2.334,2.221,182.417,162.31,21.94,67.14285714,24,34,FALSE,null,null,FALSE,Colombo,25.9,10,86,11.4
11/2/2016,6456,4149.191908,3.958888466,46.94227273,148.27,2.331,2.224,184.741,163.572,21.92,66.71428571,24,34.13333333,FALSE,null,null,FALSE,Colombo,25.8,8.7,87.70833333,16.5
11/3/2016,6456,4149.191908,3.958888466,46.94227273,148.255,2.3,2.22,185.594,164.543,21.94,66.28571429,24,34.26666667,FALSE,null,null,FALSE,Colombo,25.2,10.8,90.58333333,10.7
11/4/2016,6456,4149.191908,3.958888466,46.94227273,148.255,2.329,2.221,183.782,164.644,21.87,65.85714286,24,34.4,FALSE,null,null,FALSE,Colombo,25,31.1,91.79166667,11.6
11/5/2016,6778,4149.191908,3.958888466,46.94227273,null,null,null,null,null,null,65.42857143,24,34.53333333,FALSE,null,null,FALSE,Colombo,26,9.6,88.5,10.5
11/6/2016,7101,4149.191908,3.958888466,46.94227273,null,null,null,null,null,null,65,24,34.66666667,FALSE,null,null,FALSE,Colombo,25.7,9.2,90.79166667,12.9
11/7/2016,6133,4149.191908,3.958888466,46.94227273,148.235,2.315,2.232,183,165.171,21.78,65.85714286,24,34.8,FALSE,null,null,FALSE,Colombo,26.7,1.6,84.25,13.7
11/8/2016,6456,4149.191908,3.958888466,46.94227273,147.855,2.314,2.222,183.361,163.659,21.8,66.71428571,24,34.93333333,FALSE,null,null,FALSE,Colombo,25.9,3.7,85.625,10.8
11/9/2016,6456,4149.191908,3.958888466,46.94227273,147.8,2.248,2.208,185.356,163.025,21.7,67.57142857,24,35.06666667,FALSE,null,null,FALSE,Colombo,25.8,1.6,85,10.9
11/10/2016,6456,4149.191908,3.958888466,46.94227273,147.635,2.248,2.186,186.124,161.243,21.68,68.42857143,24,35.2,FALSE,null,null,FALSE,Colombo,26.3,0.4,81.83333333,7.4
11/11/2016,6456,4149.191908,3.958888466,46.94227273,147.7,2.239,2.18,184.575,160.819,21.58,69.28571429,24,35.33333333,FALSE,null,null,FALSE,Colombo,26.6,2,85.33333333,8.4
11/12/2016,6778,4149.191908,3.958888466,46.94227273,null,null,null,null,null,null,70.14285714,24,35.46666667,FALSE,null,null,FALSE,Colombo,26.3,6.6,86.75,6.2
11/13/2016,7101,4149.191908,3.958888466,46.94227273,null,null,null,null,null,null,71,24,35.6,FALSE,null,null,FALSE,Colombo,26,64,89.625,11.4
11/14/2016,6133,4149.191908,3.958888466,46.94227273,147.76,2.304,2.183,184.357,160.344,21.58,70.28571429,24,35.73333333,TRUE,Il Full Moon Poya Day,null,FALSE,Colombo,26.1,28.7,88.95833333,10.5
11/15/2016,6456,4149.191908,3.958888466,46.94227273,148,2.289,2.179,184.373,158.65,21.54,69.57142857,24,35.86666667,FALSE,null,null,FALSE,Colombo,25.9,13.3,88.95833333,9.5
11/16/2016,6452,4149.191908,3.958888466,46.94227273,148.18,2.283,2.179,184.007,158.679,21.55,68.85714286,24,36,FALSE,null,null,FALSE,Colombo,25.9,15.8,87,8.2
11/17/2016,6456,4149.191908,3.958888466,46.94227273,148.195,2.293,2.176,183.183,158.419,21.54,68.14285714,24,36.13333333,FALSE,null,null,FALSE,Colombo,25.7,12.2,89.04166667,6.9
11/18/2016,6456,4149.191908,3.958888466,46.94227273,148.38,2.315,2.173,185.248,157.472,21.51,67.42857143,24,36.26666667,FALSE,null,null,FALSE,Colombo,26.3,8,85.875,10.7
11/19/2016,6778,4149.191908,3.958888466,46.94227273,null,null,null,null,null,null,66.71428571,24,36.4,FALSE,null,null,FALSE,Colombo,25.2,75.6,91.20833333,8.3
11/20/2016,7101,4149.191908,3.958888466,46.94227273,null,null,null,null,null,null,66,24,36.53333333,FALSE,null,null,FALSE,Colombo,25.3,14.2,91.5,8.2
11/21/2016,6133,4149.191908,3.958888466,46.94227273,148.275,2.329,2.17,184.422,157.105,21.54,67.14285714,24,36.66666667,FALSE,null,null,FALSE,Colombo,25.5,26.9,89.95833333,11.2
11/22/2016,6456,4149.191908,3.958888466,46.94227273,148.44,2.304,2.156,184.476,157.609,21.43,68.28571429,24,36.8,FALSE,null,null,FALSE,Colombo,25.8,13.6,90.20833333,12.2
11/23/2016,6456,4149.191908,3.958888466,46.94227273,148.31,2.299,2.157,184.671,157.747,21.43,69.42857143,24,36.93333333,FALSE,null,null,FALSE,Colombo,26.1,9.6,89,9.4
11/24/2016,6456,4149.191908,3.958888466,46.94227273,148.3,2.286,2.167,185.27,156.541,21.46,70.57142857,24,37.06666667,FALSE,null,null,FALSE,Colombo,26.6,0.7,82.625,12
11/25/2016,6456,4149.191908,3.958888466,46.94227273,148.495,2.295,2.168,184.576,156.516,21.52,71.71428571,24,37.2,FALSE,null,null,FALSE,Colombo,27,0,77.625,11.2
11/26/2016,6778,4149.191908,3.958888466,46.94227273,null,null,null,null,null,null,72.85714286,24,37.33333333,FALSE,null,null,FALSE,Colombo,26.4,0,79.25,11.2
11/27/2016,7101,4149.191908,3.958888466,46.94227273,null,null,null,null,null,null,74,24,37.46666667,FALSE,null,null,FALSE,Colombo,26.7,0,78.5,18.8
11/28/2016,6133,4149.191908,3.958888466,46.94227273,148.665,2.291,2.174,186.276,157.212,21.62,75,24,37.6,FALSE,null,null,FALSE,Colombo,25.7,0,79.58333333,13
11/29/2016,6456,4149.191908,3.958888466,46.94227273,149.14,2.324,2.172,186.34,157.8,21.64,76,24,37.73333333,FALSE,null,null,FALSE,Colombo,24.9,0,77.875,13.6
11/30/2016,6456,4149.191908,3.958888466,46.94227273,149,2.319,2.174,186.772,158.819,21.54,77,24,37.86666667,FALSE,null,null,FALSE,Colombo,24.6,0,73.25,21.8
12/1/2016,8424,4149.191908,3.958888466,55.02272727,148.35,2.331,2.19,189.655,157.762,21.64,78,32,38,FALSE,null,null,FALSE,Colombo,24.2,0.6,70.83333333,11.8
12/2/2016,8424,4149.191908,3.958888466,55.02272727,149,2.334,2.189,189.64,158.171,21.64,79,32,38.12903226,FALSE,null,null,FALSE,Colombo,25.7,0.7,80.54166667,12.4
12/3/2016,8845,4149.191908,3.958888466,55.02272727,null,null,null,null,null,null,80,32,38.25806452,FALSE,null,null,FALSE,Colombo,26,0,79.70833333,8.2
12/4/2016,9267,4149.191908,3.958888466,55.02272727,null,null,null,null,null,null,81,32,38.38709677,FALSE,null,null,FALSE,Colombo,26.4,3,82.70833333,9.8
12/5/2016,8003,4149.191908,3.958888466,55.02272727,148.93,2.331,2.198,188.776,159.02,21.64,80.85714286,32,38.51612903,FALSE,null,null,FALSE,Colombo,26.8,0,77.75,11.2
12/6/2016,8424,4149.191908,3.958888466,55.02272727,148.9,2.355,2.208,188.024,160.309,21.65,80.71428571,32,38.64516129,FALSE,null,null,FALSE,Colombo,26.8,0,70.91666667,12
12/7/2016,8424,4149.191908,3.958888466,55.02272727,148.93,2.352,2.205,187.444,159.591,21.65,80.57142857,32,38.77419355,FALSE,null,null,FALSE,Colombo,26.6,0,72.75,9.9
12/8/2016,8424,4149.191908,3.958888466,55.02272727,148.93,2.384,2.207,187.302,160.144,21.56,80.42857143,32,38.90322581,FALSE,null,null,FALSE,Colombo,26.1,2.3,84.54166667,16
12/9/2016,8424,4149.191908,3.958888466,55.02272727,148.93,2.441,2.209,188.784,158.097,21.56,80.28571429,32,39.03225806,FALSE,null,null,FALSE,Colombo,25.5,6.3,88.54166667,17.5
12/10/2016,8845,4149.191908,3.958888466,55.02272727,null,null,null,null,null,null,80.14285714,32,39.16129032,FALSE,null,null,FALSE,Colombo,26,1.1,86.08333333,15.2
12/11/2016,9267,4149.191908,3.958888466,55.02272727,null,null,null,null,null,null,80,32,39.29032258,FALSE,null,null,FALSE,Colombo,26.6,0.9,80.58333333,19.2
12/12/2016,8003,4149.191908,3.958888466,55.02272727,148.93,2.454,2.209,188.516,157.3,21.58,80,32,39.41935484,TRUE,Prophet's Birthday,null,FALSE,Colombo,26.7,0.9,77.125,18.9
12/13/2016,8424,4149.191908,3.958888466,55.02272727,148.93,2.397,2.207,187.123,158.38,21.57,80,32,39.5483871,TRUE,Unduvap Full Moon Poya Day,null,FALSE,Colombo,26,2.9,81.20833333,13.2
12/14/2016,8424,4149.191908,3.958888466,55.02272727,148.93,2.412,2.195,184.957,158.268,21.45,80,32,39.67741935,FALSE,null,null,FALSE,Colombo,26.1,0.6,80.29166667,11
12/15/2016,8424,4149.191908,3.958888466,55.02272727,148.93,2.399,2.195,186.118,156.92,21.4,80,32,39.80645161,FALSE,null,null,FALSE,Colombo,25.7,0,76.66666667,9.4
12/16/2016,8427,4149.191908,3.958888466,55.02272727,148.93,2.405,2.195,184.673,155.096,21.42,80,32,39.93548387,FALSE,null,null,FALSE,Colombo,26,3.6,81,7
12/17/2016,8845,4149.191908,3.958888466,55.02272727,null,null,null,null,null,null,80,32,40.06451613,FALSE,null,null,FALSE,Colombo,26.9,0.6,77.08333333,11.2
12/18/2016,9267,4149.191908,3.958888466,55.02272727,null,null,null,null,null,null,80,32,40.19354839,FALSE,null,null,FALSE,Colombo,27.1,0.2,71.125,13
12/19/2016,8003,4149.191908,3.958888466,55.02272727,148.93,2.423,2.193,184.137,155.647,21.43,82.57142857,32,40.32258065,FALSE,null,null,FALSE,Colombo,25.6,0.2,76.20833333,17
12/20/2016,8424,4149.191908,3.958888466,55.02272727,148.93,2.433,2.196,183.989,154.924,21.45,85.14285714,32,40.4516129,FALSE,null,null,FALSE,Colombo,26.4,8.1,83.625,8.9
12/21/2016,8424,4149.191908,3.958888466,55.02272727,148.93,2.463,2.214,184.484,154.709,21.61,87.71428571,32,40.58064516,FALSE,null,null,FALSE,Colombo,26.2,1.9,84.58333333,7.9
12/22/2016,8424,4149.191908,3.958888466,55.02272727,150.2,2.451,2.208,184.081,155.252,21.56,90.28571429,32,40.70967742,FALSE,null,null,FALSE,Colombo,27,0.1,77.66666667,9.4
12/23/2016,8424,4149.191908,3.958888466,55.02272727,149.75,2.456,2.21,184.021,156.749,21.55,92.85714286,32,40.83870968,FALSE,null,null,FALSE,Colombo,25.9,0,72.54166667,17.1
12/24/2016,8845,4149.191908,3.958888466,55.02272727,null,null,null,null,null,null,95.42857143,32,40.96774194,FALSE,null,null,FALSE,Colombo,24.6,0,65.83333333,10.7
12/25/2016,9267,4149.191908,3.958888466,55.02272727,null,null,null,null,null,null,98,32,41.09677419,TRUE,Christmas Day,null,FALSE,Colombo,24.7,0,68.875,12.4
12/26/2016,8003,4149.191908,3.958888466,55.02272727,149.75,2.458,2.191,182.752,156.586,21.42,96.71428571,32,41.22580645,FALSE,null,null,FALSE,Colombo,26.1,0,69.875,12.7
12/27/2016,8424,4149.191908,3.958888466,55.02272727,148.93,2.461,2.183,182.075,156.578,21.4,95.42857143,32,41.35483871,FALSE,null,null,FALSE,Colombo,26.7,7.2,80.70833333,14
12/28/2016,8424,4149.191908,3.958888466,55.02272727,148.93,2.482,2.205,183.7,155.736,21.54,94.14285714,32,41.48387097,FALSE,null,null,FALSE,Colombo,26.2,24.5,86.79166667,9.9
12/29/2016,8424,4149.191908,3.958888466,55.02272727,149.8,2.445,2.204,184.831,155.081,21.57,92.85714286,32,41.61290323,FALSE,null,null,FALSE,Colombo,26.4,3,83.375,8.7
12/30/2016,8424,4149.191908,3.958888466,55.02272727,149.8,2.445,2.198,183.825,157.162,21.56,91.57142857,32,41.74193548,FALSE,null,null,FALSE,Colombo,26.9,0,74,10.5
12/31/2016,8845,4149.191908,3.958888466,55.02272727,null,null,null,null,null,null,90.28571429,32,41.87096774,FALSE,null,null,FALSE,Colombo,26.9,0,70.58333333,13.4
1/1/2017,6375,4398.888281,7.704137679,55.71090909,null,null,null,null,null,null,89,31,42,FALSE,null,null,FALSE,Colombo,26.6,4.7,78.45833333,16.6
1/2/2017,5506,4398.888281,7.704137679,55.71090909,149.75,2.46,2.196,183.463,157.53,21.53,89,31,41.90322581,FALSE,null,null,FALSE,Colombo,26.3,6.9,77.91666667,24.6
1/3/2017,5796,4398.888281,7.704137679,55.71090909,149.9,2.483,2.208,184.719,156.631,21.62,89,31,41.80645161,FALSE,null,null,FALSE,Colombo,26.6,0.5,76,22.7
1/4/2017,5796,4398.888281,7.704137679,55.71090909,149.91,2.525,2.212,186.105,155.986,21.75,89,31,41.70967742,FALSE,null,null,FALSE,Colombo,25.4,0,76.83333333,22.1
1/5/2017,5796,4398.888281,7.704137679,55.71090909,149.855,2.514,2.201,184.231,157.241,21.67,89,31,41.61290323,FALSE,null,null,FALSE,Colombo,24.4,0,68.95833333,23.5
1/6/2017,5796,4398.888281,7.704137679,55.71090909,149.94,2.492,2.201,182.279,158.952,21.6,89,31,41.51612903,FALSE,null,null,FALSE,Colombo,24.7,0,71.54166667,18.6
1/7/2017,6085,4398.888281,7.704137679,55.71090909,null,null,null,null,null,null,89,31,41.41935484,FALSE,null,null,FALSE,Colombo,24.9,0,68.33333333,23.2
1/8/2017,6375,4398.888281,7.704137679,55.71090909,null,null,null,null,null,null,89,31,41.32258065,FALSE,null,null,FALSE,Colombo,24.9,0,59.5,19.8
1/9/2017,5506,4398.888281,7.704137679,55.71090909,149.87,2.492,2.193,182.479,157.932,21.65,88.71428571,31,41.22580645,FALSE,null,null,FALSE,Colombo,24.2,0,69.54166667,19.1
1/10/2017,5796,4398.888281,7.704137679,55.71090909,149.855,2.512,2.197,183.254,158.472,21.63,88.42857143,31,41.12903226,FALSE,null,null,FALSE,Colombo,23.9,0,76.79166667,18.5
1/11/2017,5796,4398.888281,7.704137679,55.71090909,150.06,2.527,2.202,182.473,158.172,21.77,88.14285714,31,41.03225806,FALSE,null,null,FALSE,Colombo,25,0,73.70833333,18.2
1/12/2017,5796,4398.888281,7.704137679,55.71090909,150.06,2.518,2.201,182.751,158.801,21.75,87.85714286,31,40.93548387,TRUE,Duruthu Full Moon Poya Day,null,FALSE,Colombo,24.7,0,79.79166667,16.9
1/13/2017,5796,4398.888281,7.704137679,55.71090909,150.06,2.506,2.202,180.698,159.251,21.73,87.57142857,31,40.83870968,FALSE,null,null,FALSE,Colombo,24.9,0,75.625,18.4
1/14/2017,6085,4398.888281,7.704137679,55.71090909,null,null,null,null,null,null,87.28571429,31,40.74193548,TRUE,Tamil Thai Pongal Day,null,FALSE,Colombo,24.7,0,73.375,16
1/15/2017,6375,4398.888281,7.704137679,55.71090909,null,null,null,null,null,null,87,31,40.64516129,FALSE,null,null,FALSE,Colombo,26,0.1,71.79166667,18
1/16/2017,5504,4398.888281,7.704137679,55.71090909,149.975,2.522,2.208,186.022,159.724,21.86,87.14285714,31,40.5483871,FALSE,null,null,FALSE,Colombo,27,0,64,28.8
1/17/2017,5796,4398.888281,7.704137679,55.71090909,149.855,2.523,2.2,184.02,159.018,21.95,87.28571429,31,40.4516129,FALSE,null,null,FALSE,Colombo,25.8,0,61.45833333,28.3
1/18/2017,5796,4398.888281,7.704137679,55.71090909,150.11,2.508,2.205,185.309,160.548,21.85,87.42857143,31,40.35483871,FALSE,null,null,FALSE,Colombo,26,0,59.20833333,22.5
1/19/2017,5796,4398.888281,7.704137679,55.71090909,150.145,2.517,2.206,185.811,159.575,21.84,87.57142857,31,40.25806452,FALSE,null,null,FALSE,Colombo,26.3,0.2,68.83333333,26.2
1/20/2017,5796,4398.888281,7.704137679,55.71090909,150.15,2.523,2.207,188.265,160.115,21.91,87.71428571,31,40.16129032,FALSE,null,null,FALSE,Colombo,26.5,3.7,72.66666667,23.5
1/21/2017,6085,4398.888281,7.704137679,55.71090909,null,null,null,null,null,null,87.85714286,31,40.06451613,FALSE,null,null,FALSE,Colombo,26.2,0.3,84.54166667,17.8
1/22/2017,6375,4398.888281,7.704137679,55.71090909,null,null,null,null,null,null,88,31,39.96774194,FALSE,null,null,FALSE,Colombo,25.9,3.3,85.33333333,14.9
1/23/2017,5506,4398.888281,7.704137679,55.71090909,150.185,2.536,2.204,188.058,160.706,21.9,88,31,39.87096774,FALSE,null,null,FALSE,Colombo,25.9,1.7,79.54166667,23.3
1/24/2017,5796,4398.888281,7.704137679,55.71090909,150.2,2.524,2.211,189.909,161.674,21.84,88,31,39.77419355,FALSE,null,null,FALSE,Colombo,25.9,10.7,79.75,21.7
1/25/2017,5796,4398.888281,7.704137679,55.71090909,150.31,2.49,2.205,189.293,161.179,21.84,88,31,39.67741935,FALSE,null,null,FALSE,Colombo,25.4,5.3,87.75,10.8
1/26/2017,5796,4398.888281,7.704137679,55.71090909,150.31,2.511,2.207,188.677,161.553,21.84,88,31,39.58064516,FALSE,null,null,FALSE,Colombo,26.2,2.2,83.79166667,13.4
1/27/2017,5796,4398.888281,7.704137679,55.71090909,150.28,2.507,2.216,187.64,160.577,21.84,88,31,39.48387097,FALSE,null,null,FALSE,Colombo,25.1,18.2,90.58333333,15.6
1/28/2017,6085,4398.888281,7.704137679,55.71090909,null,null,null,null,null,null,88,31,39.38709677,FALSE,null,null,FALSE,Colombo,25.5,8,88.45833333,10.1
1/29/2017,6375,4398.888281,7.704137679,55.71090909,null,null,null,null,null,null,88,31,39.29032258,FALSE,null,null,FALSE,Colombo,26.2,5.7,87.45833333,12
1/30/2017,5506,4398.888281,7.704137679,55.71090909,150.28,2.5,2.228,189.232,160.785,21.86,87.71428571,31,39.19354839,FALSE,null,null,FALSE,Colombo,25.5,24.4,89.375,9.8
1/31/2017,5796,4398.888281,7.704137679,55.71090909,150.435,2.504,2.234,190.615,160.717,21.88,87.42857143,31,39.09677419,FALSE,null,null,FALSE,Colombo,25.5,0.8,87.25,13.8
2/1/2017,6062,4398.888281,7.704137679,56.096,150.6,2.534,2.239,188.547,162.44,21.87,87.14285714,29,39,FALSE,null,null,FALSE,Colombo,24.8,0,84.375,15.5
2/2/2017,6062,4398.888281,7.704137679,56.096,150.5,2.549,2.239,187.875,162.181,21.9,86.85714286,29,39.14285714,FALSE,null,null,FALSE,Colombo,25.3,0.1,73.125,22.3
2/3/2017,6062,4398.888281,7.704137679,56.096,150.45,2.555,2.241,187.76,161.916,21.94,86.57142857,29,39.28571429,FALSE,null,null,FALSE,Colombo,25.4,0,63.91666667,22.3
2/4/2017,6365,4398.888281,7.704137679,56.096,null,null,null,null,null,null,86.28571429,29,39.42857143,TRUE,Independence Day,null,FALSE,Colombo,25,0,69.125,20.3
2/5/2017,6668,4398.888281,7.704137679,56.096,null,null,null,null,null,null,86,29,39.57142857,FALSE,null,null,FALSE,Colombo,24.9,0,72.70833333,15.9
2/6/2017,5758,4398.888281,7.704137679,56.096,150.575,2.532,2.237,188.45,162.245,21.88,86.57142857,29,39.71428571,FALSE,null,null,FALSE,Colombo,25,0,78.33333333,14.5
2/7/2017,6062,4398.888281,7.704137679,56.096,150.645,2.544,2.248,188.972,161.868,21.93,87.14285714,29,39.85714286,FALSE,null,null,FALSE,Colombo,24.2,0,75.04166667,14
2/8/2017,6062,4398.888281,7.704137679,56.096,150.695,2.557,2.257,188.341,160.934,21.94,87.71428571,29,40,FALSE,null,null,FALSE,Colombo,24.3,0,79.625,15.2
2/9/2017,6062,4398.888281,7.704137679,56.096,150.715,2.585,2.254,188.197,161.228,21.9,88.28571429,29,40.14285714,FALSE,null,null,FALSE,Colombo,25.2,0,77.125,17
2/10/2017,6062,4398.888281,7.704137679,56.096,150.66,2.597,2.248,188.581,160.602,21.88,88.85714286,29,40.28571429,TRUE,Nawam Full Moon Poya Day,null,FALSE,Colombo,25.1,0,76.91666667,14.2
2/11/2017,6365,4398.888281,7.704137679,56.096,null,null,null,null,null,null,89.42857143,29,40.42857143,FALSE,null,null,FALSE,Colombo,26.1,0,74.125,17.7
2/12/2017,6668,4398.888281,7.704137679,56.096,null,null,null,null,null,null,90,29,40.57142857,FALSE,null,null,FALSE,Colombo,26.3,0,67.75,20.3
2/13/2017,5758,4398.888281,7.704137679,56.096,150.575,2.638,2.253,187.729,160.317,21.92,89.57142857,29,40.71428571,FALSE,null,null,FALSE,Colombo,26.4,0,69.75,24.1
2/14/2017,6062,4398.888281,7.704137679,56.096,150.55,2.634,2.252,187.64,159.579,21.92,89.14285714,29,40.85714286,FALSE,null,null,FALSE,Colombo,26.6,5.4,79.625,13.3
2/15/2017,6054,4398.888281,7.704137679,56.096,150.6,2.615,2.247,188.194,159.244,21.99,88.71428571,29,41,FALSE,null,null,FALSE,Colombo,27.3,1.2,72.70833333,20.2
2/16/2017,6062,4398.888281,7.704137679,56.096,150.7,2.584,2.252,187.509,159.651,22,88.28571429,29,41.14285714,FALSE,null,null,FALSE,Colombo,28.4,0,59.91666667,22.9
2/17/2017,6062,4398.888281,7.704137679,56.096,151.04,2.607,2.259,188.323,160.85,21.97,87.85714286,29,41.28571429,FALSE,null,null,FALSE,Colombo,28.3,0,59.5,19.3
2/18/2017,6365,4398.888281,7.704137679,56.096,null,null,null,null,null,null,87.42857143,29,41.42857143,FALSE,null,null,FALSE,Colombo,27.4,0.7,67.54166667,16.6
2/19/2017,6668,4398.888281,7.704137679,56.096,null,null,null,null,null,null,87,29,41.57142857,FALSE,null,null,FALSE,Colombo,26.2,16.8,80.875,13.4
2/20/2017,5758,4398.888281,7.704137679,56.096,151.13,2.629,2.255,188.377,160.314,21.94,86.28571429,29,41.71428571,FALSE,null,null,FALSE,Colombo,25.6,3.4,86.5,12.4
2/21/2017,6062,4398.888281,7.704137679,56.096,151.04,2.627,2.277,189.797,160.402,22.16,85.57142857,29,41.85714286,FALSE,null,null,FALSE,Colombo,25.8,0.1,82.70833333,16.3
2/22/2017,6062,4398.888281,7.704137679,56.096,152.435,2.639,2.286,191.382,159.15,22.2,84.85714286,29,42,FALSE,null,null,FALSE,Colombo,25.7,0,82.91666667,16.3
2/23/2017,6062,4398.888281,7.704137679,56.096,152.435,2.606,2.287,190.049,160.911,22.19,84.14285714,29,42.14285714,FALSE,null,null,FALSE,Colombo,26.4,2.4,82.25,13.9
2/24/2017,6062,4398.888281,7.704137679,56.096,152.435,2.615,2.279,189.088,161.306,22.12,83.42857143,29,42.28571429,TRUE,Maha Sivarathri Day,null,FALSE,Colombo,26.2,2.7,84.125,13.5
2/25/2017,6365,4398.888281,7.704137679,56.096,null,null,null,null,null,null,82.71428571,29,42.42857143,FALSE,null,null,FALSE,Colombo,26.2,0.3,83.375,13.7
2/26/2017,6668,4398.888281,7.704137679,56.096,null,null,null,null,null,null,82,29,42.57142857,FALSE,null,null,FALSE,Colombo,25.7,1.2,85,9.4
2/27/2017,5758,4398.888281,7.704137679,56.096,151.975,2.611,2.285,188.729,161.018,22.2,81.42857143,29,42.71428571,FALSE,null,null,FALSE,Colombo,26.9,0.8,74.45833333,15.1
2/28/2017,6062,4398.888281,7.704137679,56.096,152.44,2.615,2.28,187.419,160.896,22.15,80.85714286,29,42.85714286,FALSE,null,null,FALSE,Colombo,26.4,7.9,80.95833333,16.9
3/1/2017,5805,4398.888281,7.704137679,52.65521739,152.435,2.593,2.283,186.977,161.236,22.12,80.28571429,31,43,FALSE,null,null,FALSE,Colombo,26.1,12.3,82.625,13.9
3/2/2017,5805,4398.888281,7.704137679,52.65521739,152.435,2.617,2.283,187.42,160.781,22.1,79.71428571,31,42.90322581,FALSE,null,null,FALSE,Colombo,26.4,1.2,83.125,11
3/3/2017,5805,4398.888281,7.704137679,52.65521739,152.435,2.616,2.285,186.448,160.156,22.09,79.14285714,31,42.80645161,FALSE,null,null,FALSE,Colombo,26.3,3.5,85.70833333,12.4
3/4/2017,6095,4398.888281,7.704137679,52.65521739,null,null,null,null,null,null,78.57142857,31,42.70967742,FALSE,null,null,FALSE,Colombo,25.9,11.2,88.29166667,19.1
3/5/2017,6385,4398.888281,7.704137679,52.65521739,null,null,null,null,null,null,78,31,42.61290323,FALSE,null,null,FALSE,Colombo,26.9,0,83.91666667,13.5
3/6/2017,5515,4398.888281,7.704137679,52.65521739,152.37,2.603,2.273,184.721,161.932,21.94,78.57142857,31,42.51612903,FALSE,null,null,FALSE,Colombo,27.2,0.7,83.45833333,16.6
3/7/2017,5805,4398.888281,7.704137679,52.65521739,151.41,2.568,2.266,184.12,161.231,21.88,79.14285714,31,42.41935484,FALSE,null,null,FALSE,Colombo,27.4,0.8,82.16666667,15.4
3/8/2017,5805,4398.888281,7.704137679,52.65521739,151.29,2.556,2.271,184.292,159.988,21.92,79.71428571,31,42.32258065,FALSE,null,null,FALSE,Colombo,27.1,6.8,82.79166667,10.9
3/9/2017,5805,4398.888281,7.704137679,52.65521739,151.475,2.57,2.276,184.35,159.475,21.92,80.28571429,31,42.22580645,FALSE,null,null,FALSE,Colombo,27,3.9,84.83333333,9.6
3/10/2017,5805,4398.888281,7.704137679,52.65521739,151.46,2.575,2.289,185.112,160.215,21.91,80.85714286,31,42.12903226,FALSE,null,null,FALSE,Colombo,26.7,3.5,85.70833333,13.3
3/11/2017,6095,4398.888281,7.704137679,52.65521739,null,null,null,null,null,null,81.42857143,31,42.03225806,FALSE,null,null,FALSE,Colombo,26.1,2.2,86.83333333,17.7
3/12/2017,6385,4398.888281,7.704137679,52.65521739,null,null,null,null,null,null,82,31,41.93548387,TRUE,Medin Full Moon Poya Day,null,FALSE,Colombo,26.4,17.2,86.375,15.5
3/13/2017,5515,4398.888281,7.704137679,52.65521739,151.495,2.564,2.309,184.558,161.638,21.96,81.28571429,31,41.83870968,FALSE,null,null,FALSE,Colombo,26.5,11.2,86.375,11.5
3/14/2017,5805,4398.888281,7.704137679,52.65521739,151.85,2.602,2.317,186.882,161.395,21.99,80.57142857,31,41.74193548,FALSE,null,null,FALSE,Colombo,26.4,12.3,85.25,11.2
3/15/2017,5805,4398.888281,7.704137679,52.65521739,152.035,2.63,2.326,187.996,161.022,22.05,79.85714286,31,41.64516129,FALSE,null,null,FALSE,Colombo,26,26.6,86.625,13.9
3/16/2017,5805,4398.888281,7.704137679,52.65521739,152.1,2.664,2.326,188.792,163.202,22.07,79.14285714,31,41.5483871,FALSE,null,null,FALSE,Colombo,26,7.3,86.29166667,10.8
3/17/2017,5805,4398.888281,7.704137679,52.65521739,152.325,2.65,2.327,187.873,163.751,22.01,78.42857143,31,41.4516129,FALSE,null,null,FALSE,Colombo,26.4,0,84.95833333,13.5
3/18/2017,6095,4398.888281,7.704137679,52.65521739,null,null,null,null,null,null,77.71428571,31,41.35483871,FALSE,null,null,FALSE,Colombo,26.7,2.1,85.95833333,13.8
3/19/2017,6385,4398.888281,7.704137679,52.65521739,null,null,null,null,null,null,77,31,41.25806452,FALSE,null,null,FALSE,Colombo,26.8,1.8,85,12
3/20/2017,5515,4398.888281,7.704137679,52.65521739,152.025,2.629,2.322,189.361,163.567,22.03,76.42857143,31,41.16129032,FALSE,null,null,FALSE,Colombo,27,4.3,83.04166667,16.5
3/21/2017,5805,4398.888281,7.704137679,52.65521739,151.75,2.629,2.318,189.451,163.26,22.05,75.85714286,31,41.06451613,FALSE,null,null,FALSE,Colombo,27.2,0.9,84.20833333,13
3/22/2017,5805,4398.888281,7.704137679,52.65521739,151.755,2.645,2.321,190.181,164.057,22.06,75.28571429,31,40.96774194,FALSE,null,null,FALSE,Colombo,27.1,0.5,83.125,18.6
3/23/2017,5805,4398.888281,7.704137679,52.65521739,151.895,2.665,2.319,189.248,163.85,22.04,74.71428571,31,40.87096774,FALSE,null,null,FALSE,Colombo,26.5,1.1,83,17.7
3/24/2017,5805,4398.888281,7.704137679,52.65521739,151.75,2.668,2.337,190.753,163.788,22.1,74.14285714,31,40.77419355,FALSE,null,null,FALSE,Colombo,26.6,0.1,80.66666667,16.5
3/25/2017,6095,4398.888281,7.704137679,52.65521739,null,null,null,null,null,null,73.57142857,31,40.67741935,FALSE,null,null,FALSE,Colombo,26.9,1.7,79.75,15.3
3/26/2017,6385,4398.888281,7.704137679,52.65521739,null,null,null,null,null,null,73,31,40.58064516,FALSE,null,null,FALSE,Colombo,26.6,0,76.45833333,15.6
3/27/2017,5515,4398.888281,7.704137679,52.65521739,151.885,2.664,2.336,189.203,163.875,22.09,74.57142857,31,40.48387097,FALSE,null,null,FALSE,Colombo,27,1.1,78.5,11.2
3/28/2017,5805,4398.888281,7.704137679,52.65521739,151.97,2.687,2.345,189.128,165.016,22.08,76.14285714,31,40.38709677,FALSE,null,null,FALSE,Colombo,27.1,1.7,79,11.4
3/29/2017,5805,4398.888281,7.704137679,52.65521739,152.105,2.712,2.345,189.694,164.325,22.08,77.71428571,31,40.29032258,FALSE,null,null,FALSE,Colombo,26.7,4.4,83.66666667,11.6
3/30/2017,5805,4398.888281,7.704137679,52.65521739,152.12,2.704,2.346,190.998,163.772,22.09,79.28571429,31,40.19354839,FALSE,null,null,FALSE,Colombo,27.2,1.7,83.41666667,11.9
3/31/2017,5805,4398.888281,7.704137679,52.65521739,152.135,2.71,2.338,189.734,162.388,22.06,80.85714286,31,40.09677419,FALSE,null,null,FALSE,Colombo,27.5,2,84.20833333,11.6
4/1/2017,5569,4398.888281,7.704137679,53.978,null,null,null,null,null,null,82.42857143,37,40,FALSE,null,Trincomalee Hindu Festivals,TRUE,Colombo,27.9,1.7,81.04166667,12
4/2/2017,5834,4398.888281,7.704137679,53.978,null,null,null,null,null,null,84,37,40,FALSE,null,Trincomalee Hindu Festivals,TRUE,Colombo,27.4,3.4,83.04166667,15.8
4/3/2017,5038,4398.888281,7.704137679,53.978,151.945,2.708,2.333,188.909,162.07,22.05,86.28571429,37,40,FALSE,null,Trincomalee Hindu Festivals,TRUE,Colombo,27.2,1.2,85.83333333,12.4
4/4/2017,5303,4398.888281,7.704137679,53.978,151.85,2.694,2.34,189.461,162.102,22.01,88.57142857,37,40,FALSE,null,Trincomalee Hindu Festivals,TRUE,Colombo,26.8,14,87.54166667,12.8
4/5/2017,5303,4398.888281,7.704137679,53.978,151.775,2.691,2.349,189.224,162.077,22,90.85714286,37,40,FALSE,null,Trincomalee Hindu Festivals,TRUE,Colombo,27.3,1.3,84.41666667,17.2
4/6/2017,5303,4398.888281,7.704137679,53.978,151.75,2.65,2.361,187.75,161.845,21.99,93.14285714,37,40,FALSE,null,Trincomalee Hindu Festivals,TRUE,Colombo,27.3,12,84.91666667,14.7
4/7/2017,5303,4398.888281,7.704137679,53.978,151.735,2.649,2.348,188.311,161.53,21.97,95.42857143,37,40,FALSE,null,Trincomalee Hindu Festivals,TRUE,Colombo,27.5,3.9,83.70833333,15.5
4/8/2017,5569,4398.888281,7.704137679,53.978,null,null,null,null,null,null,97.71428571,37,40,FALSE,null,Trincomalee Hindu Festivals,TRUE,Colombo,27.7,6.6,82.5,16.3
4/9/2017,5834,4398.888281,7.704137679,53.978,null,null,null,null,null,null,100,37,40,FALSE,null,Trincomalee Hindu Festivals,TRUE,Colombo,27.7,1.6,82.375,14.7
4/10/2017,5038,4398.888281,7.704137679,53.978,151.68,2.676,2.359,190.202,160.688,22.09,97.42857143,37,40,TRUE,Bak Full Moon Poya Day,Trincomalee Hindu Festivals,TRUE,Colombo,27.8,1.2,80.58333333,14.8
4/11/2017,5303,4398.888281,7.704137679,53.978,152.265,2.688,2.352,190.828,160.727,22.08,94.85714286,37,40,FALSE,null,Trincomalee Hindu Festivals,TRUE,Colombo,27.2,16.8,86.58333333,14.9
4/12/2017,5303,4398.888281,7.704137679,53.978,152.175,2.703,2.361,190.196,161.439,22.08,92.28571429,37,40,FALSE,null,Trincomalee Hindu Festivals,TRUE,Colombo,26.7,14.3,88.83333333,10.9
4/13/2017,5303,4398.888281,7.704137679,53.978,152.12,2.699,2.358,190.434,162.31,22.08,89.71428571,37,40,TRUE,Day Before Sinhala and Tamil New Year,Trincomalee Hindu Festivals,TRUE,Colombo,26.5,19.1,89.04166667,11
4/14/2017,5303,4398.888281,7.704137679,53.978,152.055,2.717,2.356,190.849,161.46,22.07,87.14285714,37,40,TRUE,Good Friday; Sinhala and Tamil New Year,Trincomalee Hindu Festivals,TRUE,Colombo,27.4,5.2,87.25,15.1
4/15/2017,5569,4398.888281,7.704137679,53.978,null,null,null,null,null,null,84.57142857,37,40,FALSE,null,Trincomalee Hindu Festivals,TRUE,Colombo,28.8,3.8,78.58333333,19.9
4/16/2017,5840,4398.888281,7.704137679,53.978,null,null,null,null,null,null,82,37,40,FALSE,null,Trincomalee Hindu Festivals,TRUE,Colombo,29,1.8,78.75,17.6
4/17/2017,5038,4398.888281,7.704137679,53.978,151.895,2.702,2.353,195.118,161.353,22.08,80.85714286,37,40,FALSE,null,Trincomalee Hindu Festivals,TRUE,Colombo,28.8,1.8,82.375,17.3
4/18/2017,5303,4398.888281,7.704137679,53.978,151.985,2.692,2.355,194.567,161.669,22.1,79.71428571,37,40,FALSE,null,Trincomalee Hindu Festivals,TRUE,Colombo,29.2,0.1,76.375,16.5
4/19/2017,5303,4398.888281,7.704137679,53.978,152.255,2.71,2.356,195.106,163.095,22.12,78.57142857,37,40,FALSE,null,Trincomalee Hindu Festivals,TRUE,Colombo,28.8,0,76.83333333,16.7
4/20/2017,5303,4398.888281,7.704137679,53.978,152.26,2.7,2.358,195.334,163.08,22.14,77.42857143,37,40,FALSE,null,Trincomalee Hindu Festivals,TRUE,Colombo,28.6,0.7,77.95833333,15.8
4/21/2017,5303,4398.888281,7.704137679,53.978,152.45,2.731,2.361,194.834,163.185,22.12,76.28571429,37,40,FALSE,null,Trincomalee Hindu Festivals,TRUE,Colombo,28.6,2.2,78.54166667,18.5
4/22/2017,5569,4398.888281,7.704137679,53.978,null,null,null,null,null,null,75.14285714,37,40,FALSE,null,Trincomalee Hindu Festivals,TRUE,Colombo,28.7,2.6,78.83333333,19.7
4/23/2017,5834,4398.888281,7.704137679,53.978,null,null,null,null,null,null,74,37,40,FALSE,null,Trincomalee Hindu Festivals,TRUE,Colombo,29.1,4,77.70833333,18.8
4/24/2017,5038,4398.888281,7.704137679,53.978,152.285,2.706,2.362,195.087,163.548,22.07,74.42857143,37,40,FALSE,null,Trincomalee Hindu Festivals,TRUE,Colombo,28.4,5,81.08333333,15.4
4/25/2017,5303,4398.888281,7.704137679,53.978,151.925,2.664,2.373,195.501,165.496,22.08,74.85714286,37,40,FALSE,null,Trincomalee Hindu Festivals,TRUE,Colombo,28,3.3,83.625,15.1
4/26/2017,5303,4398.888281,7.704137679,53.978,152.2,2.672,2.376,196.567,165.994,22.08,75.28571429,37,40,FALSE,null,Trincomalee Hindu Festivals,TRUE,Colombo,28.6,2.4,80.04166667,15.9
4/27/2017,5303,4398.888281,7.704137679,53.978,152.33,2.676,2.371,197.411,165.952,22.11,75.71428571,37,40,FALSE,null,Trincomalee Hindu Festivals,TRUE,Colombo,28.6,1.1,76.83333333,16.3
4/28/2017,5303,4398.888281,7.704137679,53.978,152.435,2.675,2.372,196.428,165.629,22.17,76.14285714,37,40,FALSE,null,Trincomalee Hindu Festivals,TRUE,Colombo,28.4,3.1,80.875,16.4
4/29/2017,5569,4398.888281,7.704137679,53.978,null,null,null,null,null,null,76.57142857,37,40,FALSE,null,Trincomalee Hindu Festivals,TRUE,Colombo,28.5,2.9,81.29166667,15.2
4/30/2017,5834,4398.888281,7.704137679,53.978,null,null,null,null,null,null,77,37,40,FALSE,null,Trincomalee Hindu Festivals,TRUE,Colombo,28.3,2.8,79.75,17.7
5/1/2017,3682,4398.888281,7.704137679,51.37434783,152.435,2.665,2.369,196.659,166.109,22.04,77.42857143,25,40,TRUE,International Workers' Day,null,FALSE,Colombo,28,2.3,77.04166667,17.4
5/2/2017,3876,4398.888281,7.704137679,51.37434783,151.995,2.656,2.374,196.036,166.139,22.08,77.85714286,25,39.90322581,FALSE,null,null,FALSE,Colombo,28,0.8,78.20833333,12.8
5/3/2017,3876,4398.888281,7.704137679,51.37434783,152.355,2.612,2.375,197.076,166.131,22.11,78.28571429,25,39.80645161,FALSE,null,null,FALSE,Colombo,27.8,0.9,79.5,14.1
5/4/2017,3876,4398.888281,7.704137679,51.37434783,152.5,2.632,2.371,197.961,165.846,22.09,78.71428571,25,39.70967742,FALSE,null,null,FALSE,Colombo,28.3,1.1,77.66666667,11.3
5/5/2017,3876,4398.888281,7.704137679,51.37434783,152.5,2.616,2.37,197.374,167.513,22.09,79.14285714,25,39.61290323,FALSE,null,null,FALSE,Colombo,28.5,1.4,77.54166667,15
5/6/2017,4070,4398.888281,7.704137679,51.37434783,null,null,null,null,null,null,79.57142857,25,39.51612903,FALSE,null,null,FALSE,Colombo,28.1,0.4,78.33333333,13.3
5/7/2017,4264,4398.888281,7.704137679,51.37434783,null,null,null,null,null,null,80,25,39.41935484,FALSE,null,null,FALSE,Colombo,27.8,7.3,81.54166667,15.3
5/8/2017,3682,4398.888281,7.704137679,51.37434783,152.53,2.612,2.359,197.369,167.712,22.09,77.57142857,25,39.32258065,FALSE,null,null,FALSE,Colombo,28,2,78.79166667,14.6
5/9/2017,3876,4398.888281,7.704137679,51.37434783,152.585,2.656,2.362,197.415,166.624,22.1,75.14285714,25,39.22580645,FALSE,null,null,FALSE,Colombo,28.4,2.8,78.70833333,16.6
5/10/2017,3876,4398.888281,7.704137679,51.37434783,152.585,2.674,2.369,196.636,165.921,22.1,72.71428571,25,39.12903226,TRUE,Vesak Full Moon Poya Day,null,FALSE,Colombo,28,4.6,81.875,17.1
5/11/2017,3876,4398.888281,7.704137679,51.37434783,152.585,2.675,2.375,196.717,165.829,22.12,70.28571429,25,39.03225806,TRUE,Day Following Vesak Full Moon Poya Day,null,FALSE,Colombo,27.4,4.4,83.83333333,15.2
5/12/2017,3876,4398.888281,7.704137679,51.37434783,152.6,2.707,2.382,196.755,165.731,22.14,67.85714286,25,38.93548387,FALSE,null,null,FALSE,Colombo,27.7,4.9,83.04166667,14.7
5/13/2017,4070,4398.888281,7.704137679,51.37434783,null,null,null,null,null,null,65.42857143,25,38.83870968,FALSE,null,null,FALSE,Colombo,28,1.4,83.66666667,15.6
5/14/2017,4264,4398.888281,7.704137679,51.37434783,null,null,null,null,null,null,63,25,38.74193548,FALSE,null,null,FALSE,Colombo,27.8,13.4,85.875,18.5
5/15/2017,3682,4398.888281,7.704137679,51.37434783,152.6,2.693,2.381,196.933,166.808,22.14,63.71428571,25,38.64516129,FALSE,null,null,FALSE,Colombo,27.7,9.3,85.41666667,21.6
5/16/2017,3878,4398.888281,7.704137679,51.37434783,152.455,2.674,2.381,198.052,167.479,22.19,64.42857143,25,38.5483871,FALSE,null,null,FALSE,Colombo,28.5,5.1,82.70833333,19
5/17/2017,3876,4398.888281,7.704137679,51.37434783,152.7,2.65,2.351,197.283,168.958,22.14,65.14285714,25,38.4516129,FALSE,null,null,FALSE,Colombo,28.3,5,84.5,18.2
5/18/2017,3876,4398.888281,7.704137679,51.37434783,152.53,2.674,2.359,198.577,170.39,22.13,65.85714286,25,38.35483871,FALSE,null,null,FALSE,Colombo,26.9,23.3,88.75,21
5/19/2017,3876,4398.888281,7.704137679,51.37434783,152.335,2.697,2.368,198.601,169.355,22.18,66.57142857,25,38.25806452,FALSE,null,null,FALSE,Colombo,28.3,9.3,81.83333333,19.9
5/20/2017,4070,4398.888281,7.704137679,51.37434783,null,null,null,null,null,null,67.28571429,25,38.16129032,FALSE,null,null,FALSE,Colombo,27.6,14,85.375,22.2
5/21/2017,4264,4398.888281,7.704137679,51.37434783,null,null,null,null,null,null,68,25,38.06451613,FALSE,null,null,FALSE,Colombo,27.5,14.9,86.41666667,17.7
5/22/2017,3682,4398.888281,7.704137679,51.37434783,152.77,2.709,2.352,197.86,170.722,22.15,66.28571429,25,37.96774194,FALSE,null,null,FALSE,Colombo,26.8,16.6,89.16666667,16.1
5/23/2017,3876,4398.888281,7.704137679,51.37434783,152.64,2.702,2.356,197.951,171.675,22.14,64.57142857,25,37.87096774,FALSE,null,null,FALSE,Colombo,26.5,23.3,90,14.1
5/24/2017,3876,4398.888281,7.704137679,51.37434783,152.575,2.678,2.362,197.264,170.705,22.19,62.85714286,25,37.77419355,FALSE,null,null,FALSE,Colombo,26.6,22.2,90.41666667,15.9
5/25/2017,3876,4398.888281,7.704137679,51.37434783,152.445,2.696,2.362,195.1,171.174,22.23,61.14285714,25,37.67741935,FALSE,null,null,FALSE,Colombo,26.6,26.1,89.75,18.1
5/26/2017,3876,4398.888281,7.704137679,51.37434783,152.38,2.705,2.368,196.211,170.891,22.29,59.42857143,25,37.58064516,FALSE,null,null,FALSE,Colombo,26.9,24.1,87.75,21.1
5/27/2017,4070,4398.888281,7.704137679,51.37434783,null,null,null,null,null,null,57.71428571,25,37.48387097,FALSE,null,null,FALSE,Colombo,27.1,36.8,88.875,20
5/28/2017,4264,4398.888281,7.704137679,51.37434783,null,null,null,null,null,null,56,25,37.38709677,FALSE,null,null,FALSE,Colombo,27.8,13.9,85.58333333,23.8
5/29/2017,3682,4398.888281,7.704137679,51.37434783,152.8,2.698,2.362,196.26,170.407,22.26,56.14285714,25,37.29032258,FALSE,null,null,FALSE,Colombo,27.8,16,83.75,29.1
5/30/2017,3876,4398.888281,7.704137679,51.37434783,152.63,2.697,2.367,196.792,170.586,22.42,56.28571429,25,37.19354839,FALSE,null,null,FALSE,Colombo,26.8,21.4,85.5,23.2
5/31/2017,3876,4398.888281,7.704137679,51.37434783,152.67,2.702,2.364,196.34,170.732,22.39,56.42857143,25,37.09677419,FALSE,null,null,FALSE,Colombo,26.8,21.1,86.33333333,24.1
6/1/2017,3997,4398.888281,7.704137679,47.65272727,152.42,2.688,2.364,196.249,171.655,22.36,56.57142857,31,37,FALSE,null,null,FALSE,Colombo,27.5,10.2,84.08333333,25.8
6/2/2017,3997,4398.888281,7.704137679,47.65272727,152.29,2.692,2.369,196.701,170.909,22.4,56.71428571,31,37,FALSE,null,null,FALSE,Colombo,26.7,23.6,87.16666667,21.2
6/3/2017,4197,4398.888281,7.704137679,47.65272727,null,null,null,null,null,null,56.85714286,31,37,FALSE,null,null,FALSE,Colombo,26.6,31.6,88.70833333,16.9
6/4/2017,4397,4398.888281,7.704137679,47.65272727,null,null,null,null,null,null,57,31,37,FALSE,null,null,FALSE,Colombo,27,16.8,88.125,16.2
6/5/2017,3797,4398.888281,7.704137679,47.65272727,152.44,2.7,2.37,197.151,171.814,22.47,57.42857143,31,37,FALSE,null,null,FALSE,Colombo,27,13.3,87.25,19.2
6/6/2017,3997,4398.888281,7.704137679,47.65272727,152.7,2.666,2.362,197.218,171.564,22.39,57.85714286,31,37,FALSE,null,null,FALSE,Colombo,27.4,7,85.08333333,20.9
6/7/2017,3997,4398.888281,7.704137679,47.65272727,152.18,2.67,2.366,196.867,172.208,22.35,58.28571429,31,37,FALSE,null,null,FALSE,Colombo,27,15.8,85.25,21.2
6/8/2017,3997,4398.888281,7.704137679,47.65272727,151.985,2.673,2.372,194.254,171.309,22.42,58.71428571,31,37,TRUE,Poson Full Moon Poya Day,null,FALSE,Colombo,27.9,2,83.625,18.9
6/9/2017,3997,4398.888281,7.704137679,47.65272727,152.415,2.666,2.36,192.582,170.436,22.38,59.14285714,31,37,FALSE,null,null,FALSE,Colombo,27.8,4.4,82.45833333,26.6
6/10/2017,4197,4398.888281,7.704137679,47.65272727,null,null,null,null,null,null,59.57142857,31,37,FALSE,null,null,FALSE,Colombo,27.1,4.2,85.20833333,25.6
6/11/2017,4397,4398.888281,7.704137679,47.65272727,null,null,null,null,null,null,60,31,37,FALSE,null,null,FALSE,Colombo,27,4.3,85.04166667,20.6
6/12/2017,3797,4398.888281,7.704137679,47.65272727,152.16,2.676,2.371,194.57,170.637,22.44,61,31,37,FALSE,null,null,FALSE,Colombo,27.3,1.5,86.20833333,19.8
6/13/2017,3997,4398.888281,7.704137679,47.65272727,152.55,2.662,2.378,194.748,170.465,22.49,62,31,37,FALSE,null,null,FALSE,Colombo,27,4.3,88.125,20.7
6/14/2017,3997,4398.888281,7.704137679,47.65272727,152.72,2.643,2.368,195.037,171.017,22.46,63,31,37,FALSE,null,null,FALSE,Colombo,26.3,14.7,89.5,18.9
6/15/2017,3997,4398.888281,7.704137679,47.65272727,152.91,2.645,2.371,195.243,171.321,22.44,64,31,37,FALSE,null,null,FALSE,Colombo,26.4,9.7,88.875,16.9
6/16/2017,4003,4398.888281,7.704137679,47.65272727,152.82,2.613,2.369,194.629,170.418,22.41,65,31,37,FALSE,null,null,FALSE,Colombo,26.2,16.3,88.70833333,16.1
6/17/2017,4197,4398.888281,7.704137679,47.65272727,null,null,null,null,null,null,66,31,37,FALSE,null,null,FALSE,Colombo,27.2,6.1,84.95833333,18.6
6/18/2017,4397,4398.888281,7.704137679,47.65272727,null,null,null,null,null,null,67,31,37,FALSE,null,null,FALSE,Colombo,27.2,4.6,86.83333333,16.2
6/19/2017,3797,4398.888281,7.704137679,47.65272727,152.8,2.568,2.373,193.411,171.12,22.42,67.14285714,31,37,FALSE,null,null,FALSE,Colombo,26,27.9,90.41666667,15.8
6/20/2017,3997,4398.888281,7.704137679,47.65272727,153.13,2.54,2.373,194.044,170.357,22.42,67.28571429,31,37,FALSE,null,null,FALSE,Colombo,26.3,14.2,90,19.3
6/21/2017,3997,4398.888281,7.704137679,47.65272727,153.14,2.553,2.37,194.181,170.502,22.4,67.42857143,31,37,FALSE,null,null,FALSE,Colombo,26.7,8.2,87.91666667,17
6/22/2017,3997,4398.888281,7.704137679,47.65272727,153.115,2.577,2.375,194.853,171.026,22.41,67.57142857,31,37,FALSE,null,null,FALSE,Colombo,27.1,6.6,86.625,20.2
6/23/2017,3997,4398.888281,7.704137679,47.65272727,153.21,2.603,2.376,194.753,170.762,22.38,67.71428571,31,37,FALSE,null,null,FALSE,Colombo,26.5,24.9,86.16666667,22.4
6/24/2017,4197,4398.888281,7.704137679,47.65272727,null,null,null,null,null,null,67.85714286,31,37,FALSE,null,null,FALSE,Colombo,26.4,37.6,85.83333333,23.6
6/25/2017,4397,4398.888281,7.704137679,47.65272727,null,null,null,null,null,null,68,31,37,FALSE,null,null,FALSE,Colombo,26.6,15,85.75,20.6
6/26/2017,3797,4398.888281,7.704137679,47.65272727,153.095,2.576,2.374,196.181,171.504,22.47,68.14285714,31,37,TRUE,Eid al-Fitr,null,FALSE,Colombo,26.7,11.3,86.95833333,20.3
6/27/2017,3997,4398.888281,7.704137679,47.65272727,153.075,2.586,2.375,198.053,171.183,22.53,68.28571429,31,37,FALSE,null,null,FALSE,Colombo,26.5,38.9,87.875,21.9
6/28/2017,3997,4398.888281,7.704137679,47.65272727,153.22,2.583,2.373,199.581,173.572,22.61,68.42857143,31,37,FALSE,null,null,FALSE,Colombo,27,4.2,85.625,20.2
6/29/2017,3997,4398.888281,7.704137679,47.65272727,153.435,2.603,2.373,199.776,174.334,22.62,68.57142857,31,37,FALSE,null,null,FALSE,Colombo,27.4,1.5,85.625,17.6
6/30/2017,3997,4398.888281,7.704137679,47.65272727,153.355,2.592,2.368,198.648,175.537,22.58,68.71428571,31,37,FALSE,null,null,FALSE,Colombo,27.1,3,88.125,18.6
7/1/2017,6751,4398.888281,7.704137679,49.25333333,null,null,null,null,null,null,68.85714286,30,37,FALSE,null,null,FALSE,Colombo,27,12.8,87,17.4
7/2/2017,7072,4398.888281,7.704137679,49.25333333,null,null,null,null,null,null,69,30,37.25806452,FALSE,null,null,FALSE,Colombo,27.7,5.4,82.08333333,23.4
7/3/2017,6108,4398.888281,7.704137679,49.25333333,153.55,2.585,2.372,198.516,175.224,22.59,70.85714286,30,37.51612903,FALSE,null,null,FALSE,Colombo,27.7,9.2,82.25,21
7/4/2017,6429,4398.888281,7.704137679,49.25333333,153.65,2.558,2.368,198.441,174.502,22.56,72.71428571,30,37.77419355,FALSE,null,null,FALSE,Colombo,27.7,2,81.95833333,23.8
7/5/2017,6429,4398.888281,7.704137679,49.25333333,153.42,2.551,2.37,199.001,174.323,22.56,74.57142857,30,38.03225806,FALSE,null,null,FALSE,Colombo,27.8,2.4,82.91666667,20.6
7/6/2017,6429,4398.888281,7.704137679,49.25333333,153.42,2.543,2.376,197.918,174.162,22.56,76.42857143,30,38.29032258,FALSE,null,null,FALSE,Colombo,27.7,5.9,82.875,23.4
7/7/2017,6429,4398.888281,7.704137679,49.25333333,153.52,2.548,2.381,197.73,175.252,22.56,78.28571429,30,38.5483871,FALSE,null,null,FALSE,Colombo,27.5,9.5,83.20833333,22.4
7/8/2017,6751,4398.888281,7.704137679,49.25333333,null,null,null,null,null,null,80.14285714,30,38.80645161,TRUE,Esala Full Moon Poya Day,null,FALSE,Colombo,27,18,84.91666667,19.5
7/9/2017,7072,4398.888281,7.704137679,49.25333333,null,null,null,null,null,null,82,30,39.06451613,FALSE,null,null,FALSE,Colombo,25.9,35.5,88.33333333,21.2
7/10/2017,6108,4398.888281,7.704137679,49.25333333,153.505,2.527,2.379,197.315,175.028,22.58,81.57142857,30,39.32258065,FALSE,null,Esala Perahera,TRUE,Colombo,26.6,9.4,84.70833333,22.3
7/11/2017,6429,4398.888281,7.704137679,49.25333333,153.57,2.562,2.382,197.907,174.988,22.63,81.14285714,30,39.58064516,FALSE,null,Esala Perahera,TRUE,Colombo,27,5.2,84.54166667,23.4
7/12/2017,6429,4398.888281,7.704137679,49.25333333,153.595,2.571,2.383,198.784,176.114,22.65,80.71428571,30,39.83870968,FALSE,null,Esala Perahera,TRUE,Colombo,27.4,2.5,83.41666667,18.8
7/13/2017,6429,4398.888281,7.704137679,49.25333333,153.625,2.601,2.383,201.083,175.282,22.66,80.28571429,30,40.09677419,FALSE,null,Esala Perahera,TRUE,Colombo,27.5,2.9,82.875,21.7
7/14/2017,6429,4398.888281,7.704137679,49.25333333,153.545,2.59,2.388,200.603,175.109,22.7,79.85714286,30,40.35483871,FALSE,null,Esala Perahera,TRUE,Colombo,27.4,1.6,83.04166667,22.3
7/15/2017,6751,4398.888281,7.704137679,49.25333333,null,null,null,null,null,null,79.42857143,30,40.61290323,FALSE,null,Esala Perahera,TRUE,Colombo,27.4,2.4,81.91666667,20.9
7/16/2017,7079,4398.888281,7.704137679,49.25333333,null,null,null,null,null,null,79,30,40.87096774,FALSE,null,Esala Perahera,TRUE,Colombo,27.4,1.7,83.5,19.6
7/17/2017,6108,4398.888281,7.704137679,49.25333333,153.66,2.595,2.387,200.203,176.101,22.76,79,30,41.12903226,FALSE,null,Esala Perahera,TRUE,Colombo,27.4,2.9,83.20833333,21.1
7/18/2017,6429,4398.888281,7.704137679,49.25333333,153.53,2.604,2.39,199.95,176.379,22.75,79,30,41.38709677,FALSE,null,Esala Perahera,TRUE,Colombo,27.6,2.3,80.95833333,21.4
7/19/2017,6429,4398.888281,7.704137679,49.25333333,153.595,2.605,2.385,199.162,177.396,22.71,79,30,41.64516129,FALSE,null,null,FALSE,Colombo,26.8,5.7,86.25,21.3
7/20/2017,6429,4398.888281,7.704137679,49.25333333,153.52,2.59,2.386,199.676,176.873,22.71,79,30,41.90322581,FALSE,null,null,FALSE,Colombo,27.3,3.4,83.70833333,18
7/21/2017,6429,4398.888281,7.704137679,49.25333333,153.65,2.555,2.382,199.807,178.552,22.72,79,30,42.16129032,FALSE,null,null,FALSE,Colombo,26.8,11.4,85.08333333,18.8
7/22/2017,6751,4398.888281,7.704137679,49.25333333,null,null,null,null,null,null,79,30,42.41935484,FALSE,null,null,FALSE,Colombo,27.3,10.9,85.33333333,19.8
7/23/2017,7072,4398.888281,7.704137679,49.25333333,null,null,null,null,null,null,79,30,42.67741935,FALSE,null,null,FALSE,Colombo,27.6,5.2,83.54166667,20.7
7/24/2017,6108,4398.888281,7.704137679,49.25333333,153.355,2.563,2.383,199.83,179.202,22.73,80.28571429,30,42.93548387,FALSE,null,null,FALSE,Colombo,27.7,6.5,80.79166667,22.4
7/25/2017,6429,4398.888281,7.704137679,49.25333333,153.42,2.583,2.384,201.302,178.536,22.72,81.57142857,30,43.19354839,FALSE,null,null,FALSE,Colombo,27.7,3,84.29166667,20.2
7/26/2017,6429,4398.888281,7.704137679,49.25333333,153.42,2.581,2.396,200.724,178.688,22.78,82.85714286,30,43.4516129,FALSE,null,null,FALSE,Colombo,27.7,7,83.70833333,26.3
7/27/2017,6429,4398.888281,7.704137679,49.25333333,153.635,2.579,2.396,201.763,180.024,22.8,84.14285714,30,43.70967742,FALSE,null,null,FALSE,Colombo,27.6,6.4,82.08333333,26.3
7/28/2017,6429,4398.888281,7.704137679,49.25333333,153.595,2.569,2.392,202.916,179.392,22.83,85.42857143,30,43.96774194,FALSE,null,null,FALSE,Colombo,27.2,16.9,84.79166667,23.4
7/29/2017,6751,4398.888281,7.704137679,49.25333333,null,null,null,null,null,null,86.71428571,30,44.22580645,FALSE,null,null,FALSE,Colombo,27.1,14.5,84.875,21.5
7/30/2017,7072,4398.888281,7.704137679,49.25333333,null,null,null,null,null,null,88,30,44.48387097,FALSE,null,null,FALSE,Colombo,27,17,86,20.4
7/31/2017,6108,4398.888281,7.704137679,49.25333333,153.55,2.539,2.391,202.351,180.505,22.81,88.28571429,30,44.74193548,FALSE,null,null,FALSE,Colombo,26.2,12.9,88.45833333,19.7
8/1/2017,6127,4398.888281,7.704137679,51.92782609,153.255,2.534,2.412,202.913,181.834,22.83,88.57142857,22,45,FALSE,null,null,FALSE,Colombo,26.9,5.8,84.70833333,22.2
8/2/2017,6127,4398.888281,7.704137679,51.92782609,153.46,2.54,2.406,201.375,180.864,22.82,88.85714286,22,44.77419355,FALSE,null,null,FALSE,Colombo,27.1,6.3,84.25,22.6
8/3/2017,6127,4398.888281,7.704137679,51.92782609,153.265,2.561,2.41,200.013,181.942,22.8,89.14285714,22,44.5483871,FALSE,null,null,FALSE,Colombo,27.4,3.7,82.125,26.4
8/4/2017,6127,4398.888281,7.704137679,51.92782609,153.425,2.555,2.402,199.904,181.925,22.82,89.42857143,22,44.32258065,FALSE,null,null,FALSE,Colombo,27.2,7.8,83.91666667,24.1
8/5/2017,6434,4398.888281,7.704137679,51.92782609,null,null,null,null,null,null,89.71428571,22,44.09677419,FALSE,null,null,FALSE,Colombo,27.2,8.6,83.5,23.9
8/6/2017,6740,4398.888281,7.704137679,51.92782609,null,null,null,null,null,null,90,22,43.87096774,FALSE,null,null,FALSE,Colombo,26.5,42.3,86.25,21.3
8/7/2017,5821,4398.888281,7.704137679,51.92782609,153.36,2.561,2.407,199.152,180.612,22.86,90.14285714,22,43.64516129,TRUE,Nikini Full Moon Poya Day,null,FALSE,Colombo,26.2,19.3,87.45833333,17.9
8/8/2017,6127,4398.888281,7.704137679,51.92782609,153.3,2.55,2.4,199.302,180.896,22.96,90.28571429,22,43.41935484,FALSE,null,null,FALSE,Colombo,27.1,8.1,85.66666667,23.9
8/9/2017,6127,4398.888281,7.704137679,51.92782609,153.25,2.55,2.392,198.907,180.173,23.06,90.42857143,22,43.19354839,FALSE,null,null,FALSE,Colombo,26.8,8,86.58333333,18.5
8/10/2017,6127,4398.888281,7.704137679,51.92782609,153.3,2.557,2.386,199.149,180.207,22.96,90.57142857,22,42.96774194,FALSE,null,null,FALSE,Colombo,26.4,15.9,87.20833333,19.9
8/11/2017,6127,4398.888281,7.704137679,51.92782609,153.05,2.556,2.39,198.559,180.464,22.96,90.71428571,22,42.74193548,FALSE,null,null,FALSE,Colombo,26.8,12.2,83.375,21.7
8/12/2017,6434,4398.888281,7.704137679,51.92782609,null,null,null,null,null,null,90.85714286,22,42.51612903,FALSE,null,null,FALSE,Colombo,27.1,0.6,82.70833333,20.7
8/13/2017,6740,4398.888281,7.704137679,51.92782609,null,null,null,null,null,null,91,22,42.29032258,FALSE,null,null,FALSE,Colombo,26.8,5.6,85.75,19.5
8/14/2017,5821,4398.888281,7.704137679,51.92782609,153.15,2.566,2.39,197.201,180.913,22.92,90,22,42.06451613,FALSE,null,null,FALSE,Colombo,26.8,2.3,85.625,18.1
8/15/2017,6127,4398.888281,7.704137679,51.92782609,153.225,2.58,2.388,197.538,180.411,22.9,89,22,41.83870968,FALSE,null,null,FALSE,Colombo,26.6,3.3,85.20833333,18.4
8/16/2017,6134,4398.888281,7.704137679,51.92782609,153.225,2.589,2.389,197.274,179.81,22.96,88,22,41.61290323,FALSE,null,null,FALSE,Colombo,26.8,2.7,82.625,18.2
8/17/2017,6127,4398.888281,7.704137679,51.92782609,153.3,2.601,2.392,197.389,180.3,22.98,87,22,41.38709677,FALSE,null,null,FALSE,Colombo,26.8,6.5,83.58333333,22
8/18/2017,6127,4398.888281,7.704137679,51.92782609,153.3,2.589,2.389,197.579,179.729,22.98,86,22,41.16129032,FALSE,null,null,FALSE,Colombo,25.7,35.3,88.83333333,22.2
8/19/2017,6434,4398.888281,7.704137679,51.92782609,null,null,null,null,null,null,85,22,40.93548387,FALSE,null,null,FALSE,Colombo,26.9,5.4,83.29166667,24.2
8/20/2017,6740,4398.888281,7.704137679,51.92782609,null,null,null,null,null,null,84,22,40.70967742,FALSE,null,null,FALSE,Colombo,27,10.6,83.54166667,23.3
8/21/2017,5821,4398.888281,7.704137679,51.92782609,153.15,2.59,2.388,196.207,180.311,22.96,83.42857143,22,40.48387097,FALSE,null,null,FALSE,Colombo,26.8,7.8,85.875,18.7
8/22/2017,6127,4398.888281,7.704137679,51.92782609,153,2.59,2.389,195.808,180.946,22.97,82.85714286,22,40.25806452,FALSE,null,null,FALSE,Colombo,26.5,23.1,86.20833333,20.2
8/23/2017,6127,4398.888281,7.704137679,51.92782609,152.975,2.587,2.389,195.84,179.958,22.97,82.28571429,22,40.03225806,FALSE,null,null,FALSE,Colombo,26.7,12.5,86.95833333,15.5
8/24/2017,6127,4398.888281,7.704137679,51.92782609,153,2.612,2.39,197.194,180.625,23.01,81.71428571,22,39.80645161,FALSE,null,null,FALSE,Colombo,26.9,4.2,84.875,20.2
8/25/2017,6127,4398.888281,7.704137679,51.92782609,153,2.617,2.393,197.803,180.524,23.14,81.14285714,22,39.58064516,FALSE,null,null,FALSE,Colombo,27.1,2.5,85.29166667,21.1
8/26/2017,6434,4398.888281,7.704137679,51.92782609,null,null,null,null,null,null,80.57142857,22,39.35483871,FALSE,null,null,FALSE,Colombo,27.1,3.8,84,21.3
8/27/2017,6740,4398.888281,7.704137679,51.92782609,null,null,null,null,null,null,80,22,39.12903226,FALSE,null,null,FALSE,Colombo,27,8.3,83.95833333,26.1
8/28/2017,5821,4398.888281,7.704137679,51.92782609,152.95,2.599,2.388,197.482,182.438,23.17,80,22,38.90322581,FALSE,null,null,FALSE,Colombo,26.4,21.1,86.66666667,26.4
8/29/2017,6127,4398.888281,7.704137679,51.92782609,152.85,2.611,2.388,197.527,183.219,23.18,80,22,38.67741935,FALSE,null,null,FALSE,Colombo,26.6,11.2,85.58333333,21.3
8/30/2017,6127,4398.888281,7.704137679,51.92782609,152.825,2.633,2.39,197.546,183,23.18,80,22,38.4516129,FALSE,null,null,FALSE,Colombo,26.5,11.9,88.20833333,17.8
8/31/2017,6127,4398.888281,7.704137679,51.92782609,152.775,2.659,2.386,197.851,181.618,23.29,80,22,38.22580645,FALSE,null,null,FALSE,Colombo,26.5,10.7,88.66666667,18.1
9/1/2017,4988,4398.888281,7.704137679,55.55761905,152.775,2.636,2.38,197.109,181.955,23.34,80,20,38,TRUE,Eid al-Adha,null,FALSE,Colombo,26.7,10.5,88.91666667,12.2
9/2/2017,5238,4398.888281,7.704137679,55.55761905,null,null,null,null,null,null,80,20,37.93333333,FALSE,null,null,FALSE,Colombo,26.5,3.9,86.875,16.1
9/3/2017,5487,4398.888281,7.704137679,55.55761905,null,null,null,null,null,null,80,20,37.86666667,FALSE,null,null,FALSE,Colombo,25.7,15.9,90.16666667,12.6
9/4/2017,4739,4398.888281,7.704137679,55.55761905,152.425,2.65,2.378,198.656,181.175,23.31,79,20,37.8,FALSE,null,null,FALSE,Colombo,26.6,9.4,86.29166667,14.8
9/5/2017,4988,4398.888281,7.704137679,55.55761905,152.425,2.661,2.383,199.134,181.325,23.4,78,20,37.73333333,TRUE,Binara Full Moon Poya Day,null,FALSE,Colombo,25.6,15.8,90.08333333,15.5
9/6/2017,4988,4398.888281,7.704137679,55.55761905,152.675,2.684,2.385,200.053,181.599,23.54,77,20,37.66666667,FALSE,null,null,FALSE,Colombo,25.6,25,89.875,17.3
9/7/2017,4988,4398.888281,7.704137679,55.55761905,152.7,2.663,2.395,201.64,181.943,23.57,76,20,37.6,FALSE,null,null,FALSE,Colombo,25.5,15.3,89.83333333,16.4
9/8/2017,4988,4398.888281,7.704137679,55.55761905,152.775,2.671,2.39,201.139,183.591,23.4,75,20,37.53333333,FALSE,null,null,FALSE,Colombo,25.5,29.1,90.04166667,15.2
9/9/2017,5238,4398.888281,7.704137679,55.55761905,null,null,null,null,null,null,74,20,37.46666667,FALSE,null,null,FALSE,Colombo,25.6,27.7,89.66666667,20.8
9/10/2017,5487,4398.888281,7.704137679,55.55761905,null,null,null,null,null,null,73,20,37.4,FALSE,null,null,FALSE,Colombo,26.3,12.3,86.41666667,16.6
9/11/2017,4739,4398.888281,7.704137679,55.55761905,152.8,2.651,2.387,203.046,183.865,23.39,73.14285714,20,37.33333333,FALSE,null,null,FALSE,Colombo,26.3,9.9,87.875,15.5
9/12/2017,4988,4398.888281,7.704137679,55.55761905,152.85,2.64,2.391,202.162,182.642,23.39,73.28571429,20,37.26666667,FALSE,null,null,FALSE,Colombo,26.3,6.7,87.5,21.3
9/13/2017,4988,4398.888281,7.704137679,55.55761905,153.025,2.659,2.385,204.841,182.908,23.32,73.42857143,20,37.2,FALSE,null,null,FALSE,Colombo,25.3,24.4,91.375,19.6
9/14/2017,4988,4398.888281,7.704137679,55.55761905,152.9,2.653,2.385,207.837,181.893,23.33,73.57142857,20,37.13333333,FALSE,null,null,FALSE,Colombo,26.3,10.5,86.58333333,17.6
9/15/2017,4988,4398.888281,7.704137679,55.55761905,152.9,2.633,2.385,206.458,182.242,23.27,73.71428571,20,37.06666667,FALSE,null,null,FALSE,Colombo,26.8,1,86,16.1
9/16/2017,5243,4398.888281,7.704137679,55.55761905,null,null,null,null,null,null,73.85714286,20,37,FALSE,null,null,FALSE,Colombo,27.4,2.5,81.95833333,22.8
9/17/2017,5487,4398.888281,7.704137679,55.55761905,null,null,null,null,null,null,74,20,36.93333333,FALSE,null,null,FALSE,Colombo,26.5,11.5,84.66666667,27.3
9/18/2017,4739,4398.888281,7.704137679,55.55761905,153,2.635,2.381,206.856,182.608,23.26,73.14285714,20,36.86666667,FALSE,null,null,FALSE,Colombo,27.3,1.9,83.58333333,18
9/19/2017,4988,4398.888281,7.704137679,55.55761905,153.125,2.621,2.375,206.02,182.897,23.22,72.28571429,20,36.8,FALSE,null,null,FALSE,Colombo,27.4,0.4,81.70833333,17.8
9/20/2017,4988,4398.888281,7.704137679,55.55761905,152.675,2.636,2.357,207.484,183.659,23.18,71.42857143,20,36.73333333,FALSE,null,null,FALSE,Colombo,26.6,7.6,85,24.4
9/21/2017,4988,4398.888281,7.704137679,55.55761905,152.775,2.657,2.358,206.106,181.577,23.18,70.57142857,20,36.66666667,FALSE,null,null,FALSE,Colombo,26.6,9.2,85.45833333,22.1
9/22/2017,4988,4398.888281,7.704137679,55.55761905,152.75,2.66,2.349,206.045,182.444,23.11,69.71428571,20,36.6,FALSE,null,null,FALSE,Colombo,27,3.3,84.66666667,21.1
9/23/2017,5238,4398.888281,7.704137679,55.55761905,null,null,null,null,null,null,68.85714286,20,36.53333333,FALSE,null,null,FALSE,Colombo,27,2.6,83.70833333,16.6
9/24/2017,5487,4398.888281,7.704137679,55.55761905,null,null,null,null,null,null,68,20,36.46666667,FALSE,null,null,FALSE,Colombo,26.7,6,86,20.1
9/25/2017,4739,4398.888281,7.704137679,55.55761905,153,2.644,2.337,205.916,182.506,23.04,68,20,36.4,FALSE,null,null,FALSE,Colombo,25.8,16.5,90.25,19.2
9/26/2017,4988,4398.888281,7.704137679,55.55761905,153,2.631,2.33,204.94,181.274,23.05,68,20,36.33333333,FALSE,null,null,FALSE,Colombo,26.2,10.3,88.16666667,19.8
9/27/2017,4988,4398.888281,7.704137679,55.55761905,153.1,2.644,2.339,205.838,180.433,22.98,68,20,36.26666667,FALSE,null,null,FALSE,Colombo,26.3,21.6,86.58333333,21.7
9/28/2017,4988,4398.888281,7.704137679,55.55761905,153.125,2.66,2.344,205.082,179.816,23.01,68,20,36.2,FALSE,null,null,FALSE,Colombo,27,5.5,82.5,23.8
9/29/2017,4988,4398.888281,7.704137679,55.55761905,153.08,2.645,2.344,203.279,180.473,23.01,68,20,36.13333333,FALSE,null,null,FALSE,Colombo,27.4,0.5,79.70833333,16.5
9/30/2017,5238,4398.888281,7.704137679,55.55761905,null,null,null,null,null,null,68,20,36.06666667,FALSE,null,null,FALSE,Colombo,26.7,4.4,86.45833333,18.9
10/1/2017,5313,4398.888281,7.704137679,57.53636364,null,null,null,null,null,null,68,17,36,FALSE,null,null,FALSE,Colombo,26.6,5.7,88.95833333,14.8
10/2/2017,4588,4398.888281,7.704137679,57.53636364,153.1,2.645,2.34,202.896,180.849,23.03,68.28571429,17,36.16129032,FALSE,null,null,FALSE,Colombo,26.8,5.6,86.54166667,19.1
10/3/2017,4830,4398.888281,7.704137679,57.53636364,153.25,2.658,2.357,203.077,179.632,23.04,68.57142857,17,36.32258065,FALSE,null,null,FALSE,Colombo,26.5,14.1,87.875,15.7
10/4/2017,4830,4398.888281,7.704137679,57.53636364,153.3,2.656,2.353,201.114,179.976,23.04,68.85714286,17,36.48387097,FALSE,null,null,FALSE,Colombo,26.7,15.6,86.66666667,16
10/5/2017,4830,4398.888281,7.704137679,57.53636364,153.3,2.636,2.344,200.294,180.288,23.04,69.14285714,17,36.64516129,TRUE,Vap Full Moon Poya Day,null,FALSE,Colombo,26,18.3,89.70833333,14.8
10/6/2017,4830,4398.888281,7.704137679,57.53636364,153.3,2.631,2.346,201.533,179.53,23.15,69.42857143,17,36.80645161,FALSE,null,null,FALSE,Colombo,25.9,31.2,89.95833333,18.5
10/7/2017,5071,4398.888281,7.704137679,57.53636364,null,null,null,null,null,null,69.71428571,17,36.96774194,FALSE,null,null,FALSE,Colombo,26.1,9.7,89.5,16.9
10/8/2017,5313,4398.888281,7.704137679,57.53636364,null,null,null,null,null,null,70,17,37.12903226,FALSE,null,null,FALSE,Colombo,26.4,11.8,88.83333333,13.8
10/9/2017,4588,4398.888281,7.704137679,57.53636364,153.35,2.648,2.352,202.616,179.882,23.35,69.85714286,17,37.29032258,FALSE,null,null,FALSE,Colombo,26.5,11.5,87.33333333,15.2
10/10/2017,4830,4398.888281,7.704137679,57.53636364,153.45,2.655,2.355,202.94,180.041,23.29,69.71428571,17,37.4516129,FALSE,null,null,FALSE,Colombo,26.2,20,90,10.5
10/11/2017,4830,4398.888281,7.704137679,57.53636364,153.475,2.663,2.363,203.87,181.171,23.33,69.57142857,17,37.61290323,FALSE,null,null,FALSE,Colombo,25.4,22.6,92.04166667,13.6
10/12/2017,4830,4398.888281,7.704137679,57.53636364,153.725,2.689,2.376,204.28,182.006,23.37,69.42857143,17,37.77419355,FALSE,null,null,FALSE,Colombo,25.7,20.2,90.95833333,16.1
10/13/2017,4830,4398.888281,7.704137679,57.53636364,153.75,2.681,2.374,203.52,181.864,23.31,69.28571429,17,37.93548387,FALSE,null,null,FALSE,Colombo,25.7,30.9,90.625,16.1
10/14/2017,5071,4398.888281,7.704137679,57.53636364,null,null,null,null,null,null,69.14285714,17,38.09677419,FALSE,null,null,FALSE,Colombo,25.5,45.1,90.625,24.4
10/15/2017,5313,4398.888281,7.704137679,57.53636364,null,null,null,null,null,null,69,17,38.25806452,FALSE,null,null,FALSE,Colombo,26.5,12.7,86.16666667,23.8
10/16/2017,4585,4398.888281,7.704137679,57.53636364,153.6,2.679,2.362,202.639,181.779,23.19,68.71428571,17,38.41935484,FALSE,null,null,FALSE,Colombo,27.7,2.5,82.08333333,23.1
10/17/2017,4830,4398.888281,7.704137679,57.53636364,153.625,2.674,2.362,202.862,181.194,23.18,68.42857143,17,38.58064516,FALSE,null,null,FALSE,Colombo,27.3,1.4,81.25,26.7
10/18/2017,4830,4398.888281,7.704137679,57.53636364,153.625,2.683,2.364,202.189,180.755,23.23,68.14285714,17,38.74193548,TRUE,Deepavali Festival Day,null,FALSE,Colombo,26.9,6.1,85.54166667,18.7
10/19/2017,4830,4398.888281,7.704137679,57.53636364,153.65,2.674,2.363,202.715,181.085,23.22,67.85714286,17,38.90322581,FALSE,null,null,FALSE,Colombo,26.2,21.6,89.54166667,18.7
10/20/2017,4830,4398.888281,7.704137679,57.53636364,153.7,2.673,2.364,202.846,182.106,23.15,67.57142857,17,39.06451613,FALSE,null,null,FALSE,Colombo,25.9,19.3,90.41666667,18.4
10/21/2017,5071,4398.888281,7.704137679,57.53636364,null,null,null,null,null,null,67.28571429,17,39.22580645,FALSE,null,null,FALSE,Colombo,26.9,6.2,85.95833333,21.4
10/22/2017,5313,4398.888281,7.704137679,57.53636364,null,null,null,null,null,null,67,17,39.38709677,FALSE,null,null,FALSE,Colombo,26.5,8.8,88.5,13.9
10/23/2017,4588,4398.888281,7.704137679,57.53636364,153.7,2.668,2.363,202.032,181.143,23.18,68.85714286,17,39.5483871,FALSE,null,null,FALSE,Colombo,26.8,4.7,88.04166667,16.2
10/24/2017,4830,4398.888281,7.704137679,57.53636364,153.8,2.664,2.37,204.067,180.582,23.17,70.71428571,17,39.70967742,FALSE,null,null,FALSE,Colombo,27,5,86,14.6
10/25/2017,4830,4398.888281,7.704137679,57.53636364,153.85,2.655,2.369,202.138,180.885,23.12,72.57142857,17,39.87096774,FALSE,null,null,FALSE,Colombo,26.8,2.2,86.04166667,11.6
10/26/2017,4830,4398.888281,7.704137679,57.53636364,153.6,2.643,2.361,201.596,181.743,23.09,74.42857143,17,40.03225806,FALSE,null,null,FALSE,Colombo,26.3,5.9,87.58333333,11.5
10/27/2017,4830,4398.888281,7.704137679,57.53636364,153.55,2.649,2.368,202.883,178.952,23.11,76.28571429,17,40.19354839,FALSE,null,null,FALSE,Colombo,26.3,1.4,84.91666667,11.8
10/28/2017,5071,4398.888281,7.704137679,57.53636364,null,null,null,null,null,null,78.14285714,17,40.35483871,FALSE,null,null,FALSE,Colombo,26.3,2.2,88.125,14.8
10/29/2017,5313,4398.888281,7.704137679,57.53636364,null,null,null,null,null,null,80,17,40.51612903,FALSE,null,null,FALSE,Colombo,25.9,12.3,88.04166667,12.3
10/30/2017,4588,4398.888281,7.704137679,57.53636364,153.6,2.633,2.373,204.06,178.272,23.15,79.14285714,17,40.67741935,FALSE,null,null,FALSE,Colombo,25.7,19.4,90.375,12.2
10/31/2017,4830,4398.888281,7.704137679,57.53636364,153.625,2.638,2.381,203.591,178.959,23.28,78.28571429,17,40.83870968,FALSE,null,null,FALSE,Colombo,25.3,27.8,91.66666667,19.9
11/1/2017,6662,4398.888281,7.704137679,62.83636364,153.7,2.639,2.379,200.586,178.912,23.24,77.42857143,21,41,FALSE,null,null,FALSE,Colombo,25.7,20.2,89.5,10.5
11/2/2017,6662,4398.888281,7.704137679,62.83636364,153.6,2.601,2.379,200.847,178.584,23.14,76.57142857,21,40.96666667,FALSE,null,null,FALSE,Colombo,25.7,14.6,90.41666667,12.3
11/3/2017,6662,4398.888281,7.704137679,62.83636364,153.6,2.636,2.377,202.322,179.067,23.15,75.71428571,21,40.93333333,TRUE,Il Full Moon Poya Day,null,FALSE,Colombo,25.9,7.5,88.91666667,15.3
11/4/2017,6995,4398.888281,7.704137679,62.83636364,null,null,null,null,null,null,74.85714286,21,40.9,FALSE,null,null,FALSE,Colombo,25.4,33,90.5,10.4
11/5/2017,7328,4398.888281,7.704137679,62.83636364,null,null,null,null,null,null,74,21,40.86666667,FALSE,null,null,FALSE,Colombo,25.3,15.8,90.95833333,12.9
11/6/2017,6329,4398.888281,7.704137679,62.83636364,153.6,2.584,2.358,202.015,178.314,23.11,74.42857143,21,40.83333333,FALSE,null,null,FALSE,Colombo,25.7,15.8,90.54166667,10.8
11/7/2017,6662,4398.888281,7.704137679,62.83636364,153.425,2.589,2.363,201.159,178.329,23.14,74.85714286,21,40.8,FALSE,null,null,FALSE,Colombo,25.1,9.6,90.54166667,9.8
11/8/2017,6662,4398.888281,7.704137679,62.83636364,153.375,2.591,2.364,201.914,177.766,23.13,75.28571429,21,40.76666667,FALSE,null,null,FALSE,Colombo,24.8,69.7,92.70833333,10.7
11/9/2017,6662,4398.888281,7.704137679,62.83636364,153.6,2.595,2.356,202.606,177.846,23.13,75.71428571,21,40.73333333,FALSE,null,null,FALSE,Colombo,25.7,15.7,87.20833333,17.9
11/10/2017,6662,4398.888281,7.704137679,62.83636364,153.6,2.587,2.348,201.528,178.814,23.14,76.14285714,21,40.7,FALSE,null,null,FALSE,Colombo,26,7.6,84.45833333,22.5
11/11/2017,6995,4398.888281,7.704137679,62.83636364,null,null,null,null,null,null,76.57142857,21,40.66666667,FALSE,null,null,FALSE,Colombo,25.7,7,88.79166667,18.7
11/12/2017,7328,4398.888281,7.704137679,62.83636364,null,null,null,null,null,null,77,21,40.63333333,FALSE,null,null,FALSE,Colombo,26.3,0,82.58333333,17.6
11/13/2017,6329,4398.888281,7.704137679,62.83636364,153.65,2.541,2.348,202.215,179.174,23.15,77.42857143,21,40.6,FALSE,null,null,FALSE,Colombo,26.5,6.6,85.125,15.7
11/14/2017,6662,4398.888281,7.704137679,62.83636364,153.6,2.553,2.356,202.578,179.256,23.22,77.85714286,21,40.56666667,FALSE,null,null,FALSE,Colombo,26.9,3.9,83,19.2
11/15/2017,6662,4398.888281,7.704137679,62.83636364,153.8,2.574,2.353,202.741,181.218,23.17,78.28571429,21,40.53333333,FALSE,null,null,FALSE,Colombo,26.6,0.2,81.625,15.2
11/16/2017,6664,4398.888281,7.704137679,62.83636364,153.65,2.6,2.363,203.026,181.353,23.19,78.71428571,21,40.5,FALSE,null,null,FALSE,Colombo,26.2,0,82.45833333,12.6
11/17/2017,6662,4398.888281,7.704137679,62.83636364,153.65,2.587,2.362,203.496,180.846,23.17,79.14285714,21,40.46666667,FALSE,null,null,FALSE,Colombo,26,0.1,80.33333333,12.6
11/18/2017,6995,4398.888281,7.704137679,62.83636364,null,null,null,null,null,null,79.57142857,21,40.43333333,FALSE,null,null,FALSE,Colombo,26.1,2.6,85.33333333,9
11/19/2017,7328,4398.888281,7.704137679,62.83636364,null,null,null,null,null,null,80,21,40.4,FALSE,null,null,FALSE,Colombo,26.3,6.8,88.125,10
11/20/2017,6329,4398.888281,7.704137679,62.83636364,153.75,2.6,2.37,203.597,181.23,23.2,80.28571429,21,40.36666667,FALSE,null,null,FALSE,Colombo,25.5,68.5,91.41666667,9.5
11/21/2017,6662,4398.888281,7.704137679,62.83636364,153.78,2.632,2.37,204.895,180.387,23.26,80.57142857,21,40.33333333,FALSE,null,null,FALSE,Colombo,25.5,7.3,89.5,10.1
11/22/2017,6662,4398.888281,7.704137679,62.83636364,153.75,2.63,2.381,204.585,180.507,23.35,80.85714286,21,40.3,FALSE,null,null,FALSE,Colombo,25.6,6,89.04166667,8.8
11/23/2017,6662,4398.888281,7.704137679,62.83636364,153.725,2.633,2.377,205.064,181.763,23.29,81.14285714,21,40.26666667,FALSE,null,null,FALSE,Colombo,25.7,17.5,89,9.4
11/24/2017,6662,4398.888281,7.704137679,62.83636364,153.75,2.626,2.382,204.565,182.187,23.28,81.42857143,21,40.23333333,FALSE,null,null,FALSE,Colombo,26.5,0.2,80,16.2
11/25/2017,6995,4398.888281,7.704137679,62.83636364,null,null,null,null,null,null,81.71428571,21,40.2,FALSE,null,null,FALSE,Colombo,24.6,17.6,84.33333333,21.6
11/26/2017,7328,4398.888281,7.704137679,62.83636364,null,null,null,null,null,null,82,21,40.16666667,FALSE,null,null,FALSE,Colombo,24.3,14.9,91.79166667,11.5
11/27/2017,6329,4398.888281,7.704137679,62.83636364,153.6,2.633,2.388,205.162,183.431,23.28,81.57142857,21,40.13333333,FALSE,null,null,FALSE,Colombo,24.4,50.6,92.5,15
11/28/2017,6662,4398.888281,7.704137679,62.83636364,153.8,2.623,2.389,206.197,182.754,23.27,81.14285714,21,40.1,FALSE,null,null,FALSE,Colombo,25.6,0.8,85.66666667,23.6
11/29/2017,6662,4398.888281,7.704137679,62.83636364,153.775,2.627,2.382,207.767,182.123,23.23,80.71428571,21,40.06666667,FALSE,null,null,FALSE,Colombo,25.1,33,89.91666667,34.6
11/30/2017,6662,4398.888281,7.704137679,62.83636364,153.6,2.608,2.381,206.938,182.185,23.21,80.28571429,21,40.03333333,FALSE,null,null,FALSE,Colombo,25,63.3,91.625,38.6
12/1/2017,8666,4398.888281,7.704137679,64.06428571,153.6,2.611,2.385,206.978,182.845,23.2,79.85714286,21,40,TRUE,Prophet's Birthday,Adams Peak Pilgrimage Season,TRUE,Colombo,24.7,69.9,93.83333333,18.4
12/2/2017,9099,4398.888281,7.704137679,64.06428571,null,null,null,null,null,null,79.42857143,21,40.06451613,FALSE,null,null,FALSE,Colombo,25.4,15.9,90.04166667,14.4
12/3/2017,9533,4398.888281,7.704137679,64.06428571,null,null,null,null,null,null,79,21,40.12903226,TRUE,Unduvap Full Moon Poya Day,null,FALSE,Colombo,25.6,6.6,88.375,15.1
12/4/2017,8233,4398.888281,7.704137679,64.06428571,153.55,2.61,2.383,206.149,182.646,23.17,78.85714286,21,40.19354839,FALSE,null,null,FALSE,Colombo,26,0.9,83.20833333,17.1
12/5/2017,8666,4398.888281,7.704137679,64.06428571,153.35,2.59,2.376,205.333,182.202,23.18,78.71428571,21,40.25806452,FALSE,null,null,FALSE,Colombo,26.3,0.1,80.66666667,16.2
12/6/2017,8666,4398.888281,7.704137679,64.06428571,153.325,2.592,2.376,206.691,181.352,23.17,78.57142857,21,40.32258065,FALSE,null,null,FALSE,Colombo,25.4,1.9,86.91666667,18.6
12/7/2017,8666,4398.888281,7.704137679,64.06428571,153.4,2.591,2.376,205.158,180.862,23.14,78.42857143,21,40.38709677,FALSE,null,null,FALSE,Colombo,25.7,1.2,86.45833333,15
12/8/2017,8666,4398.888281,7.704137679,64.06428571,153.2,2.598,2.379,204.22,180.597,23.13,78.28571429,21,40.4516129,FALSE,null,null,FALSE,Colombo,25.5,0,84.79166667,15.1
12/9/2017,9099,4398.888281,7.704137679,64.06428571,null,null,null,null,null,null,78.14285714,21,40.51612903,FALSE,null,null,FALSE,Colombo,24.7,0,82.625,13.6
12/10/2017,9533,4398.888281,7.704137679,64.06428571,null,null,null,null,null,null,78,21,40.58064516,FALSE,null,null,FALSE,Colombo,25.2,0.4,84.08333333,12.5
12/11/2017,8233,4398.888281,7.704137679,64.06428571,153.1,2.585,2.377,203.897,180.232,23.12,79.42857143,21,40.64516129,FALSE,null,null,FALSE,Colombo,26.1,1.1,85.33333333,11.2
12/12/2017,8666,4398.888281,7.704137679,64.06428571,153.11,2.616,2.377,205.594,180.184,23.15,80.85714286,21,40.70967742,FALSE,null,null,FALSE,Colombo,25.9,4.2,89.125,11.2
12/13/2017,8666,4398.888281,7.704137679,64.06428571,153.2,2.602,2.381,205.771,179.781,23.18,82.28571429,21,40.77419355,FALSE,null,null,FALSE,Colombo,25.4,8.7,89.75,10.8
12/14/2017,8666,4398.888281,7.704137679,64.06428571,153.2,2.603,2.39,204.019,181.182,23.17,83.71428571,21,40.83870968,FALSE,null,null,FALSE,Colombo,25.3,9.5,90,12.1
12/15/2017,8666,4398.888281,7.704137679,64.06428571,153.15,2.61,2.386,204.994,180.439,23.15,85.14285714,21,40.90322581,FALSE,null,null,FALSE,Colombo,25.5,3.7,88.79166667,9.8
12/16/2017,9097,4398.888281,7.704137679,64.06428571,null,null,null,null,null,null,86.57142857,21,40.96774194,FALSE,null,null,FALSE,Colombo,26.1,0.4,86.33333333,12.6
12/17/2017,9533,4398.888281,7.704137679,64.06428571,null,null,null,null,null,null,88,21,41.03225806,FALSE,null,null,FALSE,Colombo,26.5,0.2,78.625,19.7
12/18/2017,8233,4398.888281,7.704137679,64.06428571,153.175,2.608,2.39,204.966,180.012,23.18,89.42857143,21,41.09677419,FALSE,null,null,FALSE,Colombo,26.4,0,68.54166667,23.3
12/19/2017,8666,4398.888281,7.704137679,64.06428571,153.125,2.608,2.388,204.779,180.463,23.27,90.85714286,21,41.16129032,FALSE,null,null,FALSE,Colombo,26,0.4,75.83333333,19.2
12/20/2017,8666,4398.888281,7.704137679,64.06428571,153.1,2.616,2.389,204.698,181.3,23.22,92.28571429,21,41.22580645,FALSE,null,null,FALSE,Colombo,25,22.1,90.25,14.3
12/21/2017,8666,4398.888281,7.704137679,64.06428571,152.925,2.622,2.389,204.38,181.752,23.25,93.71428571,21,41.29032258,FALSE,null,null,FALSE,Colombo,24.9,6.1,88.125,10
12/22/2017,8666,4398.888281,7.704137679,64.06428571,152.95,2.637,2.389,204.479,181.576,23.39,95.14285714,21,41.35483871,FALSE,null,null,FALSE,Colombo,25.9,0,75.70833333,14.4
12/23/2017,9099,4398.888281,7.704137679,64.06428571,null,null,null,null,null,null,96.57142857,21,41.41935484,FALSE,null,null,FALSE,Colombo,26,0,70.375,16.3
12/24/2017,9533,4398.888281,7.704137679,64.06428571,null,null,null,null,null,null,98,21,41.48387097,FALSE,null,null,FALSE,Colombo,25.7,0.9,80.5,12.9
12/25/2017,8233,4398.888281,7.704137679,64.06428571,152.95,2.647,2.384,204.221,181.375,23.33,98,21,41.5483871,TRUE,Christmas Day,null,FALSE,Colombo,26.3,0.8,81.625,19.8
12/26/2017,8666,4398.888281,7.704137679,64.06428571,152.7,2.64,2.377,204.204,181.536,23.25,98,21,41.61290323,FALSE,null,null,FALSE,Colombo,26.1,0.6,81.66666667,16.9
12/27/2017,8666,4398.888281,7.704137679,64.06428571,152.425,2.665,2.394,206.224,181.079,23.48,98,21,41.67741935,FALSE,null,null,FALSE,Colombo,26.5,2.5,78.04166667,23.3
12/28/2017,8666,4398.888281,7.704137679,64.06428571,153.4,2.662,2.405,207.448,181.203,23.59,98,21,41.74193548,FALSE,null,null,FALSE,Colombo,26.2,0,67.45833333,22.6
12/29/2017,8666,4398.888281,7.704137679,64.06428571,153.5,2.662,2.41,207.279,183.206,23.59,98,21,41.80645161,FALSE,null,null,FALSE,Colombo,26,0,68.54166667,20.8
12/30/2017,9099,4398.888281,7.704137679,64.06428571,null,null,null,null,null,null,98,21,41.87096774,FALSE,null,null,FALSE,Colombo,25.9,0,76.29166667,14.5
12/31/2017,9533,4398.888281,7.704137679,64.06428571,null,null,null,null,null,null,98,21,41.93548387,FALSE,null,null,FALSE,Colombo,25.9,0,79.58333333,20.9
1/1/2018,6091,4358.560959,2.135037737,68.88913043,153.5,2.669,2.42,208.644,184.169,23.65,97.28571429,20,42,TRUE,Duruthu Full Moon Poya Day,null,FALSE,Colombo,25.6,0.3,83.04166667,14
1/2/2018,6411,4358.560959,2.135037737,68.88913043,153.55,2.69,2.42,207.733,184.353,23.64,96.57142857,20,42.09677419,FALSE,null,null,FALSE,Colombo,25.6,0.4,81.625,14.1
1/3/2018,6411,4358.560959,2.135037737,68.88913043,153.7,2.698,2.424,208.242,185.166,23.66,95.85714286,20,42.19354839,FALSE,null,null,FALSE,Colombo,25.8,1.5,81.58333333,15.9
1/4/2018,6411,4358.560959,2.135037737,68.88913043,153.65,2.696,2.424,208.341,184.671,23.66,95.14285714,20,42.29032258,FALSE,null,null,FALSE,Colombo,26.1,0,70.33333333,20
1/5/2018,6411,4358.560959,2.135037737,68.88913043,153.525,2.692,2.423,208.642,185.425,23.66,94.42857143,20,42.38709677,FALSE,null,null,FALSE,Colombo,25.4,0,65.41666667,19.5
1/6/2018,6732,4358.560959,2.135037737,68.88913043,null,null,null,null,null,null,93.71428571,20,42.48387097,FALSE,null,null,FALSE,Colombo,25.1,0,64.08333333,22.6
1/7/2018,7053,4358.560959,2.135037737,68.88913043,null,null,null,null,null,null,93,20,42.58064516,FALSE,null,null,FALSE,Colombo,24.8,0,64.16666667,22.4
1/8/2018,6091,4358.560959,2.135037737,68.88913043,153.775,2.704,2.416,208.245,184.691,23.55,92,20,42.67741935,FALSE,null,null,FALSE,Colombo,25.1,0,66.75,23.4
1/9/2018,6411,4358.560959,2.135037737,68.88913043,153.8,2.696,2.417,207.738,184.023,23.63,91,20,42.77419355,FALSE,null,null,FALSE,Colombo,25.7,0,73.125,20.1
1/10/2018,6411,4358.560959,2.135037737,68.88913043,153.8,2.723,2.414,208.147,183.591,23.67,90,20,42.87096774,FALSE,null,null,FALSE,Colombo,25.9,4.1,80.16666667,11.2
1/11/2018,6411,4358.560959,2.135037737,68.88913043,153.75,2.718,2.42,211.366,183.744,23.83,89,20,42.96774194,FALSE,null,null,FALSE,Colombo,25.8,5.4,84.875,13.8
1/12/2018,6411,4358.560959,2.135037737,68.88913043,153.95,2.733,2.424,212.328,184.992,23.92,88,20,43.06451613,FALSE,null,null,FALSE,Colombo,25.5,1.6,85.54166667,14.6
1/13/2018,6732,4358.560959,2.135037737,68.88913043,null,null,null,null,null,null,87,20,43.16129032,FALSE,null,null,FALSE,Colombo,25.4,1.7,87.41666667,9
1/14/2018,7053,4358.560959,2.135037737,68.88913043,null,null,null,null,null,null,86,20,43.25806452,TRUE,Tamil Thai Pongal Day,null,FALSE,Colombo,26.1,2.8,83.95833333,12.9
1/15/2018,6091,4358.560959,2.135037737,68.88913043,153.95,2.723,2.404,212.302,187.619,23.89,86.14285714,20,43.35483871,FALSE,null,null,FALSE,Colombo,26.5,0,68.54166667,16.6
1/16/2018,6414,4358.560959,2.135037737,68.88913043,153.925,2.708,2.41,212.867,188.789,23.93,86.28571429,20,43.4516129,FALSE,null,null,FALSE,Colombo,26.5,0,63.20833333,17.6
1/17/2018,6411,4358.560959,2.135037737,68.88913043,153.95,2.724,2.409,213.779,188.72,23.97,86.42857143,20,43.5483871,FALSE,null,null,FALSE,Colombo,25.8,0,62.83333333,19.1
1/18/2018,6411,4358.560959,2.135037737,68.88913043,153.875,2.713,2.411,213.175,187.603,24.03,86.57142857,20,43.64516129,FALSE,null,null,FALSE,Colombo,25.7,0,58.95833333,22.1
1/19/2018,6411,4358.560959,2.135037737,68.88913043,153.9,2.727,2.411,215.485,188.32,24.05,86.71428571,20,43.74193548,FALSE,null,null,FALSE,Colombo,26,0,63.91666667,25
1/20/2018,6732,4358.560959,2.135037737,68.88913043,null,null,null,null,null,null,86.85714286,20,43.83870968,FALSE,null,null,FALSE,Colombo,25.7,0,65.45833333,22.9
1/21/2018,7053,4358.560959,2.135037737,68.88913043,null,null,null,null,null,null,87,20,43.93548387,FALSE,null,null,FALSE,Colombo,25.6,0,67.08333333,25.7
1/22/2018,6091,4358.560959,2.135037737,68.88913043,154.05,2.735,2.418,215.825,188.089,24.07,86.85714286,20,44.03225806,FALSE,null,null,FALSE,Colombo,25.5,0.1,73.08333333,16.2
1/23/2018,6411,4358.560959,2.135037737,68.88913043,154.15,2.738,2.415,218.986,188.896,24.14,86.71428571,20,44.12903226,FALSE,null,null,FALSE,Colombo,25.5,0,79,12.8
1/24/2018,6411,4358.560959,2.135037737,68.88913043,153.75,2.749,2.421,217.433,189.589,24.31,86.57142857,20,44.22580645,FALSE,null,null,FALSE,Colombo,25.6,0.3,76.95833333,25.7
1/25/2018,6411,4358.560959,2.135037737,68.88913043,153.75,2.733,2.417,217.801,190.773,24.32,86.42857143,20,44.32258065,FALSE,null,null,FALSE,Colombo,25.6,0,71.83333333,26.2
1/26/2018,6411,4358.560959,2.135037737,68.88913043,153.7,2.73,2.417,216.36,190.596,24.26,86.28571429,20,44.41935484,FALSE,null,null,FALSE,Colombo,25.8,0,72.79166667,24.2
1/27/2018,6732,4358.560959,2.135037737,68.88913043,null,null,null,null,null,null,86.14285714,20,44.51612903,FALSE,null,null,FALSE,Colombo,26.5,0,70.70833333,22.7
1/28/2018,7053,4358.560959,2.135037737,68.88913043,null,null,null,null,null,null,86,20,44.61290323,FALSE,null,null,FALSE,Colombo,27,0,59.625,23.5
1/29/2018,6091,4358.560959,2.135037737,68.88913043,153.725,2.732,2.418,217.821,190.911,24.35,85.71428571,20,44.70967742,FALSE,null,null,FALSE,Colombo,27.4,0.1,69.41666667,23.5
1/30/2018,6411,4358.560959,2.135037737,68.88913043,153.975,2.74,2.423,218.522,190.35,24.48,85.42857143,20,44.80645161,FALSE,null,null,FALSE,Colombo,27.5,2.5,74.375,18.4
1/31/2018,6411,4358.560959,2.135037737,68.88913043,153.975,2.753,2.409,219.86,190.96,24.47,85.14285714,20,44.90322581,TRUE,Nawam Full Moon Poya Day,null,FALSE,Colombo,26.9,2.2,72.58333333,20.6
2/1/2018,6684,4358.560959,2.135037737,65.6965,154.125,2.728,2.405,217.84,191.252,24.48,84.85714286,20,45,FALSE,null,null,FALSE,Colombo,27,0.1,71.54166667,20.6
2/2/2018,6684,4358.560959,2.135037737,65.6965,154.25,2.691,2.405,215.31,192.81,24.52,84.57142857,20,45.07142857,FALSE,null,null,FALSE,Colombo,26.6,0,71.16666667,12.3
2/3/2018,7018,4358.560959,2.135037737,65.6965,null,null,null,null,null,null,84.28571429,20,45.14285714,FALSE,null,null,FALSE,Colombo,26.8,0,67.41666667,24
2/4/2018,7353,4358.560959,2.135037737,65.6965,null,null,null,null,null,null,84,20,45.21428571,TRUE,Independence Day,null,FALSE,Colombo,26.6,0.6,68.79166667,17.9
2/5/2018,6350,4358.560959,2.135037737,65.6965,154.25,2.721,2.409,215.783,192.219,24.62,84,20,45.28571429,FALSE,null,null,FALSE,Colombo,26.8,0,71.95833333,13.5
2/6/2018,6684,4358.560959,2.135037737,65.6965,154.7,2.67,2.405,214.574,190.768,24.66,84,20,45.35714286,FALSE,null,null,FALSE,Colombo,27,1.3,76.04166667,12.6
2/7/2018,6684,4358.560959,2.135037737,65.6965,154.575,2.642,2.401,214.755,191.472,24.4,84,20,45.42857143,FALSE,null,null,FALSE,Colombo,26.6,3.6,81.875,13.2
2/8/2018,6684,4358.560959,2.135037737,65.6965,154.35,2.644,2.398,213.582,189.587,24.51,84,20,45.5,FALSE,null,null,FALSE,Colombo,26.1,2,81.83333333,12.6
2/9/2018,6684,4358.560959,2.135037737,65.6965,154.35,2.681,2.411,214.42,189.032,24.49,84,20,45.57142857,FALSE,null,null,FALSE,Colombo,26.6,6.2,82.04166667,16.8
2/10/2018,7018,4358.560959,2.135037737,65.6965,null,null,null,null,null,null,84,20,45.64285714,FALSE,null,null,FALSE,Colombo,26.3,0.9,82.75,13.8
2/11/2018,7353,4358.560959,2.135037737,65.6965,null,null,null,null,null,null,84,20,45.71428571,FALSE,null,null,FALSE,Colombo,26.7,0.1,78.875,15.1
2/12/2018,6350,4358.560959,2.135037737,65.6965,154.95,2.687,2.411,215.257,188.847,24.44,85.14285714,20,45.78571429,FALSE,null,null,FALSE,Colombo,27.5,3.3,74.83333333,19
2/13/2018,6684,4358.560959,2.135037737,65.6965,154.95,2.743,2.427,217.809,190.464,24.51,86.28571429,20,45.85714286,TRUE,Maha Sivarathri Day,null,FALSE,Colombo,27,0.1,74.08333333,18.2
2/14/2018,6684,4358.560959,2.135037737,65.6965,155.6,2.747,2.425,218.421,191.394,24.4,87.42857143,20,45.92857143,FALSE,null,null,FALSE,Colombo,27.3,0.3,69.20833333,20.3
2/15/2018,6686,4358.560959,2.135037737,65.6965,154.925,2.752,2.417,217.974,193.722,24.45,88.57142857,20,46,FALSE,null,null,FALSE,Colombo,28,0.8,71.16666667,15
2/16/2018,6684,4358.560959,2.135037737,65.6965,155.225,2.753,2.42,217.778,193.75,24.5,89.71428571,20,46.07142857,FALSE,null,null,FALSE,Colombo,28.4,5.7,66.29166667,16.6
2/17/2018,7018,4358.560959,2.135037737,65.6965,null,null,null,null,null,null,90.85714286,20,46.14285714,FALSE,null,null,FALSE,Colombo,27.2,0,67.125,23.3
2/18/2018,7353,4358.560959,2.135037737,65.6965,null,null,null,null,null,null,92,20,46.21428571,FALSE,null,null,FALSE,Colombo,26.1,0,72.625,16.6
2/19/2018,6350,4358.560959,2.135037737,65.6965,155.5,2.749,2.398,217.63,192.572,24.5,91.85714286,20,46.28571429,FALSE,null,null,FALSE,Colombo,26.4,0,70.20833333,22
2/20/2018,6684,4358.560959,2.135037737,65.6965,155.5,2.736,2.395,216.042,192.936,24.45,91.71428571,20,46.35714286,FALSE,null,null,FALSE,Colombo,26.2,0,62.20833333,20.3
2/21/2018,6684,4358.560959,2.135037737,65.6965,155.225,2.75,2.389,216.683,191.856,24.44,91.57142857,20,46.42857143,FALSE,null,null,FALSE,Colombo,26.1,0,66.83333333,16.2
2/22/2018,6684,4358.560959,2.135037737,65.6965,155.2,2.756,2.398,216.741,190.679,24.49,91.42857143,20,46.5,FALSE,null,null,FALSE,Colombo,26.3,0,73.08333333,18.8
2/23/2018,6684,4358.560959,2.135037737,65.6965,155.175,2.784,2.392,216.365,191.369,24.52,91.28571429,20,46.57142857,FALSE,null,null,FALSE,Colombo,26.8,0.1,74.91666667,17.9
2/24/2018,7018,4358.560959,2.135037737,65.6965,null,null,null,null,null,null,91.14285714,20,46.64285714,FALSE,null,null,FALSE,Colombo,27.6,0.5,74.54166667,23.6
2/25/2018,7353,4358.560959,2.135037737,65.6965,null,null,null,null,null,null,91,20,46.71428571,FALSE,null,IRONMAN 70.3 Colombo (Triathlon),TRUE,Colombo,27,12.6,79.375,13.7
2/26/2018,6350,4358.560959,2.135037737,65.6965,154.9,2.751,2.386,215.416,190.764,24.52,91.42857143,20,46.78571429,FALSE,null,null,FALSE,Colombo,26.6,6.8,81.41666667,15
2/27/2018,6684,4358.560959,2.135037737,65.6965,154.875,2.752,2.378,213.356,190.798,24.49,91.85714286,20,46.85714286,FALSE,null,null,FALSE,Colombo,26,8.7,85.70833333,13.4
2/28/2018,6684,4358.560959,2.135037737,65.6965,155.05,2.729,2.377,213.597,189.458,24.39,92.28571429,20,46.92857143,FALSE,null,null,FALSE,Colombo,26.1,8.7,86.25,15.3
3/1/2018,6391,4358.560959,2.135037737,66.89181818,155.05,2.732,2.38,214.288,189.068,24.46,92.71428571,20,47,TRUE,Medin Full Moon Poya Day,null,FALSE,Colombo,27.2,1.7,83.04166667,11.4
3/2/2018,6391,4358.560959,2.135037737,66.89181818,155.225,2.747,2.383,214.591,190.208,24.4,93.14285714,20,47.09677419,FALSE,null,null,FALSE,Colombo,26.6,7,86,10.6
3/3/2018,6711,4358.560959,2.135037737,66.89181818,null,null,null,null,null,null,93.57142857,20,47.19354839,FALSE,null,null,FALSE,Colombo,26.4,9.1,87.79166667,11.5
3/4/2018,7030,4358.560959,2.135037737,66.89181818,null,null,null,null,null,null,94,20,47.29032258,FALSE,null,null,FALSE,Colombo,26.2,4.9,86.29166667,11.8
3/5/2018,6071,4358.560959,2.135037737,66.89181818,154.95,2.735,2.389,215.361,191.198,24.58,93,20,47.38709677,FALSE,null,null,FALSE,Colombo,26.4,2,84.95833333,15.1
3/6/2018,6391,4358.560959,2.135037737,66.89181818,155.075,2.734,2.395,215.987,191.147,24.56,92,20,47.48387097,FALSE,null,null,FALSE,Colombo,26.5,4,85.33333333,13.1
3/7/2018,6391,4358.560959,2.135037737,66.89181818,155.375,2.722,2.387,214.673,192.355,24.51,91,20,47.58064516,FALSE,null,null,FALSE,Colombo,26.3,0.2,82.83333333,12.7
3/8/2018,6391,4358.560959,2.135037737,66.89181818,155.425,2.745,2.388,215.352,192.836,24.56,90,20,47.67741935,FALSE,null,null,FALSE,Colombo,26.8,0.4,79.91666667,11.6
3/9/2018,6391,4358.560959,2.135037737,66.89181818,155.5,2.735,2.395,216.439,191.359,24.59,89,20,47.77419355,FALSE,null,null,FALSE,Colombo,26.2,12.9,85.66666667,11.2
3/10/2018,6711,4358.560959,2.135037737,66.89181818,null,null,null,null,null,null,88,20,47.87096774,FALSE,null,null,FALSE,Colombo,26.1,8.1,82.25,13
3/11/2018,7030,4358.560959,2.135037737,66.89181818,null,null,null,null,null,null,87,20,47.96774194,FALSE,null,null,FALSE,Colombo,26.3,3.7,81.375,11.6
3/12/2018,6071,4358.560959,2.135037737,66.89181818,155.65,2.73,2.402,217.45,191.374,24.64,86.57142857,20,48.06451613,FALSE,null,null,FALSE,Colombo,26.1,8.2,85.25,13.9
3/13/2018,6391,4358.560959,2.135037737,66.89181818,155.75,2.726,2.404,217.582,191.994,24.67,86.14285714,20,48.16129032,FALSE,null,null,FALSE,Colombo,26.2,2.4,85.45833333,10.7
3/14/2018,6391,4358.560959,2.135037737,66.89181818,155.85,2.717,2.401,217.495,192.974,24.68,85.71428571,20,48.25806452,FALSE,null,null,FALSE,Colombo,26.8,1.6,85.29166667,10.9
3/15/2018,6391,4358.560959,2.135037737,66.89181818,156.05,2.713,2.401,217.499,192.74,24.63,85.28571429,20,48.35483871,FALSE,null,null,FALSE,Colombo,27.4,1.2,83.20833333,12.6
3/16/2018,6391,4358.560959,2.135037737,66.89181818,156.025,2.702,2.393,218.915,192.012,24.65,84.85714286,20,48.4516129,FALSE,null,null,FALSE,Colombo,27.3,0.9,85.5,10.4
3/17/2018,6711,4358.560959,2.135037737,66.89181818,null,null,null,null,null,null,84.42857143,20,48.5483871,FALSE,null,null,FALSE,Colombo,26.6,10.7,89.125,9.6
3/18/2018,7030,4358.560959,2.135037737,66.89181818,null,null,null,null,null,null,84,20,48.64516129,FALSE,null,null,FALSE,Colombo,27,3.2,86.58333333,15
3/19/2018,6071,4358.560959,2.135037737,66.89181818,156.1,2.712,2.394,218.509,191.747,24.64,84.28571429,20,48.74193548,FALSE,null,null,FALSE,Colombo,26.9,0.7,87.91666667,14
3/20/2018,6391,4358.560959,2.135037737,66.89181818,156.1,2.744,2.394,220.67,192.549,24.68,84.57142857,20,48.83870968,FALSE,null,null,FALSE,Colombo,27.1,0.3,83.25,16.5
3/21/2018,6391,4358.560959,2.135037737,66.89181818,156.05,2.727,2.398,220.088,191.097,24.65,84.85714286,20,48.93548387,FALSE,null,null,FALSE,Colombo,27.2,1.5,83.04166667,14.8
3/22/2018,6391,4358.560959,2.135037737,66.89181818,156.135,2.728,2.403,220.695,192.535,24.72,85.14285714,20,49.03225806,FALSE,null,null,FALSE,Colombo,27.5,1.2,82.625,15.3
3/23/2018,6391,4358.560959,2.135037737,66.89181818,156.15,2.728,2.408,222.072,192.077,24.88,85.42857143,20,49.12903226,FALSE,null,null,FALSE,Colombo,27.6,5.7,82.45833333,15.2
3/24/2018,6711,4358.560959,2.135037737,66.89181818,null,null,null,null,null,null,85.71428571,20,49.22580645,FALSE,null,null,FALSE,Colombo,27.3,0.4,82.29166667,15.9
3/25/2018,7030,4358.560959,2.135037737,66.89181818,null,null,null,null,null,null,86,20,49.32258065,FALSE,null,null,FALSE,Colombo,27.1,0.1,77.375,14.8
3/26/2018,6071,4358.560959,2.135037737,66.89181818,156.075,2.719,2.403,220.955,192.892,24.84,86,20,49.41935484,FALSE,null,null,FALSE,Colombo,26.8,20.5,85.20833333,10.3
3/27/2018,6391,4358.560959,2.135037737,66.89181818,156.075,2.696,2.389,219.152,194.196,24.72,86,20,49.51612903,FALSE,null,null,FALSE,Colombo,26.3,6.5,88.20833333,12
3/28/2018,6391,4358.560959,2.135037737,66.89181818,155.675,2.718,2.391,218.253,193.58,24.75,86,20,49.61290323,FALSE,null,null,FALSE,Colombo,26.8,2.6,85.16666667,12.9
3/29/2018,6391,4358.560959,2.135037737,66.89181818,155.7,2.725,2.391,218.253,191.605,24.81,86,20,49.70967742,FALSE,null,null,FALSE,Colombo,27.4,1.5,82.625,12.8
3/30/2018,6391,4358.560959,2.135037737,66.89181818,155.7,2.699,2.383,218.021,191.526,24.72,86,20,49.80645161,TRUE,Good Friday,null,FALSE,Colombo,27.4,0.8,82.83333333,12.3
3/31/2018,6711,4358.560959,2.135037737,66.89181818,null,null,null,null,null,null,86,20,49.90322581,TRUE,Bak Full Moon Poya Day,null,FALSE,Colombo,27.6,3,83.375,17.3
4/1/2018,6454,4358.560959,2.135037737,71.93285714,null,null,null,null,null,null,86,21,50,FALSE,null,null,FALSE,Colombo,27.3,5.6,84.95833333,13.5
4/2/2018,5574,4358.560959,2.135037737,71.93285714,155.225,2.704,2.397,219.032,191.862,24.77,88,21,49.6,FALSE,null,null,FALSE,Colombo,27,1.4,86.54166667,14.3
4/3/2018,5867,4358.560959,2.135037737,71.93285714,155.8,2.715,2.398,219.601,190.958,24.73,90,21,49.2,FALSE,null,null,FALSE,Colombo,27,0.9,84.83333333,14
4/4/2018,5867,4358.560959,2.135037737,71.93285714,155.95,2.695,2.396,217.755,191.174,24.66,92,21,48.8,FALSE,null,null,FALSE,Colombo,27.2,0.7,82.375,14.6
4/5/2018,5867,4358.560959,2.135037737,71.93285714,155.5,2.674,2.395,219.139,191.476,24.66,94,21,48.4,FALSE,null,null,FALSE,Colombo,27.4,3.1,81.79166667,12.3
4/6/2018,5867,4358.560959,2.135037737,71.93285714,155.5,2.567,2.395,219.808,190.333,24.66,96,21,48,FALSE,null,null,FALSE,Colombo,26.5,11.7,86.33333333,13.1
4/7/2018,6161,4358.560959,2.135037737,71.93285714,null,null,null,null,null,null,98,21,47.6,FALSE,null,null,FALSE,Colombo,26.4,1.8,84.70833333,11.9
4/8/2018,6454,4358.560959,2.135037737,71.93285714,null,null,null,null,null,null,100,21,47.2,FALSE,null,null,FALSE,Colombo,27,6,82.54166667,12
4/9/2018,5574,4358.560959,2.135037737,71.93285714,155.55,2.466,2.395,220.493,191.001,24.76,98.57142857,21,46.8,FALSE,null,null,FALSE,Colombo,27,3.1,83.75,10.4
4/10/2018,5867,4358.560959,2.135037737,71.93285714,155.55,2.493,2.386,220.728,191.645,24.84,97.14285714,21,46.4,FALSE,null,null,FALSE,Colombo,27.4,1.9,81.29166667,11.8
4/11/2018,5867,4358.560959,2.135037737,71.93285714,155.7,2.511,2.384,221.487,192.197,24.74,95.71428571,21,46,FALSE,null,null,FALSE,Colombo,26.8,10.9,86.41666667,12.9
4/12/2018,5867,4358.560959,2.135037737,71.93285714,155.675,2.51,2.386,221.697,192.554,24.81,94.28571429,21,45.6,FALSE,null,null,FALSE,Colombo,26.4,21.9,86.20833333,11.8
4/13/2018,5867,4358.560959,2.135037737,71.93285714,155.675,2.551,2.382,223.637,191.9,24.85,92.85714286,21,45.2,TRUE,Day Before Sinhala and Tamil New Year,null,FALSE,Colombo,26.2,15.2,89,10.3
4/14/2018,6161,4358.560959,2.135037737,71.93285714,null,null,null,null,null,null,91.42857143,21,44.8,TRUE,Sinhala and Tamil New Year,null,FALSE,Colombo,26.2,18,88.16666667,12.2
4/15/2018,6454,4358.560959,2.135037737,71.93285714,null,null,null,null,null,null,90,21,44.4,FALSE,null,null,FALSE,Colombo,26.6,6.2,86.125,14.8
4/16/2018,5581,4358.560959,2.135037737,71.93285714,155.975,2.541,2.381,223.393,191.963,24.89,88.85714286,21,44,FALSE,null,null,FALSE,Colombo,27.2,1.6,85.04166667,11.2
4/17/2018,5867,4358.560959,2.135037737,71.93285714,156.35,2.57,2.38,222.135,193.089,24.93,87.71428571,21,43.6,FALSE,null,null,FALSE,Colombo,26.9,4.8,87.16666667,11.4
4/18/2018,5867,4358.560959,2.135037737,71.93285714,156.4,2.564,2.371,220.039,193.412,24.87,86.57142857,21,43.2,FALSE,null,null,FALSE,Colombo,26.3,13.5,90,11.9
4/19/2018,5867,4358.560959,2.135037737,71.93285714,156.15,2.547,2.361,218.961,193.522,24.83,85.42857143,21,42.8,FALSE,null,null,FALSE,Colombo,26.9,0.5,84.91666667,11.1
4/20/2018,5867,4358.560959,2.135037737,71.93285714,156.35,2.534,2.357,218.63,192.782,24.83,84.28571429,21,42.4,FALSE,null,null,FALSE,Colombo,27.4,3,84.75,13
4/21/2018,6161,4358.560959,2.135037737,71.93285714,null,null,null,null,null,null,83.14285714,21,42,FALSE,null,null,FALSE,Colombo,27.4,2.4,83.70833333,11.6
4/22/2018,6454,4358.560959,2.135037737,71.93285714,null,null,null,null,null,null,82,21,41.6,FALSE,null,null,FALSE,Colombo,27.5,1.3,85.70833333,14.5
4/23/2018,5574,4358.560959,2.135037737,71.93285714,156.825,2.549,2.363,219.369,192.123,24.89,80.71428571,21,41.2,FALSE,null,null,FALSE,Colombo,27.5,2.2,84.70833333,14.2
4/24/2018,5867,4358.560959,2.135037737,71.93285714,156.95,2.527,2.357,219.692,191.468,24.93,79.42857143,21,40.8,FALSE,null,null,FALSE,Colombo,27.1,3.5,84.45833333,13.5
4/25/2018,5867,4358.560959,2.135037737,71.93285714,157.7,2.509,2.359,219.402,191.997,24.87,78.14285714,21,40.4,FALSE,null,null,FALSE,Colombo,27.5,1.6,84.875,14
4/26/2018,5867,4358.560959,2.135037737,71.93285714,157.6,2.537,2.367,217.311,191.779,24.9,76.85714286,21,40,FALSE,null,null,FALSE,Colombo,27.2,8.4,86.66666667,12.2
4/27/2018,5867,4358.560959,2.135037737,71.93285714,157.7,2.505,2.373,217.177,190.744,24.9,75.57142857,21,39.6,FALSE,null,null,FALSE,Colombo,27.7,2.8,84.91666667,10.7
4/28/2018,6161,4358.560959,2.135037737,71.93285714,null,null,null,null,null,null,74.28571429,21,39.2,FALSE,null,null,FALSE,Colombo,27.1,6,86.95833333,14.6
4/29/2018,6454,4358.560959,2.135037737,71.93285714,null,null,null,null,null,null,73,21,38.8,TRUE,Vesak Full Moon Poya Day,null,FALSE,Colombo,27,2.3,86.75,11.2
4/30/2018,5574,4358.560959,2.135037737,71.93285714,157.7,2.473,2.361,214.693,191.29,24.9,72.14285714,21,38.4,TRUE,Day Following Vesak Full Moon Poya Day,null,FALSE,Colombo,27.4,2,86.20833333,14.9
5/1/2018,4267,4358.560959,2.135037737,76.93434783,157.7,2.459,2.363,213.995,190.478,24.77,71.28571429,18,38,TRUE,International Workers' Day,null,FALSE,Colombo,27.7,5.4,86.25,13.9
5/2/2018,4267,4358.560959,2.135037737,76.93434783,157.575,2.503,2.365,214.06,189.137,24.82,70.42857143,18,38,FALSE,null,null,FALSE,Colombo,27.3,5.3,88.66666667,12.7
5/3/2018,4267,4358.560959,2.135037737,76.93434783,157.675,2.52,2.358,213.178,188.318,24.76,69.57142857,18,38,FALSE,null,null,FALSE,Colombo,27.3,1.8,87.70833333,14.3
5/4/2018,4267,4358.560959,2.135037737,76.93434783,157.53,2.504,2.346,213.563,189.029,24.74,68.71428571,18,38,FALSE,null,null,FALSE,Colombo,27.3,1.4,85.29166667,14
5/5/2018,4481,4358.560959,2.135037737,76.93434783,null,null,null,null,null,null,67.85714286,18,38,FALSE,null,null,FALSE,Colombo,26.4,8.6,89,14.2
5/6/2018,4694,4358.560959,2.135037737,76.93434783,null,null,null,null,null,null,67,18,38,FALSE,null,null,FALSE,Colombo,26.9,5.9,87.33333333,16.6
5/7/2018,4054,4358.560959,2.135037737,76.93434783,157.53,2.493,2.348,213.501,188.406,24.74,66.85714286,18,38,FALSE,null,null,FALSE,Colombo,26.8,2.7,88.04166667,15.7
5/8/2018,4267,4358.560959,2.135037737,76.93434783,157.6,2.507,2.346,214.034,187.815,24.83,66.71428571,18,38,FALSE,null,null,FALSE,Colombo,26.6,14.3,88,17.7
5/9/2018,4267,4358.560959,2.135037737,76.93434783,158,2.558,2.347,213.346,186.984,24.85,66.57142857,18,38,FALSE,null,null,FALSE,Colombo,26.1,25.1,90.04166667,20.2
5/10/2018,4267,4358.560959,2.135037737,76.93434783,157.8,2.549,2.343,213.717,187.238,24.91,66.42857143,18,38,FALSE,null,null,FALSE,Colombo,26.5,22.2,88.625,15.5
5/11/2018,4267,4358.560959,2.135037737,76.93434783,157.8,2.554,2.339,214.227,188.018,24.93,66.28571429,18,38,FALSE,null,null,FALSE,Colombo,26.7,14.2,87.5,13.2
5/12/2018,4481,4358.560959,2.135037737,76.93434783,null,null,null,null,null,null,66.14285714,18,38,FALSE,null,null,FALSE,Colombo,26.2,21.8,89.95833333,14.7
5/13/2018,4694,4358.560959,2.135037737,76.93434783,null,null,null,null,null,null,66,18,38,FALSE,null,null,FALSE,Colombo,26.5,14.6,88.58333333,13.6
5/14/2018,4054,4358.560959,2.135037737,76.93434783,158.025,2.538,2.322,213.538,188.476,24.79,66,18,38,FALSE,null,null,FALSE,Colombo,26,29.4,90.08333333,13.7
5/15/2018,4267,4358.560959,2.135037737,76.93434783,158.1,2.563,2.334,213.313,188.476,24.82,66,18,38,FALSE,null,null,FALSE,Colombo,26.8,4.5,86.04166667,11.8
5/16/2018,4275,4358.560959,2.135037737,76.93434783,158.15,2.538,2.329,213.283,187.151,24.78,66,18,38,FALSE,null,null,FALSE,Colombo,26.1,20.8,89.70833333,13.9
5/17/2018,4267,4358.560959,2.135037737,76.93434783,157.8,2.531,2.32,212.545,186.736,24.73,66,18,38,FALSE,null,null,FALSE,Colombo,25.5,21.8,91.625,16.8
5/18/2018,4267,4358.560959,2.135037737,76.93434783,157.75,2.563,2.317,211.933,186.109,24.72,66,18,38,FALSE,null,null,FALSE,Colombo,25.2,22,91.58333333,14.8
5/19/2018,4481,4358.560959,2.135037737,76.93434783,null,null,null,null,null,null,66,18,38,FALSE,null,null,FALSE,Colombo,27.1,4.9,86.25,13.7
5/20/2018,4694,4358.560959,2.135037737,76.93434783,null,null,null,null,null,null,66,18,38,FALSE,null,null,FALSE,Colombo,26,21,90.58333333,15.9
5/21/2018,4054,4358.560959,2.135037737,76.93434783,157.8,2.579,2.321,212.147,185.79,24.8,65.28571429,18,38,FALSE,null,null,FALSE,Colombo,25.7,37.8,91.16666667,19
5/22/2018,4267,4358.560959,2.135037737,76.93434783,157.9,2.575,2.309,210.667,186.07,24.71,64.57142857,18,38,FALSE,null,null,FALSE,Colombo,26.4,17.4,89.83333333,15.6
5/23/2018,4267,4358.560959,2.135037737,76.93434783,157.85,2.566,2.312,211.42,185.99,24.77,63.85714286,18,38,FALSE,null,null,FALSE,Colombo,26.3,19.8,90.41666667,18.5
5/24/2018,4267,4358.560959,2.135037737,76.93434783,158,2.539,2.334,210.349,184.621,24.73,63.14285714,18,38,FALSE,null,null,FALSE,Colombo,25.8,35.6,91.75,18.3
5/25/2018,4267,4358.560959,2.135037737,76.93434783,158.05,2.534,2.343,210.287,185.168,24.68,62.42857143,18,38,FALSE,null,null,FALSE,Colombo,25.9,29.2,90.5,21.7
5/26/2018,4481,4358.560959,2.135037737,76.93434783,null,null,null,null,null,null,61.71428571,18,38,FALSE,null,null,FALSE,Colombo,26.2,28.6,89.625,23.5
5/27/2018,4694,4358.560959,2.135037737,76.93434783,null,null,null,null,null,null,61,18,38,FALSE,null,null,FALSE,Colombo,26.6,27.2,88.29166667,24.1
5/28/2018,4054,4358.560959,2.135037737,76.93434783,157.95,2.512,2.328,209.339,184.16,24.61,61.28571429,18,38,FALSE,null,null,FALSE,Colombo,27.4,16.1,84.29166667,25.5
5/29/2018,4267,4358.560959,2.135037737,76.93434783,157.95,2.546,2.344,210.139,183.593,24.63,61.57142857,18,38,TRUE,Adhi Poson Full Moon Poya Day,null,FALSE,Colombo,28.1,4.6,80.875,25.4
5/30/2018,4267,4358.560959,2.135037737,76.93434783,158.1,2.538,2.347,210.481,182.274,24.69,61.85714286,18,38,FALSE,null,null,FALSE,Colombo,28.5,7.8,80.66666667,25.8
5/31/2018,4267,4358.560959,2.135037737,76.93434783,158.25,2.55,2.368,211.766,184.392,24.71,62.14285714,18,38,FALSE,null,null,FALSE,Colombo,28,3.4,82.54166667,23.8
6/1/2018,4401,4358.560959,2.135037737,75.80285714,158.65,2.555,2.364,211.037,185.025,24.73,62.42857143,18,38,FALSE,null,null,FALSE,Colombo,26.5,35,88.33333333,24.1
6/2/2018,4621,4358.560959,2.135037737,75.80285714,null,null,null,null,null,null,62.71428571,18,38.13333333,FALSE,null,null,FALSE,Colombo,26.6,23.7,88.41666667,25.3
6/3/2018,4841,4358.560959,2.135037737,75.80285714,null,null,null,null,null,null,63,18,38.26666667,FALSE,null,null,FALSE,Colombo,26.5,31.8,88.58333333,21.4
6/4/2018,4181,4358.560959,2.135037737,75.80285714,158.525,2.55,2.361,212.267,184.994,24.73,63.85714286,18,38.4,FALSE,null,null,FALSE,Colombo,26.7,25.3,86.79166667,20
6/5/2018,4401,4358.560959,2.135037737,75.80285714,158.45,2.567,2.374,212.865,185.451,24.84,64.71428571,18,38.53333333,FALSE,null,null,FALSE,Colombo,27,22,86.25,23.3
6/6/2018,4401,4358.560959,2.135037737,75.80285714,158.7,2.547,2.357,213.284,185.672,24.86,65.57142857,18,38.66666667,FALSE,null,null,FALSE,Colombo,26.4,25.8,89.16666667,21.3
6/7/2018,4401,4358.560959,2.135037737,75.80285714,158.9,2.552,2.355,213.31,186.845,24.83,66.42857143,18,38.8,FALSE,null,null,FALSE,Colombo,26.6,28.7,87.79166667,26
6/8/2018,4401,4358.560959,2.135037737,75.80285714,159.05,2.534,2.36,212.93,187.486,24.87,67.28571429,18,38.93333333,FALSE,null,null,FALSE,Colombo,27.1,8.7,85.75,28.2
6/9/2018,4621,4358.560959,2.135037737,75.80285714,null,null,null,null,null,null,68.14285714,18,39.06666667,FALSE,null,null,FALSE,Colombo,27.5,6,83.58333333,29.6
6/10/2018,4841,4358.560959,2.135037737,75.80285714,null,null,null,null,null,null,69,18,39.2,FALSE,null,null,FALSE,Colombo,27.7,3.9,83,25.2
6/11/2018,4181,4358.560959,2.135037737,75.80285714,159.2,2.53,2.364,213.284,187.17,24.91,68.42857143,18,39.33333333,FALSE,null,null,FALSE,Colombo,27.3,7.3,85.16666667,25.8
6/12/2018,4401,4358.560959,2.135037737,75.80285714,159.5,2.556,2.361,213.615,187.601,24.96,67.85714286,18,39.46666667,FALSE,null,null,FALSE,Colombo,27.5,3.4,83.58333333,22.9
6/13/2018,4401,4358.560959,2.135037737,75.80285714,159.7,2.552,2.359,211.736,187.333,24.94,67.28571429,18,39.6,FALSE,null,null,FALSE,Colombo,27.1,4.7,85.33333333,23.4
6/14/2018,4401,4358.560959,2.135037737,75.80285714,159.65,2.528,2.346,212.103,188.302,24.79,66.71428571,18,39.73333333,FALSE,null,null,FALSE,Colombo,26.3,19,88.125,17.4
6/15/2018,4401,4358.560959,2.135037737,75.80285714,159.65,2.523,2.35,211.772,184.7,24.83,66.14285714,18,39.86666667,TRUE,Eid al-Fitr,null,FALSE,Colombo,26.6,14.1,87.58333333,22.3
6/16/2018,4609,4358.560959,2.135037737,75.80285714,null,null,null,null,null,null,65.57142857,18,40,FALSE,null,null,FALSE,Colombo,25.9,26.7,89.45833333,19.5
6/17/2018,4841,4358.560959,2.135037737,75.80285714,null,null,null,null,null,null,65,18,40.13333333,FALSE,null,null,FALSE,Colombo,27.1,8.6,85.16666667,21.2
6/18/2018,4181,4358.560959,2.135037737,75.80285714,159.9,2.505,2.342,210.88,185.338,24.67,66.42857143,18,40.26666667,FALSE,null,null,FALSE,Colombo,27.1,7.3,83.83333333,20.1
6/19/2018,4401,4358.560959,2.135037737,75.80285714,160,2.514,2.349,210.637,185.852,24.7,67.85714286,18,40.4,FALSE,null,null,FALSE,Colombo,27.1,2.4,82.25,21.7
6/20/2018,4401,4358.560959,2.135037737,75.80285714,159.9,2.506,2.347,211.37,185.44,24.56,69.28571429,18,40.53333333,FALSE,null,null,FALSE,Colombo,27,3.5,82.33333333,21.6
6/21/2018,4401,4358.560959,2.135037737,75.80285714,159.5,2.525,2.343,210.986,185.036,24.44,70.71428571,18,40.66666667,FALSE,null,null,FALSE,Colombo,26.2,17.3,88.20833333,23.4
6/22/2018,4401,4358.560959,2.135037737,75.80285714,159,2.531,2.333,210.972,185.068,24.3,72.14285714,18,40.8,FALSE,null,null,FALSE,Colombo,26.3,13.8,88,22.5
6/23/2018,4621,4358.560959,2.135037737,75.80285714,null,null,null,null,null,null,73.57142857,18,40.93333333,FALSE,null,null,FALSE,Colombo,26.5,3.9,86.08333333,20.6
6/24/2018,4841,4358.560959,2.135037737,75.80285714,null,null,null,null,null,null,75,18,41.06666667,FALSE,null,null,FALSE,Colombo,26.6,5.8,86.20833333,19.1
6/25/2018,4181,4358.560959,2.135037737,75.80285714,158.9,2.512,2.316,209.442,185.346,24.07,75.28571429,18,41.2,FALSE,null,null,FALSE,Colombo,26.5,8.9,86.20833333,21.9
6/26/2018,4401,4358.560959,2.135037737,75.80285714,158.35,2.504,2.307,207.637,185.976,23.98,75.57142857,18,41.33333333,FALSE,null,null,FALSE,Colombo,26.7,19.5,86.45833333,21.7
6/27/2018,4401,4358.560959,2.135037737,75.80285714,158.35,2.52,2.3,207.025,184.438,23.89,75.85714286,18,41.46666667,TRUE,Poson Full Moon Poya Day,null,FALSE,Colombo,26.6,13.4,84.83333333,21.7
6/28/2018,4401,4358.560959,2.135037737,75.80285714,158.3,2.52,2.312,209.091,182.95,23.91,76.14285714,18,41.6,FALSE,null,null,FALSE,Colombo,26.7,8.7,85.79166667,19.9
6/29/2018,4401,4358.560959,2.135037737,75.80285714,158.3,2.498,2.305,208.185,183.137,23.76,76.42857143,18,41.73333333,FALSE,null,null,FALSE,Colombo,26.4,10.4,86.33333333,15.8
6/30/2018,4621,4358.560959,2.135037737,75.80285714,null,null,null,null,null,null,76.71428571,18,41.86666667,FALSE,null,null,FALSE,Colombo,26.3,13.4,88.91666667,14.8
7/1/2018,7811,4358.560959,2.135037737,75.22909091,null,null,null,null,null,null,77,20,42,FALSE,null,null,FALSE,Colombo,26.6,7.2,86.16666667,19.1
7/2/2018,6746,4358.560959,2.135037737,75.22909091,158.4,2.509,2.311,208.978,184.974,23.85,77.57142857,20,42.12903226,FALSE,null,null,FALSE,Colombo,25.7,12,89.125,15.5
7/3/2018,7101,4358.560959,2.135037737,75.22909091,158.4,2.507,2.31,209.984,184.369,23.93,78.14285714,20,42.25806452,FALSE,null,null,FALSE,Colombo,27,2.8,85.54166667,15.1
7/4/2018,7101,4358.560959,2.135037737,75.22909091,158.7,2.518,2.308,210.243,184.647,23.95,78.71428571,20,42.38709677,FALSE,null,null,FALSE,Colombo,27.1,4.1,86,19.1
7/5/2018,7101,4358.560959,2.135037737,75.22909091,158.95,2.529,2.314,211.505,184.988,23.96,79.28571429,20,42.51612903,FALSE,null,null,FALSE,Colombo,27,5.7,85.91666667,22
7/6/2018,7101,4358.560959,2.135037737,75.22909091,159.2,2.552,2.32,211.216,185.828,24.08,79.85714286,20,42.64516129,FALSE,null,null,FALSE,Colombo,27,4,85.08333333,22.9
7/7/2018,7456,4358.560959,2.135037737,75.22909091,null,null,null,null,null,null,80.42857143,20,42.77419355,FALSE,null,null,FALSE,Colombo,27.5,1.7,80.5,26.8
7/8/2018,7811,4358.560959,2.135037737,75.22909091,null,null,null,null,null,null,81,20,42.90322581,FALSE,null,null,FALSE,Colombo,26.9,4.1,83.875,24.3
7/9/2018,6746,4358.560959,2.135037737,75.22909091,159.3,2.578,2.317,211.454,187.012,24.02,81.85714286,20,43.03225806,FALSE,null,null,FALSE,Colombo,26.3,10.5,86.91666667,23.1
7/10/2018,7101,4358.560959,2.135037737,75.22909091,159.275,2.553,2.319,210.43,187.194,23.85,82.71428571,20,43.16129032,FALSE,null,null,FALSE,Colombo,26.1,9.3,85.75,25
7/11/2018,7101,4358.560959,2.135037737,75.22909091,159.35,2.56,2.326,210.504,187.053,23.91,83.57142857,20,43.29032258,FALSE,null,null,FALSE,Colombo,25.7,21.2,88.08333333,21.4
7/12/2018,7101,4358.560959,2.135037737,75.22909091,159.4,2.55,2.329,211.157,186.025,23.84,84.42857143,20,43.41935484,FALSE,null,null,FALSE,Colombo,26.4,7.4,86.75,23
7/13/2018,7101,4358.560959,2.135037737,75.22909091,159.55,2.564,2.331,211.503,186.06,23.88,85.28571429,20,43.5483871,FALSE,null,null,FALSE,Colombo,27,2.3,84.625,21.1
7/14/2018,7456,4358.560959,2.135037737,75.22909091,null,null,null,null,null,null,86.14285714,20,43.67741935,FALSE,null,null,FALSE,Colombo,26.8,3.6,83,26.3
7/15/2018,7811,4358.560959,2.135037737,75.22909091,null,null,null,null,null,null,87,20,43.80645161,FALSE,null,null,FALSE,Colombo,26.3,10.5,87.33333333,21.7
7/16/2018,6749,4358.560959,2.135037737,75.22909091,159.8,2.553,2.337,209.709,186.442,23.84,87.71428571,20,43.93548387,FALSE,null,null,FALSE,Colombo,26.7,6,85.75,18.9
7/17/2018,7101,4358.560959,2.135037737,75.22909091,159.9,2.537,2.33,209.022,187.126,23.8,88.42857143,20,44.06451613,FALSE,null,null,FALSE,Colombo,26.8,5.6,85.25,23.3
7/18/2018,7101,4358.560959,2.135037737,75.22909091,159.9,2.515,2.318,208.159,186.459,23.61,89.14285714,20,44.19354839,FALSE,null,null,FALSE,Colombo,26.9,0.1,85.54166667,22
7/19/2018,7101,4358.560959,2.135037737,75.22909091,159.95,2.52,2.327,210.079,186.091,23.62,89.85714286,20,44.32258065,FALSE,null,null,FALSE,Colombo,26.7,1.6,84.875,24.1
7/20/2018,7101,4358.560959,2.135037737,75.22909091,159.95,2.528,2.317,208.985,186.23,23.48,90.57142857,20,44.4516129,FALSE,null,Esala Perahera,TRUE,Colombo,26.8,0.5,82.83333333,19.7
7/21/2018,7456,4358.560959,2.135037737,75.22909091,null,null,null,null,null,null,91.28571429,20,44.58064516,FALSE,null,Esala Perahera,TRUE,Colombo,26.8,1.3,84.20833333,18.2
7/22/2018,7811,4358.560959,2.135037737,75.22909091,null,null,null,null,null,null,92,20,44.70967742,FALSE,null,Esala Perahera,TRUE,Colombo,26.9,0,84.625,19.6
7/23/2018,6746,4358.560959,2.135037737,75.22909091,159.5,2.517,2.312,209.565,187.462,23.47,91.42857143,20,44.83870968,FALSE,null,Esala Perahera,TRUE,Colombo,26.8,0.3,84.75,19.5
7/24/2018,7101,4358.560959,2.135037737,75.22909091,159.425,2.54,2.321,210.431,186.488,23.57,90.85714286,20,44.96774194,FALSE,null,Esala Perahera | Kataragama Esala Festival (Uva/Southern),TRUE,Colombo,26.6,5.2,84.29166667,23.8
7/25/2018,7101,4358.560959,2.135037737,75.22909091,159.55,2.535,2.325,209.22,186.304,23.5,90.28571429,20,45.09677419,FALSE,null,Esala Perahera | Kataragama Esala Festival (Uva/Southern),TRUE,Colombo,26.4,5.7,86.79166667,21.4
7/26/2018,7101,4358.560959,2.135037737,75.22909091,159.6,2.542,2.326,209.26,187.129,23.42,89.71428571,20,45.22580645,FALSE,null,Esala Perahera | Kataragama Esala Festival (Uva/Southern),TRUE,Colombo,26.5,3.2,85.83333333,21.4
7/27/2018,7101,4358.560959,2.135037737,75.22909091,159.6,2.564,2.327,209.677,185.815,23.43,89.14285714,20,45.35483871,TRUE,Esala Full Moon Poya Day,Esala Perahera | Kataragama Esala Festival (Uva/Southern),TRUE,Colombo,26.3,2.7,86.70833333,20.7
7/28/2018,7456,4358.560959,2.135037737,75.22909091,null,null,null,null,null,null,88.57142857,20,45.48387097,FALSE,null,Esala Perahera | Kataragama Esala Festival (Uva/Southern),TRUE,Colombo,26.4,3.1,86.66666667,19.8
7/29/2018,7811,4358.560959,2.135037737,75.22909091,null,null,null,null,null,null,88,20,45.61290323,FALSE,null,Kataragama Esala Festival (Uva/Southern),TRUE,Colombo,26.5,4.3,85.20833333,23.5
7/30/2018,6746,4358.560959,2.135037737,75.22909091,159.65,2.553,2.332,209.565,186.054,23.43,88.85714286,20,45.74193548,FALSE,null,Kataragama Esala Festival (Uva/Southern),TRUE,Colombo,25.9,11.3,88.375,22.1
7/31/2018,7101,4358.560959,2.135037737,75.22909091,159.65,2.53,2.334,209.36,186.886,23.38,89.71428571,20,45.87096774,FALSE,null,Kataragama Esala Festival (Uva/Southern),TRUE,Colombo,25.7,10.2,88.70833333,22.3
8/1/2018,6757,4358.560959,2.135037737,73.85130435,159.5,2.521,2.327,207.906,186.655,23.34,90.57142857,22,46,FALSE,null,Kataragama Esala Festival (Uva/Southern),TRUE,Colombo,26.3,8.3,87.91666667,19.1
8/2/2018,6757,4358.560959,2.135037737,73.85130435,159.7,2.523,2.331,207.86,185.977,23.39,91.42857143,22,45.90322581,FALSE,null,Kataragama Esala Festival (Uva/Southern),TRUE,Colombo,25.9,11.9,89.58333333,15.8
8/3/2018,6757,4358.560959,2.135037737,73.85130435,159.8,2.506,2.321,206.773,184.996,23.31,92.28571429,22,45.80645161,FALSE,null,Kataragama Esala Festival (Uva/Southern),TRUE,Colombo,26.5,3.1,87.20833333,19.3
8/4/2018,7095,4358.560959,2.135037737,73.85130435,null,null,null,null,null,null,93.14285714,22,45.70967742,FALSE,null,Kataragama Esala Festival (Uva/Southern),TRUE,Colombo,26.9,2.1,86.25,20.9
8/5/2018,7432,4358.560959,2.135037737,73.85130435,null,null,null,null,null,null,94,22,45.61290323,FALSE,null,Kataragama Esala Festival (Uva/Southern),TRUE,Colombo,26.9,3.3,83.70833333,24.4
8/6/2018,6419,4358.560959,2.135037737,73.85130435,159.75,2.515,2.328,206.709,184.849,23.38,94.85714286,22,45.51612903,FALSE,null,Kataragama Esala Festival (Uva/Southern),TRUE,Colombo,26.8,3.6,83.375,25.2
8/7/2018,6757,4358.560959,2.135037737,73.85130435,159.75,2.437,2.328,205.911,184.567,23.38,95.71428571,22,45.41935484,FALSE,null,null,FALSE,Colombo,26.4,1.9,85.04166667,21.1
8/8/2018,6757,4358.560959,2.135037737,73.85130435,159.85,2.399,2.326,205.12,185.294,23.45,96.57142857,22,45.32258065,FALSE,null,null,FALSE,Colombo,25.9,6.7,87.91666667,21.5
8/9/2018,6757,4358.560959,2.135037737,73.85130435,159.95,2.363,2.322,204.24,185.602,23.36,97.42857143,22,45.22580645,FALSE,null,null,FALSE,Colombo,25.8,9,88.25,19.7
8/10/2018,6757,4358.560959,2.135037737,73.85130435,159.95,2.36,2.285,204.288,184.375,23.22,98.28571429,22,45.12903226,FALSE,null,null,FALSE,Colombo,26.3,2.4,86.91666667,20.6
8/11/2018,7095,4358.560959,2.135037737,73.85130435,null,null,null,null,null,null,99.14285714,22,45.03225806,FALSE,null,null,FALSE,Colombo,26.6,0.3,86.04166667,23.5
8/12/2018,7432,4358.560959,2.135037737,73.85130435,null,null,null,null,null,null,100,22,44.93548387,FALSE,null,null,FALSE,Colombo,26.1,0.3,87.70833333,27
8/13/2018,6419,4358.560959,2.135037737,73.85130435,160,2.415,2.289,203.791,182.519,23.26,99.71428571,22,44.83870968,FALSE,null,null,FALSE,Colombo,26.3,4.5,87.625,21.8
8/14/2018,6757,4358.560959,2.135037737,73.85130435,160.15,2.38,2.291,203.359,182.544,23.09,99.42857143,22,44.74193548,FALSE,null,null,FALSE,Colombo,25.8,11.5,89.45833333,25.3
8/15/2018,6757,4358.560959,2.135037737,73.85130435,160.15,2.402,2.29,204.148,181.674,23.32,99.14285714,22,44.64516129,FALSE,null,null,FALSE,Colombo,25.9,9.1,87.91666667,26.4
8/16/2018,6754,4358.560959,2.135037737,73.85130435,160.5,2.395,2.289,204.614,181.69,23.33,98.85714286,22,44.5483871,FALSE,null,Kandy Esala Perahera (Kandy),TRUE,Colombo,26.6,2.4,84.16666667,27.1
8/17/2018,6757,4358.560959,2.135037737,73.85130435,160.45,2.397,2.299,205.4,182.601,23.4,98.57142857,22,44.4516129,FALSE,null,Kandy Esala Perahera (Kandy),TRUE,Colombo,26.2,4,86.25,25.8
8/18/2018,7095,4358.560959,2.135037737,73.85130435,null,null,null,null,null,null,98.28571429,22,44.35483871,FALSE,null,Kandy Esala Perahera (Kandy),TRUE,Colombo,26.1,4,85.375,27.1
8/19/2018,7432,4358.560959,2.135037737,73.85130435,null,null,null,null,null,null,98,22,44.25806452,FALSE,null,Kandy Esala Perahera (Kandy),TRUE,Colombo,26.2,0.6,86.04166667,23.8
8/20/2018,6419,4358.560959,2.135037737,73.85130435,160.5,2.389,2.299,207.198,183.506,23.45,95.85714286,22,44.16129032,FALSE,null,Kandy Esala Perahera (Kandy),TRUE,Colombo,26.3,0.5,86.04166667,20.4
8/21/2018,6757,4358.560959,2.135037737,73.85130435,160.6,2.36,2.299,207.351,184.278,23.47,93.71428571,22,44.06451613,FALSE,null,Kandy Esala Perahera (Kandy),TRUE,Colombo,26,1,87.83333333,16.2
8/22/2018,6757,4358.560959,2.135037737,73.85130435,160.6,2.356,2.292,205.978,185.83,23.37,91.57142857,22,43.96774194,TRUE,Eid al-Adha,Kandy Esala Perahera (Kandy),TRUE,Colombo,25.9,0.8,89.04166667,15.5
8/23/2018,6757,4358.560959,2.135037737,73.85130435,160.7,2.4,2.301,206.933,186.248,23.65,89.42857143,22,43.87096774,FALSE,null,Kandy Esala Perahera (Kandy),TRUE,Colombo,25.9,0.1,88.625,19.5
8/24/2018,6757,4358.560959,2.135037737,73.85130435,161,2.391,2.296,207.707,185.44,23.64,87.28571429,22,43.77419355,FALSE,null,Kandy Esala Perahera (Kandy),TRUE,Colombo,26,0.1,87.875,17.3
8/25/2018,7095,4358.560959,2.135037737,73.85130435,null,null,null,null,null,null,85.14285714,22,43.67741935,TRUE,Nikini Full Moon Poya Day,Kandy Esala Perahera (Kandy),TRUE,Colombo,25.9,2.5,87.33333333,22.3
8/26/2018,7432,4358.560959,2.135037737,73.85130435,null,null,null,null,null,null,83,22,43.58064516,FALSE,null,Kandy Esala Perahera (Kandy),TRUE,Colombo,25.9,1.3,87.625,21
8/27/2018,6419,4358.560959,2.135037737,73.85130435,161.1,2.376,2.3,207.65,187.114,23.7,82,22,43.48387097,FALSE,null,null,FALSE,Colombo,26.1,2.5,88.33333333,21.1
8/28/2018,6757,4358.560959,2.135037737,73.85130435,161.25,2.373,2.288,210.248,188.132,23.66,81,22,43.38709677,FALSE,null,null,FALSE,Colombo,26.2,0.7,87.04166667,17.7
8/29/2018,6757,4358.560959,2.135037737,73.85130435,161.4,2.366,2.282,210.079,188.582,23.59,80,22,43.29032258,FALSE,null,null,FALSE,Colombo,26.2,1.5,86.41666667,21.6
8/30/2018,6757,4358.560959,2.135037737,73.85130435,161.45,2.392,2.275,209.361,188.968,23.64,79,22,43.19354839,FALSE,null,null,FALSE,Colombo,26.3,2.2,86.45833333,21.1
8/31/2018,6757,4358.560959,2.135037737,73.85130435,161.5,2.378,2.269,208.012,188.42,23.69,78,22,43.09677419,FALSE,null,null,FALSE,Colombo,26.4,4.9,86.375,20.1
9/1/2018,5757,4358.560959,2.135037737,79.163,null,null,null,null,null,null,77,22,43,FALSE,null,null,FALSE,Colombo,26.4,0.6,85.83333333,16.9
9/2/2018,6031,4358.560959,2.135037737,79.163,null,null,null,null,null,null,76,22,42.9,FALSE,null,null,FALSE,Colombo,26.4,1,86.29166667,17
9/3/2018,5209,4358.560959,2.135037737,79.163,161.6,2.377,2.262,208.147,187.388,23.65,76.28571429,22,42.8,FALSE,null,null,FALSE,Colombo,26.4,1.3,85.5,16.1
9/4/2018,5483,4358.560959,2.135037737,79.163,161.9,2.378,2.261,209.344,187.844,23.75,76.57142857,22,42.7,FALSE,null,null,FALSE,Colombo,26.4,0.6,84.58333333,17.1
9/5/2018,5483,4358.560959,2.135037737,79.163,162.2,2.334,2.246,208.989,187.513,23.64,76.85714286,22,42.6,FALSE,null,null,FALSE,Colombo,26.4,0.9,82.625,14.7
9/6/2018,5483,4358.560959,2.135037737,79.163,161.6,2.318,2.257,209.409,188.638,23.68,77.14285714,22,42.5,FALSE,null,null,FALSE,Colombo,26.9,0,78.70833333,21.4
9/7/2018,5483,4358.560959,2.135037737,79.163,162.05,2.302,2.241,211.551,187.811,23.69,77.42857143,22,42.4,FALSE,null,null,FALSE,Colombo,26.9,0,80.58333333,19.1
9/8/2018,5757,4358.560959,2.135037737,79.163,null,null,null,null,null,null,77.71428571,22,42.3,FALSE,null,null,FALSE,Colombo,26.8,0.7,80.45833333,15.9
9/9/2018,6031,4358.560959,2.135037737,79.163,null,null,null,null,null,null,78,22,42.2,FALSE,null,null,FALSE,Colombo,26.9,0.4,82.66666667,17.1
9/10/2018,5209,4358.560959,2.135037737,79.163,162.4,2.339,2.234,211.566,187.216,23.61,78.14285714,22,42.1,FALSE,null,null,FALSE,Colombo,27.1,0.5,80.41666667,19
9/11/2018,5483,4358.560959,2.135037737,79.163,162.3,2.355,2.252,212.03,188.286,23.69,78.28571429,22,42,FALSE,null,null,FALSE,Colombo,26.6,0.6,83.375,13.2
9/12/2018,5483,4358.560959,2.135037737,79.163,162.5,2.387,2.261,213.448,188.381,23.79,78.42857143,22,41.9,FALSE,null,null,FALSE,Colombo,27.1,0,79.58333333,14.3
9/13/2018,5483,4358.560959,2.135037737,79.163,162.85,2.408,2.279,214.029,188.923,23.85,78.57142857,22,41.8,FALSE,null,null,FALSE,Colombo,27.4,1,76,16
9/14/2018,5483,4358.560959,2.135037737,79.163,163.8,2.422,2.273,216.984,190.371,24.05,78.71428571,22,41.7,FALSE,null,null,FALSE,Colombo,27.3,0,77.875,16.6
9/15/2018,5757,4358.560959,2.135037737,79.163,null,null,null,null,null,null,78.85714286,22,41.6,FALSE,null,Colombo International Fashion Show,TRUE,Colombo,27.3,2,77.45833333,17.7
9/16/2018,6025,4358.560959,2.135037737,79.163,null,null,null,null,null,null,79,22,41.5,FALSE,null,Colombo International Fashion Show,TRUE,Colombo,27.6,0.4,74.75,18.2
9/17/2018,5209,4358.560959,2.135037737,79.163,164.9,2.463,2.281,218.068,190.507,24.17,78.57142857,22,41.4,FALSE,null,Colombo International Fashion Show,TRUE,Colombo,27.8,0.6,77,23.1
9/18/2018,5483,4358.560959,2.135037737,79.163,165.85,2.505,2.31,219.669,192.661,24.4,78.14285714,22,41.3,FALSE,null,null,FALSE,Colombo,27.9,2.9,76.125,25.6
9/19/2018,5483,4358.560959,2.135037737,79.163,167.125,2.545,2.344,223.947,193.514,24.65,77.71428571,22,41.2,FALSE,null,null,FALSE,Colombo,27.3,2.8,81.75,19.1
9/20/2018,5483,4358.560959,2.135037737,79.163,168.8,2.538,2.335,220.585,195.085,24.6,77.28571429,22,41.1,FALSE,null,null,FALSE,Colombo,27,7.3,83.41666667,21.4
9/21/2018,5483,4358.560959,2.135037737,79.163,168.675,2.558,2.321,221.327,198.787,24.6,76.85714286,22,41,FALSE,null,Colombo International Book Fair (BMICH),TRUE,Colombo,25.7,20.5,88.79166667,19.9
9/22/2018,5757,4358.560959,2.135037737,79.163,null,null,null,null,null,null,76.42857143,22,40.9,FALSE,null,Colombo International Book Fair (BMICH),TRUE,Colombo,26.5,6.1,87.375,14.3
9/23/2018,6031,4358.560959,2.135037737,79.163,null,null,null,null,null,null,76,22,40.8,FALSE,null,Colombo International Book Fair (BMICH),TRUE,Colombo,26.6,5.4,86.66666667,13.9
9/24/2018,5209,4358.560959,2.135037737,79.163,168.675,2.563,2.322,222.464,198.193,24.58,74.42857143,22,40.7,TRUE,Binara Full Moon Poya Day,Colombo International Book Fair (BMICH),TRUE,Colombo,25.6,14.4,89.66666667,12.4
9/25/2018,5483,4358.560959,2.135037737,79.163,168.75,2.565,2.327,222.448,198.16,24.56,72.85714286,22,40.6,FALSE,null,Colombo International Book Fair (BMICH),TRUE,Colombo,26.3,4.4,87.33333333,13
9/26/2018,5483,4358.560959,2.135037737,79.163,168.95,2.58,2.332,221.388,198.653,24.56,71.28571429,22,40.5,FALSE,null,Colombo International Book Fair (BMICH),TRUE,Colombo,26.4,4.2,88.83333333,12.3
9/27/2018,5483,4358.560959,2.135037737,79.163,169.25,2.578,2.333,220.411,198.33,24.63,69.71428571,22,40.4,FALSE,null,Colombo International Book Fair (BMICH),TRUE,Colombo,26.3,11,88.95833333,15.4
9/28/2018,5483,4358.560959,2.135037737,79.163,169.15,2.601,2.319,220.557,197.032,24.62,68.14285714,22,40.3,FALSE,null,Colombo International Book Fair (BMICH),TRUE,Colombo,26.1,24,88.95833333,14.1
9/29/2018,5757,4358.560959,2.135037737,79.163,null,null,null,null,null,null,66.57142857,22,40.2,FALSE,null,Colombo International Book Fair (BMICH),TRUE,Colombo,25.9,25.5,89.54166667,11.4
9/30/2018,6031,4358.560959,2.135037737,79.163,null,null,null,null,null,null,65,22,40.1,FALSE,null,Colombo International Book Fair (BMICH),TRUE,Colombo,26.1,10,89.875,10.9
10/1/2018,5076,4358.560959,2.135037737,80.78347826,169.1,2.587,2.322,219.767,196.366,24.65,65,21,40,FALSE,null,null,FALSE,Colombo,25.9,26.9,88.5,17.3
10/2/2018,5343,4358.560959,2.135037737,80.78347826,169.325,2.578,2.316,219.786,195.784,24.73,65,21,40.16129032,FALSE,null,null,FALSE,Colombo,25.8,7,89.70833333,11.6
10/3/2018,5343,4358.560959,2.135037737,80.78347826,169.85,2.537,2.309,221.39,195.536,24.75,65,21,40.32258065,FALSE,null,null,FALSE,Colombo,25.8,6.6,90.33333333,9.5
10/4/2018,5343,4358.560959,2.135037737,80.78347826,170.025,2.556,2.309,223.493,194.954,24.79,65,21,40.48387097,FALSE,null,null,FALSE,Colombo,26.3,3.3,88.375,10.5
10/5/2018,5343,4358.560959,2.135037737,80.78347826,170.3,2.562,2.304,223.38,195.775,24.62,65,21,40.64516129,FALSE,null,null,FALSE,Colombo,26.3,9.8,88.79166667,16.9
10/6/2018,5610,4358.560959,2.135037737,80.78347826,null,null,null,null,null,null,65,21,40.80645161,FALSE,null,null,FALSE,Colombo,25.6,22.4,91.83333333,15.6
10/7/2018,5877,4358.560959,2.135037737,80.78347826,null,null,null,null,null,null,65,21,40.96774194,FALSE,null,LSR Colombo Marathon (Colombo–Negombo),TRUE,Colombo,24.9,20.6,93.70833333,10.9
10/8/2018,5076,4358.560959,2.135037737,80.78347826,170.65,2.583,2.301,224.829,196.254,24.71,65.28571429,21,41.12903226,FALSE,null,null,FALSE,Colombo,25.4,9.8,91.95833333,14.8
10/9/2018,5343,4358.560959,2.135037737,80.78347826,171.05,2.561,2.306,225.973,196.112,24.73,65.57142857,21,41.29032258,FALSE,null,null,FALSE,Colombo,25.6,18.4,90.08333333,9.4
10/10/2018,5343,4358.560959,2.135037737,80.78347826,171.25,2.584,2.313,226.707,196.545,24.86,65.85714286,21,41.4516129,FALSE,null,null,FALSE,Colombo,25.5,21.9,90.91666667,16.4
10/11/2018,5343,4358.560959,2.135037737,80.78347826,171.3,2.569,2.306,223.315,197.28,24.52,66.14285714,21,41.61290323,FALSE,null,null,FALSE,Colombo,25.8,7.1,89.41666667,16.5
10/12/2018,5343,4358.560959,2.135037737,80.78347826,169.75,2.594,2.309,224.053,198.605,24.63,66.42857143,21,41.77419355,FALSE,null,null,FALSE,Colombo,25.7,2.4,89.95833333,19.3
10/13/2018,5610,4358.560959,2.135037737,80.78347826,null,null,null,null,null,null,66.71428571,21,41.93548387,FALSE,null,null,FALSE,Colombo,25.3,13.5,89.54166667,18.5
10/14/2018,5877,4358.560959,2.135037737,80.78347826,null,null,null,null,null,null,67,21,42.09677419,FALSE,null,null,FALSE,Colombo,26,1.4,86.41666667,16
10/15/2018,5076,4358.560959,2.135037737,80.78347826,170.35,2.614,2.326,225.291,195.976,24.72,67,21,42.25806452,FALSE,null,null,FALSE,Colombo,26.3,0.6,86.375,10.8
10/16/2018,5339,4358.560959,2.135037737,80.78347826,170.85,2.611,2.324,224.332,196.925,24.69,67,21,42.41935484,FALSE,null,null,FALSE,Colombo,25.8,10.6,87.41666667,12.1
10/17/2018,5343,4358.560959,2.135037737,80.78347826,171.05,2.603,2.33,222.999,197.435,24.69,67,21,42.58064516,FALSE,null,null,FALSE,Colombo,25.3,6.3,89.08333333,9
10/18/2018,5343,4358.560959,2.135037737,80.78347826,171.3,2.623,2.341,224.536,196.403,24.79,67,21,42.74193548,FALSE,null,null,FALSE,Colombo,26.2,0.3,86.41666667,10.8
10/19/2018,5343,4358.560959,2.135037737,80.78347826,171.775,2.647,2.346,223.733,195.944,24.84,67,21,42.90322581,FALSE,null,null,FALSE,Colombo,26,3.2,88.16666667,10.5
10/20/2018,5610,4358.560959,2.135037737,80.78347826,null,null,null,null,null,null,67,21,43.06451613,FALSE,null,null,FALSE,Colombo,25.2,21.4,89.70833333,10
10/21/2018,5877,4358.560959,2.135037737,80.78347826,null,null,null,null,null,null,67,21,43.22580645,FALSE,null,null,FALSE,Colombo,25.3,11.6,90.58333333,13.3
10/22/2018,5076,4358.560959,2.135037737,80.78347826,172.6,2.635,2.347,224.152,197.563,24.88,66.85714286,21,43.38709677,FALSE,null,null,FALSE,Colombo,25.7,11.6,91.5,11.7
10/23/2018,5343,4358.560959,2.135037737,80.78347826,172.65,2.63,2.358,222.39,197.622,24.86,66.71428571,21,43.5483871,FALSE,null,null,FALSE,Colombo,25.7,8.3,89,11.6
10/24/2018,5343,4358.560959,2.135037737,80.78347826,172.65,2.633,2.359,221.414,197.743,24.86,66.57142857,21,43.70967742,TRUE,Vap Full Moon Poya Day,null,FALSE,Colombo,25.6,6.9,89.70833333,10.9
10/25/2018,5343,4358.560959,2.135037737,80.78347826,172.75,2.632,2.354,221.892,196.381,24.9,66.42857143,21,43.87096774,FALSE,null,null,FALSE,Colombo,24.5,65,91.54166667,9.8
10/26/2018,5343,4358.560959,2.135037737,80.78347826,172.9,2.642,2.37,222.534,196.202,24.99,66.28571429,21,44.03225806,FALSE,null,null,FALSE,Colombo,25.5,7.3,90.08333333,13
10/27/2018,5610,4358.560959,2.135037737,80.78347826,null,null,null,null,null,null,66.14285714,21,44.19354839,FALSE,null,null,FALSE,Colombo,25.6,9.5,90.04166667,11.2
10/28/2018,5877,4358.560959,2.135037737,80.78347826,null,null,null,null,null,null,66,21,44.35483871,FALSE,null,null,FALSE,Colombo,25.7,12.9,88.58333333,18.8
10/29/2018,5076,4358.560959,2.135037737,80.78347826,173.95,2.664,2.368,221.665,196.85,25.04,67.85714286,21,44.51612903,FALSE,null,null,FALSE,Colombo,26.2,1.2,85.54166667,21.1
10/30/2018,5343,4358.560959,2.135037737,80.78347826,174.45,2.665,2.374,224.18,197.532,25.17,69.71428571,21,44.67741935,FALSE,null,null,FALSE,Colombo,26.5,1.1,84,16.3
10/31/2018,5343,4358.560959,2.135037737,80.78347826,175.6,2.653,2.372,226.743,197.499,25.17,71.57142857,21,44.83870968,FALSE,null,null,FALSE,Colombo,26.4,13,88.25,17
11/1/2018,7346,4358.560959,2.135037737,66.22863636,174.25,2.636,2.407,226.176,198.264,25.3,73.42857143,20,45,FALSE,null,Mirissa Whale & Dolphin Watch,TRUE,Colombo,25.8,16.3,89.70833333,14.8
11/2/2018,7346,4358.560959,2.135037737,66.22863636,174.35,2.639,2.386,227.353,198.482,25.17,75.28571429,20,44.93333333,FALSE,null,null,FALSE,Colombo,25.9,15.5,89.375,10.1
11/3/2018,7714,4358.560959,2.135037737,66.22863636,null,null,null,null,null,null,77.14285714,20,44.86666667,FALSE,null,null,FALSE,Colombo,25.6,28.9,91.95833333,11.3
11/4/2018,8081,4358.560959,2.135037737,66.22863636,null,null,null,null,null,null,79,20,44.8,FALSE,null,null,FALSE,Colombo,26.3,4.2,87.45833333,15.6
11/5/2018,6979,4358.560959,2.135037737,66.22863636,174.35,2.636,2.39,228.381,198.213,25.2,78.71428571,20,44.73333333,FALSE,null,null,FALSE,Colombo,25.5,11.1,92.16666667,8.2
11/6/2018,7346,4358.560959,2.135037737,66.22863636,174.35,2.638,2.412,229.377,198.578,25.25,78.42857143,20,44.66666667,TRUE,Deepavali Festival Day,null,FALSE,Colombo,25.3,13.9,89.04166667,17.9
11/7/2018,7346,4358.560959,2.135037737,66.22863636,174.75,2.613,2.416,228.38,198.909,25.21,78.14285714,20,44.6,FALSE,null,null,FALSE,Colombo,24.8,12,91.75,9.4
11/8/2018,7346,4358.560959,2.135037737,66.22863636,174.85,2.577,2.416,227.219,199.349,25.17,77.85714286,20,44.53333333,FALSE,null,null,FALSE,Colombo,24.8,32.8,92.04166667,10.5
11/9/2018,7346,4358.560959,2.135037737,66.22863636,175.1,2.589,2.412,225.821,198.512,25.24,77.57142857,20,44.46666667,FALSE,null,null,FALSE,Colombo,25.3,23.5,90.33333333,10.9
11/10/2018,7714,4358.560959,2.135037737,66.22863636,null,null,null,null,null,null,77.28571429,20,44.4,FALSE,null,null,FALSE,Colombo,26.4,0.4,81.5,17.2
11/11/2018,8081,4358.560959,2.135037737,66.22863636,null,null,null,null,null,null,77,20,44.33333333,FALSE,null,null,FALSE,Colombo,25.7,0.3,79.95833333,18.9
11/12/2018,6979,4358.560959,2.135037737,66.22863636,175.75,2.585,2.425,228.402,198.232,25.32,78.42857143,20,44.26666667,FALSE,null,null,FALSE,Colombo,25.5,0.9,83.79166667,18.4
11/13/2018,7346,4358.560959,2.135037737,66.22863636,176.1,2.627,2.437,228.998,196.858,25.35,79.85714286,20,44.2,FALSE,null,null,FALSE,Colombo,25.9,0.1,84.125,14
11/14/2018,7346,4358.560959,2.135037737,66.22863636,176.2,2.68,2.455,225.56,198.574,25.44,81.28571429,20,44.13333333,FALSE,null,null,FALSE,Colombo,26,0.1,85.20833333,13.4
11/15/2018,7346,4358.560959,2.135037737,66.22863636,176.55,2.679,2.456,226.93,198.908,25.48,82.71428571,20,44.06666667,FALSE,null,null,FALSE,Colombo,26.2,0,86.125,12
11/16/2018,7351,4358.560959,2.135037737,66.22863636,176.75,2.701,2.475,227.784,199.847,25.53,84.14285714,20,44,FALSE,null,null,FALSE,Colombo,26.1,5.9,90.16666667,13
11/17/2018,7714,4358.560959,2.135037737,66.22863636,null,null,null,null,null,null,85.57142857,20,43.93333333,FALSE,null,null,FALSE,Colombo,26,1.7,87.70833333,13.1
11/18/2018,8081,4358.560959,2.135037737,66.22863636,null,null,null,null,null,null,87,20,43.86666667,FALSE,null,null,FALSE,Colombo,25.7,5.7,88.5,10.6
11/19/2018,6979,4358.560959,2.135037737,66.22863636,177.25,2.679,2.482,226.668,201.528,25.52,85.57142857,20,43.8,FALSE,null,null,FALSE,Colombo,25.6,14.4,90.66666667,9.7
11/20/2018,7346,4358.560959,2.135037737,66.22863636,177.25,2.72,2.507,228.398,202.683,25.8,84.14285714,20,43.73333333,TRUE,Prophet's Birthday,null,FALSE,Colombo,25.4,14.7,91.08333333,13.8
11/21/2018,7346,4358.560959,2.135037737,66.22863636,178.75,2.724,2.529,230.195,201.249,25.79,82.71428571,20,43.66666667,FALSE,null,null,FALSE,Colombo,25.7,2.8,87.375,11.7
11/22/2018,7346,4358.560959,2.135037737,66.22863636,178.75,2.713,2.542,230.14,203.187,25.85,81.28571429,20,43.6,TRUE,Il Full Moon Poya Day,null,FALSE,Colombo,26.2,1,83.66666667,10.9
11/23/2018,7346,4358.560959,2.135037737,66.22863636,179.6,2.685,2.545,231.342,203.615,25.97,79.85714286,20,43.53333333,FALSE,null,null,FALSE,Colombo,25.7,21.5,89.66666667,11.8
11/24/2018,7714,4358.560959,2.135037737,66.22863636,null,null,null,null,null,null,78.42857143,20,43.46666667,FALSE,null,null,FALSE,Colombo,25.2,12.7,90.04166667,11.8
11/25/2018,8081,4358.560959,2.135037737,66.22863636,null,null,null,null,null,null,77,20,43.4,FALSE,null,null,FALSE,Colombo,25.8,7.7,87.91666667,10.8
11/26/2018,6979,4358.560959,2.135037737,66.22863636,180.25,2.688,2.548,229.937,203.44,25.94,77.57142857,20,43.33333333,FALSE,null,null,FALSE,Colombo,26.3,1.5,84.41666667,12.7
11/27/2018,7346,4358.560959,2.135037737,66.22863636,180.35,2.678,2.543,230.411,203.868,25.83,78.14285714,20,43.26666667,FALSE,null,null,FALSE,Colombo,26.3,8.1,82.91666667,13.7
11/28/2018,7346,4358.560959,2.135037737,66.22863636,179.65,2.712,2.576,229.981,203.297,25.89,78.71428571,20,43.2,FALSE,null,null,FALSE,Colombo,25.6,21.5,87.25,12.5
11/29/2018,7346,4358.560959,2.135037737,66.22863636,179.75,2.665,2.567,228.105,203.906,25.69,79.28571429,20,43.13333333,FALSE,null,null,FALSE,Colombo,25.9,16,89.29166667,11.3
11/30/2018,7346,4358.560959,2.135037737,66.22863636,178.8,2.689,2.539,227.569,204.468,25.98,79.85714286,20,43.06666667,FALSE,null,null,FALSE,Colombo,25.4,4.3,90.125,8.9
12/1/2018,10050,4358.560959,2.135037737,57.94809524,null,null,null,null,null,null,80.42857143,22,43,FALSE,null,null,FALSE,Colombo,26.3,0,79.70833333,14.3
12/2/2018,10528,4358.560959,2.135037737,57.94809524,null,null,null,null,null,null,81,22,43.12903226,FALSE,null,null,FALSE,Colombo,26.4,0.1,76.08333333,15.7
12/3/2018,9093,4358.560959,2.135037737,57.94809524,178.85,2.677,2.539,227.752,201.973,26.19,81,22,43.25806452,FALSE,null,null,FALSE,Colombo,25.8,5,85.33333333,15.6
12/4/2018,9571,4358.560959,2.135037737,57.94809524,179.05,2.695,2.542,228.376,202.747,26.16,81,22,43.38709677,FALSE,null,null,FALSE,Colombo,26.2,2.8,87.125,11.3
12/5/2018,9571,4358.560959,2.135037737,57.94809524,179.35,2.677,2.53,229.163,202.831,26.04,81,22,43.51612903,FALSE,null,null,FALSE,Colombo,25.6,4.1,90.79166667,8.5
12/6/2018,9571,4358.560959,2.135037737,57.94809524,179.25,2.688,2.52,227.267,203.171,25.97,81,22,43.64516129,FALSE,null,null,FALSE,Colombo,25.8,3.6,89.79166667,8.5
12/7/2018,9571,4358.560959,2.135037737,57.94809524,178.55,2.683,2.468,224.761,203.595,25.89,81,22,43.77419355,FALSE,null,null,FALSE,Colombo,26.1,1.4,88.41666667,11.3
12/8/2018,10050,4358.560959,2.135037737,57.94809524,null,null,null,null,null,null,81,22,43.90322581,FALSE,null,null,FALSE,Colombo,26.7,0.6,83.41666667,17.7
12/9/2018,10528,4358.560959,2.135037737,57.94809524,null,null,null,null,null,null,81,22,44.03225806,FALSE,null,null,FALSE,Colombo,26.4,0.3,80.625,20.3
12/10/2018,9093,4358.560959,2.135037737,57.94809524,178.95,2.7,2.48,223.91,202.948,25.99,82.57142857,22,44.16129032,FALSE,null,null,FALSE,Colombo,25.8,0,79.70833333,16.3
12/11/2018,9571,4358.560959,2.135037737,57.94809524,179.3,2.701,2.498,226.596,202.914,26.08,84.14285714,22,44.29032258,FALSE,null,null,FALSE,Colombo,25.6,0,77.75,16.6
12/12/2018,9571,4358.560959,2.135037737,57.94809524,179.425,2.713,2.513,227.519,202.67,26.12,85.71428571,22,44.41935484,FALSE,null,null,FALSE,Colombo,25.1,0,81.16666667,19.7
12/13/2018,9571,4358.560959,2.135037737,57.94809524,179.75,2.691,2.5,226.261,203.771,26.03,87.28571429,22,44.5483871,FALSE,null,null,FALSE,Colombo,25.3,0,80.20833333,18.4
12/14/2018,9571,4358.560959,2.135037737,57.94809524,179.8,2.697,2.512,227.16,203.93,26.08,88.85714286,22,44.67741935,FALSE,null,null,FALSE,Colombo,25.4,0,82.25,20.8
12/15/2018,10050,4358.560959,2.135037737,57.94809524,null,null,null,null,null,null,90.42857143,22,44.80645161,FALSE,null,null,FALSE,Colombo,25.6,1,84.83333333,25.8
12/16/2018,10532,4358.560959,2.135037737,57.94809524,null,null,null,null,null,null,92,22,44.93548387,FALSE,null,null,FALSE,Colombo,25.6,0.2,83.70833333,22.8
12/17/2018,9093,4358.560959,2.135037737,57.94809524,179.9,2.67,2.55,227.664,203.092,26.11,92.85714286,22,45.06451613,FALSE,null,null,FALSE,Colombo,24.7,0,80.91666667,12.6
12/18/2018,9571,4358.560959,2.135037737,57.94809524,180.05,2.673,2.566,227.421,203.888,26.17,93.71428571,22,45.19354839,FALSE,null,null,FALSE,Colombo,25.4,0,84.875,14.3
12/19/2018,9571,4358.560959,2.135037737,57.94809524,180.35,2.649,2.587,229.101,204.271,26.29,94.57142857,22,45.32258065,FALSE,null,null,FALSE,Colombo,25.8,0.3,85.54166667,14.1
12/20/2018,9571,4358.560959,2.135037737,57.94809524,181,2.629,2.583,228.883,204.864,26.24,95.42857143,22,45.4516129,FALSE,null,null,FALSE,Colombo,26,1.7,79.66666667,14.9
12/21/2018,9571,4358.560959,2.135037737,57.94809524,181.2,2.645,2.59,231.005,206.85,26.32,96.28571429,22,45.58064516,FALSE,null,null,FALSE,Colombo,25.3,11.4,87.95833333,14.4
12/22/2018,10050,4358.560959,2.135037737,57.94809524,null,null,null,null,null,null,97.14285714,22,45.70967742,TRUE,Unduvap Full Moon Poya Day,null,FALSE,Colombo,25.4,0,84.33333333,17.7
12/23/2018,10528,4358.560959,2.135037737,57.94809524,null,null,null,null,null,null,98,22,45.83870968,FALSE,null,null,FALSE,Colombo,25.4,9.4,88.375,9.9
12/24/2018,9093,4358.560959,2.135037737,57.94809524,181.55,2.644,2.592,230.324,205.833,26.36,98.14285714,22,45.96774194,FALSE,null,null,FALSE,Colombo,25.5,2,88.54166667,9.1
12/25/2018,9571,4358.560959,2.135037737,57.94809524,181.55,2.644,2.592,229.497,206.664,26.38,98.28571429,22,46.09677419,TRUE,Christmas Day,null,FALSE,Colombo,25.6,4.6,87.58333333,14.1
12/26/2018,9571,4358.560959,2.135037737,57.94809524,181.65,2.624,2.592,230.564,205.975,26.56,98.42857143,22,46.22580645,FALSE,null,null,FALSE,Colombo,25.5,2.7,89.41666667,12.4
12/27/2018,9571,4358.560959,2.135037737,57.94809524,182.35,2.633,2.617,232.547,205.907,26.6,98.57142857,22,46.35483871,FALSE,null,null,FALSE,Colombo,25.3,4,90.41666667,12.5
12/28/2018,9571,4358.560959,2.135037737,57.94809524,183,2.624,2.629,233.372,208.122,26.59,98.71428571,22,46.48387097,FALSE,null,null,FALSE,Colombo,25.5,1,86.20833333,11.5
12/29/2018,10050,4358.560959,2.135037737,57.94809524,null,null,null,null,null,null,98.85714286,22,46.61290323,FALSE,null,null,FALSE,Colombo,25.5,0.8,82.29166667,15.1
12/30/2018,10528,4358.560959,2.135037737,57.94809524,null,null,null,null,null,null,99,22,46.74193548,FALSE,null,null,FALSE,Colombo,25.9,0,70.875,15.5
12/31/2018,9093,4358.560959,2.135037737,57.94809524,182.9,2.623,2.633,233.171,209.045,26.58,97.42857143,22,46.87096774,FALSE,null,null,FALSE,Colombo,25.8,0.6,75.75,20.8
1/1/2019,5249,4081.947727,3.528393582,59.94478261,182.85,2.65,2.614,230.691,209.424,26.66,95.85714286,25,47,FALSE,null,null,FALSE,Colombo,26.2,0,72,20.4
1/2/2019,5249,4081.947727,3.528393582,59.94478261,182.95,2.662,2.609,231.03,209.411,26.62,94.28571429,25,46.80645161,FALSE,null,null,FALSE,Colombo,26.1,0,66.25,19.3
1/3/2019,5249,4081.947727,3.528393582,59.94478261,182.9,2.701,2.628,232.605,207.332,26.6,92.71428571,25,46.61290323,FALSE,null,null,FALSE,Colombo,26.5,0,64.08333333,20.7
1/4/2019,5249,4081.947727,3.528393582,59.94478261,182.75,2.733,2.611,232.925,208.075,26.6,91.14285714,25,46.41935484,FALSE,null,null,FALSE,Colombo,26.1,0,62.58333333,22.4
1/5/2019,5511,4081.947727,3.528393582,59.94478261,null,null,null,null,null,null,89.57142857,25,46.22580645,FALSE,null,null,FALSE,Colombo,26.3,0,70.04166667,20.6
1/6/2019,5774,4081.947727,3.528393582,59.94478261,null,null,null,null,null,null,88,25,46.03225806,FALSE,null,null,FALSE,Colombo,26.2,0,66.45833333,21.6
1/7/2019,4986,4081.947727,3.528393582,59.94478261,182.25,2.729,2.603,232.258,207.922,26.64,88.14285714,25,45.83870968,FALSE,null,null,FALSE,Colombo,25.9,0,71.625,19.3
1/8/2019,5249,4081.947727,3.528393582,59.94478261,182.6,2.737,2.586,233.336,208.942,26.77,88.28571429,25,45.64516129,FALSE,null,null,FALSE,Colombo,27.1,0,71.5,21.7
1/9/2019,5249,4081.947727,3.528393582,59.94478261,182.45,2.722,2.585,232.096,208.78,26.82,88.42857143,25,45.4516129,FALSE,null,null,FALSE,Colombo,27.3,0.6,67.75,18.6
1/10/2019,5249,4081.947727,3.528393582,59.94478261,182.05,2.72,2.585,233.815,210.392,26.9,88.57142857,25,45.25806452,FALSE,null,null,FALSE,Colombo,27,3.2,72.29166667,15.3
1/11/2019,5249,4081.947727,3.528393582,59.94478261,181.95,2.719,2.576,234.465,209.149,26.93,88.71428571,25,45.06451613,FALSE,null,null,FALSE,Colombo,26.6,1.1,71.04166667,20.6
1/12/2019,5511,4081.947727,3.528393582,59.94478261,null,null,null,null,null,null,88.85714286,25,44.87096774,FALSE,null,null,FALSE,Colombo,26.6,2.8,71.29166667,18.9
1/13/2019,5774,4081.947727,3.528393582,59.94478261,null,null,null,null,null,null,89,25,44.67741935,FALSE,null,null,FALSE,Colombo,26.6,2.5,78.33333333,17.2
1/14/2019,4986,4081.947727,3.528393582,59.94478261,182.25,2.719,2.563,234.374,208.47,26.96,88.14285714,25,44.48387097,FALSE,null,null,FALSE,Colombo,26.5,2.5,78.79166667,22.6
1/15/2019,5249,4081.947727,3.528393582,59.94478261,182.25,2.75,2.569,234.922,208.942,26.99,87.28571429,25,44.29032258,TRUE,Tamil Thai Pongal Day,null,FALSE,Colombo,26.7,1.1,74.33333333,20.6
1/16/2019,5250,4081.947727,3.528393582,59.94478261,182.35,2.737,2.556,235.835,207.794,26.8,86.42857143,25,44.09677419,FALSE,null,null,FALSE,Colombo,27,0.6,69.5,24.4
1/17/2019,5249,4081.947727,3.528393582,59.94478261,181.6,2.745,2.551,233.875,207.653,26.8,85.57142857,25,43.90322581,FALSE,null,null,FALSE,Colombo,26.8,0,62.45833333,25.3
1/18/2019,5249,4081.947727,3.528393582,59.94478261,181.65,2.738,2.554,234.385,206.669,26.74,84.71428571,25,43.70967742,FALSE,null,null,FALSE,Colombo,26.1,0,62.45833333,20.6
1/19/2019,5511,4081.947727,3.528393582,59.94478261,null,null,null,null,null,null,83.85714286,25,43.51612903,FALSE,null,null,FALSE,Colombo,25.3,0,66.33333333,26.2
1/20/2019,5774,4081.947727,3.528393582,59.94478261,null,null,null,null,null,null,83,25,43.32258065,TRUE,Duruthu Full Moon Poya Day,null,FALSE,Colombo,26,0,71.625,26.1
1/21/2019,4986,4081.947727,3.528393582,59.94478261,181.8,2.739,2.556,236.012,206.089,26.76,83.85714286,25,43.12903226,FALSE,null,null,FALSE,Colombo,25.8,0,75.66666667,18.2
1/22/2019,5249,4081.947727,3.528393582,59.94478261,182.15,2.756,2.559,238.126,206.313,26.83,84.71428571,25,42.93548387,FALSE,null,null,FALSE,Colombo,26,0.1,78.08333333,18.2
1/23/2019,5249,4081.947727,3.528393582,59.94478261,182.2,2.765,2.56,237.475,206.772,26.77,85.57142857,25,42.74193548,FALSE,null,null,FALSE,Colombo,26.2,0,77.79166667,25.5
1/24/2019,5249,4081.947727,3.528393582,59.94478261,181.75,2.753,2.562,239.769,207.116,26.92,86.42857143,25,42.5483871,FALSE,null,null,FALSE,Colombo,26.6,0,79.375,18.1
1/25/2019,5249,4081.947727,3.528393582,59.94478261,181.65,2.742,2.555,238.971,205.186,26.92,87.28571429,25,42.35483871,FALSE,null,null,FALSE,Colombo,26.5,0.4,81.875,13.1
1/26/2019,5511,4081.947727,3.528393582,59.94478261,null,null,null,null,null,null,88.14285714,25,42.16129032,FALSE,null,null,FALSE,Colombo,26.6,3.1,82.25,14.1
1/27/2019,5774,4081.947727,3.528393582,59.94478261,null,null,null,null,null,null,89,25,41.96774194,FALSE,null,null,FALSE,Colombo,26.3,1.9,83.875,14.9
1/28/2019,4986,4081.947727,3.528393582,59.94478261,181.575,2.739,2.533,236.344,207.001,26.86,89.42857143,25,41.77419355,FALSE,null,null,FALSE,Colombo,26.2,1.7,83.875,15.4
1/29/2019,5249,4081.947727,3.528393582,59.94478261,180.85,2.744,2.519,235.31,207.307,26.71,89.85714286,25,41.58064516,FALSE,null,null,FALSE,Colombo,27.1,0,68.5,27.6
1/30/2019,5249,4081.947727,3.528393582,59.94478261,179.4,2.729,2.514,233.874,206.426,26.62,90.28571429,25,41.38709677,FALSE,null,null,FALSE,Colombo,28.1,0.1,59.625,22.5
1/31/2019,5249,4081.947727,3.528393582,59.94478261,178.4,2.698,2.473,231.058,205.61,26.19,90.71428571,25,41.19354839,FALSE,null,null,FALSE,Colombo,27.3,0.4,69.25,26.8
2/1/2019,5481,4081.947727,3.528393582,64.384,176.65,2.694,2.463,230.308,203.91,26.19,91.14285714,22,41,FALSE,null,null,FALSE,Colombo,27.7,0.9,68.125,21
2/2/2019,5755,4081.947727,3.528393582,64.384,null,null,null,null,null,null,91.57142857,22,41.32142857,FALSE,null,null,FALSE,Colombo,27.9,0.9,68.375,26.8
2/3/2019,6029,4081.947727,3.528393582,64.384,null,null,null,null,null,null,92,22,41.64285714,FALSE,null,null,FALSE,Colombo,27.5,2.5,75.16666667,13.8
2/4/2019,5207,4081.947727,3.528393582,64.384,176.65,2.716,2.492,230.727,202.049,26.43,91.57142857,22,41.96428571,TRUE,Independence Day,null,FALSE,Colombo,26.2,10.4,83.79166667,12.4
2/5/2019,5481,4081.947727,3.528393582,64.384,178.25,2.697,2.482,229.708,201.749,26.33,91.14285714,22,42.28571429,FALSE,null,null,FALSE,Colombo,26.1,9.8,85.5,14.3
2/6/2019,5481,4081.947727,3.528393582,64.384,177.6,2.695,2.493,230.267,203.134,26.35,90.71428571,22,42.60714286,FALSE,null,null,FALSE,Colombo,25.6,23.3,89.29166667,15.9
2/7/2019,5481,4081.947727,3.528393582,64.384,177.75,2.715,2.497,230.151,201.526,26.35,90.28571429,22,42.92857143,FALSE,null,null,FALSE,Colombo,26.2,1.1,85.25,11.9
2/8/2019,5481,4081.947727,3.528393582,64.384,177.75,2.701,2.499,228.426,201.356,26.17,89.85714286,22,43.25,FALSE,null,null,FALSE,Colombo,26.3,7.7,87.66666667,10.9
2/9/2019,5755,4081.947727,3.528393582,64.384,null,null,null,null,null,null,89.42857143,22,43.57142857,FALSE,null,null,FALSE,Colombo,25.4,20.4,90.375,12.6
2/10/2019,6029,4081.947727,3.528393582,64.384,null,null,null,null,null,null,89,22,43.89285714,FALSE,null,null,FALSE,Colombo,26,3.7,87.58333333,12.3
2/11/2019,5207,4081.947727,3.528393582,64.384,177.75,2.707,2.528,229.865,201.072,26.32,89.28571429,22,44.21428571,FALSE,null,null,FALSE,Colombo,27.1,0.7,76.91666667,13.7
2/12/2019,5481,4081.947727,3.528393582,64.384,178.3,2.683,2.519,229.301,200.188,26.4,89.57142857,22,44.53571429,FALSE,null,null,FALSE,Colombo,27.5,0.9,70.625,22
2/13/2019,5481,4081.947727,3.528393582,64.384,178.5,2.678,2.514,228.75,201.794,26.37,89.85714286,22,44.85714286,FALSE,null,null,FALSE,Colombo,27.5,1.2,72.375,23.9
2/14/2019,5481,4081.947727,3.528393582,64.384,178.55,2.695,2.505,230.28,200.766,26.38,90.14285714,22,45.17857143,FALSE,null,null,FALSE,Colombo,27.2,0.7,78.45833333,19.2
2/15/2019,5481,4081.947727,3.528393582,64.384,178.65,2.711,2.516,232.115,201.485,26.54,90.42857143,22,45.5,FALSE,null,null,FALSE,Colombo,26.3,10,87.25,10.4
2/16/2019,5755,4081.947727,3.528393582,64.384,null,null,null,null,null,null,90.71428571,22,45.82142857,FALSE,null,null,FALSE,Colombo,26.1,7.8,89.29166667,12.4
2/17/2019,6029,4081.947727,3.528393582,64.384,null,null,null,null,null,null,91,22,46.14285714,FALSE,null,null,FALSE,Colombo,26.5,4.4,87.83333333,11.2
2/18/2019,5207,4081.947727,3.528393582,64.384,179.6,2.733,2.519,234.63,201.58,26.57,90.28571429,22,46.46428571,FALSE,null,null,FALSE,Colombo,26.9,2.5,85.20833333,10.8
2/19/2019,5481,4081.947727,3.528393582,64.384,179.6,2.736,2.531,234.517,202.866,26.74,89.57142857,22,46.78571429,TRUE,Nawam Full Moon Poya Day,null,FALSE,Colombo,27,0.4,84.66666667,14.2
2/20/2019,5481,4081.947727,3.528393582,64.384,179.7,2.735,2.522,234.275,203.44,26.71,88.85714286,22,47.10714286,FALSE,null,null,FALSE,Colombo,26.9,0.3,82.91666667,11.9
2/21/2019,5481,4081.947727,3.528393582,64.384,179.5,2.745,2.527,234.277,203.463,26.73,88.14285714,22,47.42857143,FALSE,null,null,FALSE,Colombo,27.7,0.4,71.625,20.5
2/22/2019,5481,4081.947727,3.528393582,64.384,179.475,2.744,2.538,235.419,203.275,26.87,87.42857143,22,47.75,FALSE,null,null,FALSE,Colombo,27.5,0.3,71.875,17.4
2/23/2019,5755,4081.947727,3.528393582,64.384,null,null,null,null,null,null,86.71428571,22,48.07142857,FALSE,null,null,FALSE,Colombo,26.3,0.5,75.41666667,12.1
2/24/2019,6029,4081.947727,3.528393582,64.384,null,null,null,null,null,null,86,22,48.39285714,FALSE,null,IRONMAN 70.3 Colombo (Triathlon),TRUE,Colombo,26.5,0.6,80.45833333,15.2
2/25/2019,5207,4081.947727,3.528393582,64.384,179.75,2.737,2.532,238.32,203.344,26.84,85.71428571,22,48.71428571,FALSE,null,null,FALSE,Colombo,27.3,1.4,77.58333333,15.5
2/26/2019,5481,4081.947727,3.528393582,64.384,179.85,2.734,2.526,239.363,203.99,26.89,85.42857143,22,49.03571429,FALSE,null,null,FALSE,Colombo,27.1,4.5,82.45833333,13.4
2/27/2019,5481,4081.947727,3.528393582,64.384,179.85,2.729,2.541,238.767,204.768,26.89,85.14285714,22,49.35714286,FALSE,null,null,FALSE,Colombo,26.8,2.3,82.75,12.6
2/28/2019,5481,4081.947727,3.528393582,64.384,180.025,2.724,2.532,237.342,204.301,26.8,84.85714286,22,49.67857143,FALSE,null,null,FALSE,Colombo,27.5,0.9,74.66666667,15.8
3/1/2019,5224,4081.947727,3.528393582,66.94190476,179.75,2.731,2.535,237.064,204.546,26.8,84.57142857,24,50,FALSE,null,null,FALSE,Colombo,27.3,0.1,77.29166667,15.1
3/2/2019,5485,4081.947727,3.528393582,66.94190476,null,null,null,null,null,null,84.28571429,24,49.83870968,FALSE,null,null,FALSE,Colombo,27.8,0,74.25,19.1
3/3/2019,5746,4081.947727,3.528393582,66.94190476,null,null,null,null,null,null,84,24,49.67741935,FALSE,null,null,FALSE,Colombo,27.5,4.9,78.83333333,13
3/4/2019,4963,4081.947727,3.528393582,66.94190476,179.75,2.716,2.54,235.952,204.277,26.69,83.71428571,24,49.51612903,TRUE,Maha Sivarathri Day,null,FALSE,Colombo,26.5,4.5,83.45833333,17.8
3/5/2019,5224,4081.947727,3.528393582,66.94190476,179.05,2.704,2.547,235.085,203.613,26.59,83.42857143,24,49.35483871,FALSE,null,null,FALSE,Colombo,27.2,1.6,80.33333333,13.5
3/6/2019,5224,4081.947727,3.528393582,66.94190476,178.5,2.691,2.548,233.764,202.208,26.6,83.14285714,24,49.19354839,FALSE,null,null,FALSE,Colombo,27.6,1.9,79.125,16.1
3/7/2019,5224,4081.947727,3.528393582,66.94190476,178.65,2.688,2.55,232.428,201.568,26.56,82.85714286,24,49.03225806,FALSE,null,null,FALSE,Colombo,28.1,0.5,78,14.1
3/8/2019,5224,4081.947727,3.528393582,66.94190476,178.55,2.706,2.557,234.937,199.777,26.56,82.57142857,24,48.87096774,FALSE,null,null,FALSE,Colombo,28,1.6,79.33333333,15.8
3/9/2019,5485,4081.947727,3.528393582,66.94190476,null,null,null,null,null,null,82.28571429,24,48.70967742,FALSE,null,null,FALSE,Colombo,27.2,4.1,81.79166667,13.7
3/10/2019,5746,4081.947727,3.528393582,66.94190476,null,null,null,null,null,null,82,24,48.5483871,FALSE,null,null,FALSE,Colombo,27.3,0.1,78.125,17.9
3/11/2019,4963,4081.947727,3.528393582,66.94190476,178.625,2.722,2.567,233.698,200.486,26.65,81.71428571,24,48.38709677,FALSE,null,null,FALSE,Colombo,27.2,2.3,77.625,18.1
3/12/2019,5224,4081.947727,3.528393582,66.94190476,178.75,2.731,2.572,238.568,200.703,26.67,81.42857143,24,48.22580645,FALSE,null,null,FALSE,Colombo,27.1,0.5,76.54166667,12.8
3/13/2019,5224,4081.947727,3.528393582,66.94190476,178.85,2.73,2.578,236.824,201.568,26.6,81.14285714,24,48.06451613,FALSE,null,Colombo Fashion Week (Main Week),TRUE,Colombo,27.4,1.3,75.625,13.3
3/14/2019,5224,4081.947727,3.528393582,66.94190476,178.85,2.752,2.589,237.373,202.491,26.59,80.85714286,24,47.90322581,FALSE,null,Colombo Fashion Week (Main Week),TRUE,Colombo,28.3,0,72.08333333,13
3/15/2019,5224,4081.947727,3.528393582,66.94190476,178.55,2.767,2.599,236.415,202.08,26.56,80.57142857,24,47.74193548,FALSE,null,Colombo Fashion Week (Main Week),TRUE,Colombo,28.5,0.3,71.83333333,16.5
3/16/2019,5486,4081.947727,3.528393582,66.94190476,null,null,null,null,null,null,80.28571429,24,47.58064516,FALSE,null,Colombo Fashion Week (Main Week),TRUE,Colombo,28,1.5,75.75,15.3
3/17/2019,5746,4081.947727,3.528393582,66.94190476,null,null,null,null,null,null,80,24,47.41935484,FALSE,null,Colombo Fashion Week (Main Week),TRUE,Colombo,27.3,2.4,79.45833333,14.1
3/18/2019,4963,4081.947727,3.528393582,66.94190476,178.325,2.77,2.586,236.852,202.038,26.59,78.71428571,24,47.25806452,FALSE,null,null,FALSE,Colombo,26.7,32.3,84.29166667,14.6
3/19/2019,5224,4081.947727,3.528393582,66.94190476,178.5,2.794,2.595,235.567,202.008,26.66,77.42857143,24,47.09677419,FALSE,null,null,FALSE,Colombo,27.4,0.1,80.83333333,12.1
3/20/2019,5224,4081.947727,3.528393582,66.94190476,178.5,2.785,2.588,233.463,202.466,26.59,76.14285714,24,46.93548387,TRUE,Medin Full Moon Poya Day,null,FALSE,Colombo,28,0.8,78.375,15.9
3/21/2019,5224,4081.947727,3.528393582,66.94190476,178.1,2.755,2.574,235.231,203.572,26.5,74.85714286,24,46.77419355,FALSE,null,null,FALSE,Colombo,27.4,5.4,78,16.2
3/22/2019,5224,4081.947727,3.528393582,66.94190476,178.05,2.781,2.584,235.206,202.365,26.53,73.57142857,24,46.61290323,FALSE,null,null,FALSE,Colombo,28,0.2,78.29166667,15.7
3/23/2019,5485,4081.947727,3.528393582,66.94190476,null,null,null,null,null,null,72.28571429,24,46.4516129,FALSE,null,null,FALSE,Colombo,27.9,2.4,81.66666667,14.5
3/24/2019,5746,4081.947727,3.528393582,66.94190476,null,null,null,null,null,null,71,24,46.29032258,FALSE,null,null,FALSE,Colombo,27.8,0,78.25,15.6
3/25/2019,4963,4081.947727,3.528393582,66.94190476,178.125,2.752,2.569,234.262,201.315,26.39,71.71428571,24,46.12903226,FALSE,null,null,FALSE,Colombo,28,0.1,76.70833333,19.4
3/26/2019,5224,4081.947727,3.528393582,66.94190476,177.35,2.713,2.547,232.342,201.392,26.17,72.42857143,24,45.96774194,FALSE,null,null,FALSE,Colombo,28.4,0,71.83333333,19.1
3/27/2019,5224,4081.947727,3.528393582,66.94190476,176.15,2.709,2.544,229.897,199.654,26.13,73.14285714,24,45.80645161,FALSE,null,null,FALSE,Colombo,28.5,0,72.79166667,18
3/28/2019,5224,4081.947727,3.528393582,66.94190476,176.2,2.669,2.534,228.697,197.915,26.12,73.85714286,24,45.64516129,FALSE,null,null,FALSE,Colombo,28.3,0.4,72.66666667,16.6
3/29/2019,5224,4081.947727,3.528393582,66.94190476,175.475,2.671,2.517,228.449,197.707,25.96,74.57142857,24,45.48387097,FALSE,null,null,FALSE,Colombo,27.6,1.7,74.70833333,18.7
3/30/2019,5485,4081.947727,3.528393582,66.94190476,null,null,null,null,null,null,75.28571429,24,45.32258065,FALSE,null,null,FALSE,Colombo,28.1,1.5,75.16666667,16.1
3/31/2019,5746,4081.947727,3.528393582,66.94190476,null,null,null,null,null,null,76,24,45.16129032,FALSE,null,null,FALSE,Colombo,28.4,0.1,72.08333333,16.3
4/1/2019,4586,4081.947727,3.528393582,71.47590909,174.375,2.669,2.53,229.263,196.69,25.94,77.71428571,24,45,FALSE,null,null,FALSE,Colombo,28.5,0.1,70.33333333,16.1
4/2/2019,4827,4081.947727,3.528393582,71.47590909,174.55,2.676,2.55,229.932,195.369,26.01,79.42857143,24,44.7,FALSE,null,null,FALSE,Colombo,28,2,69.79166667,16
4/3/2019,4827,4081.947727,3.528393582,71.47590909,174.7,2.667,2.529,228.375,195.38,25.97,81.14285714,24,44.4,FALSE,null,null,FALSE,Colombo,28.6,0.1,67.5,19.2
4/4/2019,4827,4081.947727,3.528393582,71.47590909,174.625,2.675,2.525,227.961,196.146,26,82.85714286,24,44.1,FALSE,null,null,FALSE,Colombo,29,0,65.58333333,19.6
4/5/2019,4827,4081.947727,3.528393582,71.47590909,174.85,2.69,2.509,228.204,195.789,25.99,84.57142857,24,43.8,FALSE,null,null,FALSE,Colombo,29,0.1,69.04166667,17.2
4/6/2019,5068,4081.947727,3.528393582,71.47590909,null,null,null,null,null,null,86.28571429,24,43.5,FALSE,null,null,FALSE,Colombo,28.8,0.2,71.66666667,17.2
4/7/2019,5310,4081.947727,3.528393582,71.47590909,null,null,null,null,null,null,88,24,43.2,FALSE,null,null,FALSE,Colombo,29.2,0.1,71.125,15.2
4/8/2019,4586,4081.947727,3.528393582,71.47590909,174.675,2.689,2.521,228.267,195.909,26.02,89.71428571,24,42.9,FALSE,null,null,FALSE,Colombo,29.3,0.1,70.45833333,16.4
4/9/2019,4827,4081.947727,3.528393582,71.47590909,174.75,2.716,2.524,228.61,196.526,25.99,91.42857143,24,42.6,FALSE,null,null,FALSE,Colombo,29.1,2.6,73.625,18
4/10/2019,4827,4081.947727,3.528393582,71.47590909,174.625,2.699,2.527,227.925,196.691,25.96,93.14285714,24,42.3,FALSE,null,null,FALSE,Colombo,29.2,1.2,72.95833333,15.8
4/11/2019,4827,4081.947727,3.528393582,71.47590909,174.575,2.712,2.522,228.438,196.77,26.03,94.85714286,24,42,FALSE,null,null,FALSE,Colombo,28.1,3.9,78.91666667,13.5
4/12/2019,4827,4081.947727,3.528393582,71.47590909,174.6,2.713,2.514,228.718,196.256,26.01,96.57142857,24,41.7,FALSE,null,null,FALSE,Colombo,28.6,1.3,78.75,15.4
4/13/2019,5068,4081.947727,3.528393582,71.47590909,null,null,null,null,null,null,98.28571429,24,41.4,TRUE,Day Before Sinhala and Tamil New Year,null,FALSE,Colombo,28.7,2,78.79166667,13.9
4/14/2019,5310,4081.947727,3.528393582,71.47590909,null,null,null,null,null,null,100,24,41.1,TRUE,Sinhala and Tamil New Year,null,FALSE,Colombo,28.5,3,77.875,14.2
4/15/2019,4586,4081.947727,3.528393582,71.47590909,174.6,2.724,2.511,227.934,197.185,26.01,93.85714286,24,40.8,FALSE,null,null,FALSE,Colombo,28.1,3.9,79.95833333,14.7
4/16/2019,4829,4081.947727,3.528393582,71.47590909,174.675,2.734,2.513,227.775,197.307,26.09,87.71428571,24,40.5,FALSE,null,null,FALSE,Colombo,27.8,15.9,81.41666667,13.9
4/17/2019,4827,4081.947727,3.528393582,71.47590909,174.6,2.723,2.507,226.304,196.949,25.92,81.57142857,24,40.2,FALSE,null,null,FALSE,Colombo,27,17.6,87.41666667,14.8
4/18/2019,4827,4081.947727,3.528393582,71.47590909,174.1,2.714,2.506,226.287,197.08,25.94,75.42857143,24,39.9,FALSE,null,null,FALSE,Colombo,27.6,9.5,85.20833333,12.7
4/19/2019,4827,4081.947727,3.528393582,71.47590909,174.1,2.732,2.503,226.775,195.328,25.99,69.28571429,24,39.6,TRUE,Bak Full Moon Poya Day; Good Friday,null,FALSE,Colombo,27.5,6,84.375,15.1
4/20/2019,5068,4081.947727,3.528393582,71.47590909,null,null,null,null,null,null,63.14285714,24,39.3,FALSE,null,null,FALSE,Colombo,27,14.8,87.5,16.5
4/21/2019,5310,4081.947727,3.528393582,71.47590909,null,null,null,null,null,null,57,24,39,FALSE,null,null,FALSE,Colombo,27.5,3.6,84.79166667,10.1
4/22/2019,4586,4081.947727,3.528393582,71.47590909,174.65,2.738,2.501,226.027,195.624,25.94,55.42857143,24,38.7,FALSE,null,null,FALSE,Colombo,27.6,1.3,85.70833333,13.2
4/23/2019,4827,4081.947727,3.528393582,71.47590909,174.7,2.713,2.497,225.665,196.435,25.99,53.85714286,24,38.4,FALSE,null,null,FALSE,Colombo,27.7,1.6,83.25,11.2
4/24/2019,4827,4081.947727,3.528393582,71.47590909,174.9,2.706,2.494,226.056,195.894,25.95,52.28571429,24,38.1,FALSE,null,null,FALSE,Colombo,27.7,1.3,82.04166667,11.3
4/25/2019,4827,4081.947727,3.528393582,71.47590909,175.25,2.704,2.508,226.673,194.825,26.03,50.71428571,24,37.8,FALSE,null,null,FALSE,Colombo,27.9,1.6,84.16666667,11.9
4/26/2019,4827,4081.947727,3.528393582,71.47590909,175.45,2.724,2.515,227.415,194.775,26.08,49.14285714,24,37.5,FALSE,null,null,FALSE,Colombo,27.6,1.2,85.95833333,7.3
4/27/2019,5068,4081.947727,3.528393582,71.47590909,null,null,null,null,null,null,47.57142857,24,37.2,FALSE,null,null,FALSE,Colombo,28.3,0.3,83.16666667,9.2
4/28/2019,5310,4081.947727,3.528393582,71.47590909,null,null,null,null,null,null,46,24,36.9,FALSE,null,null,FALSE,Colombo,28.1,2.8,85.79166667,14.8
4/29/2019,4586,4081.947727,3.528393582,71.47590909,175.8,2.722,2.527,229.651,195.313,26.13,46.85714286,24,36.6,FALSE,null,null,FALSE,Colombo,26.7,17.8,89.79166667,17.1
4/30/2019,4827,4081.947727,3.528393582,71.47590909,176.2,2.714,2.53,229.932,196.391,26.12,47.71428571,24,36.3,FALSE,null,null,FALSE,Colombo,27.1,11,88.70833333,17.6
5/1/2019,3499,4081.947727,3.528393582,70.38913043,176.2,2.697,2.541,230.207,197.366,26.19,48.57142857,24,36,TRUE,International Workers' Day,null,FALSE,Colombo,28.4,6.8,82.79166667,22.2
5/2/2019,3499,4081.947727,3.528393582,70.38913043,176.6,2.721,2.563,233.665,197.014,26.3,49.42857143,24,36.16129032,FALSE,null,null,FALSE,Colombo,28.1,5.7,85.79166667,20.9
5/3/2019,3499,4081.947727,3.528393582,70.38913043,177.375,2.716,2.554,232.406,197.145,26.18,50.28571429,24,36.32258065,FALSE,null,null,FALSE,Colombo,27.1,11.5,88.08333333,20.6
5/4/2019,3674,4081.947727,3.528393582,70.38913043,null,null,null,null,null,null,51.14285714,24,36.48387097,FALSE,null,null,FALSE,Colombo,28,7,82.5,16.4
5/5/2019,3849,4081.947727,3.528393582,70.38913043,null,null,null,null,null,null,52,24,36.64516129,FALSE,null,null,FALSE,Colombo,28.6,0.5,78.125,16.7
5/6/2019,3324,4081.947727,3.528393582,70.38913043,177.45,2.701,2.537,231.437,198.408,26.08,52,24,36.80645161,FALSE,null,null,FALSE,Colombo,28.4,0,76.66666667,16.8
5/7/2019,3499,4081.947727,3.528393582,70.38913043,177,2.683,2.501,227.259,198.411,25.71,52,24,36.96774194,FALSE,null,null,FALSE,Colombo,28.7,1.3,75.70833333,18.5
5/8/2019,3499,4081.947727,3.528393582,70.38913043,174.7,2.684,2.495,228.261,197.783,25.65,52,24,37.12903226,FALSE,null,null,FALSE,Colombo,29.1,0.5,70.04166667,19.1
5/9/2019,3499,4081.947727,3.528393582,70.38913043,175.45,2.703,2.515,229.255,195.171,25.8,52,24,37.29032258,FALSE,null,null,FALSE,Colombo,28.9,0.7,71.91666667,17.3
5/10/2019,3499,4081.947727,3.528393582,70.38913043,176.35,2.699,2.501,228.895,196.469,25.65,52,24,37.4516129,FALSE,null,null,FALSE,Colombo,29,1.9,76.33333333,20.9
5/11/2019,3674,4081.947727,3.528393582,70.38913043,null,null,null,null,null,null,52,24,37.61290323,FALSE,null,null,FALSE,Colombo,28.7,1.8,77.58333333,19.5
5/12/2019,3849,4081.947727,3.528393582,70.38913043,null,null,null,null,null,null,52,24,37.77419355,FALSE,null,null,FALSE,Colombo,27.8,3.2,85.79166667,15.3
5/13/2019,3324,4081.947727,3.528393582,70.38913043,176.65,2.719,2.51,228.123,197.813,25.67,52.42857143,24,37.93548387,FALSE,null,null,FALSE,Colombo,28.2,3.3,82.45833333,16.1
5/14/2019,3499,4081.947727,3.528393582,70.38913043,176.75,2.723,2.506,226.49,198.086,25.6,52.85714286,24,38.09677419,FALSE,null,null,FALSE,Colombo,27.6,2.7,87.08333333,14
5/15/2019,3499,4081.947727,3.528393582,70.38913043,176.25,2.722,2.508,225.291,197.913,25.55,53.28571429,24,38.25806452,FALSE,null,null,FALSE,Colombo,28.8,2,78.91666667,19.3
5/16/2019,3507,4081.947727,3.528393582,70.38913043,176.05,2.712,2.499,223.644,197.232,25.38,53.71428571,24,38.41935484,FALSE,null,null,FALSE,Colombo,27.4,4.5,87.08333333,16.1
5/17/2019,3499,4081.947727,3.528393582,70.38913043,175.8,2.72,2.522,223.741,196.515,25.4,54.14285714,24,38.58064516,FALSE,null,null,FALSE,Colombo,27.4,3.5,86.91666667,15.5
5/18/2019,3674,4081.947727,3.528393582,70.38913043,null,null,null,null,null,null,54.57142857,24,38.74193548,TRUE,Vesak Full Moon Poya Day,null,FALSE,Colombo,27.3,4.3,87.04166667,17.3
5/19/2019,3849,4081.947727,3.528393582,70.38913043,null,null,null,null,null,null,55,24,38.90322581,TRUE,Day Following Vesak Full Moon Poya Day,null,FALSE,Colombo,27.6,2.7,86.125,18.5
5/20/2019,3324,4081.947727,3.528393582,70.38913043,175.8,2.732,2.527,223.825,195.952,25.49,54.57142857,24,39.06451613,TRUE,Special Public Holiday,null,FALSE,Colombo,27.8,3.1,83.5,15.5
5/21/2019,3499,4081.947727,3.528393582,70.38913043,176.15,2.74,2.532,223.548,196.11,25.53,54.14285714,24,39.22580645,FALSE,null,null,FALSE,Colombo,27.6,2.7,83.91666667,18.5
5/22/2019,3499,4081.947727,3.528393582,70.38913043,176.55,2.718,2.531,223.41,196.381,25.51,53.71428571,24,39.38709677,FALSE,null,null,FALSE,Colombo,27.4,4.9,83.04166667,20
5/23/2019,3499,4081.947727,3.528393582,70.38913043,176.525,2.735,2.541,224.361,196.666,25.56,53.28571429,24,39.5483871,FALSE,null,null,FALSE,Colombo,26.9,9.5,86.95833333,23.8
5/24/2019,3499,4081.947727,3.528393582,70.38913043,176.475,2.736,2.533,223.468,197.159,25.53,52.85714286,24,39.70967742,FALSE,null,null,FALSE,Colombo,26.9,10.6,85.5,17.3
5/25/2019,3674,4081.947727,3.528393582,70.38913043,null,null,null,null,null,null,52.42857143,24,39.87096774,FALSE,null,null,FALSE,Colombo,27.4,9.4,83.83333333,21.3
5/26/2019,3849,4081.947727,3.528393582,70.38913043,null,null,null,null,null,null,52,24,40.03225806,FALSE,null,null,FALSE,Colombo,28.3,4.4,80.95833333,18.7
5/27/2019,3324,4081.947727,3.528393582,70.38913043,176.25,2.723,2.53,223.05,197.547,25.48,51.57142857,24,40.19354839,FALSE,null,null,FALSE,Colombo,28,3.6,84.875,15.2
5/28/2019,3499,4081.947727,3.528393582,70.38913043,176.275,2.711,2.522,222.623,197.162,25.47,51.14285714,24,40.35483871,FALSE,null,null,FALSE,Colombo,28,3,87.20833333,13.3
5/29/2019,3499,4081.947727,3.528393582,70.38913043,176.3,2.704,2.524,222.374,196.583,25.53,50.71428571,24,40.51612903,FALSE,null,null,FALSE,Colombo,27.5,5.8,87.91666667,18.8
5/30/2019,3499,4081.947727,3.528393582,70.38913043,176.375,2.687,2.532,222.827,196.037,25.51,50.28571429,24,40.67741935,FALSE,null,null,FALSE,Colombo,28.2,4.2,84.45833333,18.8
5/31/2019,3499,4081.947727,3.528393582,70.38913043,176.35,2.699,2.55,223.529,196.166,25.55,49.85714286,24,40.83870968,FALSE,null,null,FALSE,Colombo,27.7,4.8,83.95833333,17.4
6/1/2019,3776,4081.947727,3.528393582,63.2085,null,null,null,null,null,null,49.42857143,23,41,FALSE,null,null,FALSE,Colombo,28.8,1.2,76.79166667,19.4
6/2/2019,3956,4081.947727,3.528393582,63.2085,null,null,null,null,null,null,49,23,41.06666667,FALSE,null,null,FALSE,Colombo,28,3.7,83.375,16
6/3/2019,3417,4081.947727,3.528393582,63.2085,176.5,2.707,2.545,224.025,197.009,25.52,49.42857143,23,41.13333333,FALSE,null,null,FALSE,Colombo,27.8,8.2,83.95833333,18.9
6/4/2019,3597,4081.947727,3.528393582,63.2085,176.425,2.699,2.541,223.813,198.274,25.52,49.85714286,23,41.2,FALSE,null,null,FALSE,Colombo,26.7,32.1,88.54166667,18.2
6/5/2019,3597,4081.947727,3.528393582,63.2085,176.425,2.707,2.549,224.069,198.411,25.52,50.28571429,23,41.26666667,TRUE,Eid al-Fitr,null,FALSE,Colombo,26.8,12.3,88.70833333,21.4
6/6/2019,3597,4081.947727,3.528393582,63.2085,176.425,2.72,2.541,224.695,197.847,25.49,50.71428571,23,41.33333333,FALSE,null,null,FALSE,Colombo,27,21.8,87.83333333,16.5
6/7/2019,3597,4081.947727,3.528393582,63.2085,176.425,2.722,2.535,223.836,198.817,25.43,51.14285714,23,41.4,FALSE,null,null,FALSE,Colombo,26.8,26.7,88.54166667,17.8
6/8/2019,3776,4081.947727,3.528393582,63.2085,null,null,null,null,null,null,51.57142857,23,41.46666667,FALSE,null,null,FALSE,Colombo,27.7,20.3,84.70833333,23.6
6/9/2019,3956,4081.947727,3.528393582,63.2085,null,null,null,null,null,null,52,23,41.53333333,FALSE,null,null,FALSE,Colombo,27.5,13.5,85.54166667,24.3
6/10/2019,3417,4081.947727,3.528393582,63.2085,176.45,2.731,2.541,224.515,199.709,25.51,52.28571429,23,41.6,FALSE,null,null,FALSE,Colombo,27.6,8.6,85.16666667,21.2
6/11/2019,3597,4081.947727,3.528393582,63.2085,176.45,2.716,2.542,223.935,199.431,25.49,52.57142857,23,41.66666667,FALSE,null,null,FALSE,Colombo,28,2.2,82.41666667,18.7
6/12/2019,3597,4081.947727,3.528393582,63.2085,176.5,2.734,2.538,223.832,199.73,25.5,52.85714286,23,41.73333333,FALSE,null,null,FALSE,Colombo,27.8,7.1,84.58333333,21.3
6/13/2019,3597,4081.947727,3.528393582,63.2085,176.6,2.742,2.527,222.501,199.046,25.49,53.14285714,23,41.8,FALSE,null,null,FALSE,Colombo,27.9,15.4,85.125,20.4
6/14/2019,3597,4081.947727,3.528393582,63.2085,176.7,2.747,2.529,221.601,199.004,25.51,53.42857143,23,41.86666667,FALSE,null,null,FALSE,Colombo,27.3,12.1,89.58333333,13.5
6/15/2019,3776,4081.947727,3.528393582,63.2085,null,null,null,null,null,null,53.71428571,23,41.93333333,FALSE,null,null,FALSE,Colombo,27.8,9.4,86.625,17.9
6/16/2019,3954,4081.947727,3.528393582,63.2085,null,null,null,null,null,null,54,23,42,TRUE,Poson Full Moon Poya Day,null,FALSE,Colombo,27.5,11.8,87.33333333,18.2
6/17/2019,3417,4081.947727,3.528393582,63.2085,176.8,2.76,2.538,222.049,197.86,25.59,53.57142857,23,42.06666667,FALSE,null,null,FALSE,Colombo,28.2,3.6,83.625,19.2
6/18/2019,3597,4081.947727,3.528393582,63.2085,176.825,2.768,2.535,223.335,198.204,25.56,53.14285714,23,42.13333333,FALSE,null,null,FALSE,Colombo,28.4,4.5,81.91666667,22.6
6/19/2019,3597,4081.947727,3.528393582,63.2085,176.675,2.81,2.541,224.45,197.745,25.78,52.71428571,23,42.2,FALSE,null,null,FALSE,Colombo,28.5,5,79.66666667,24
6/20/2019,3597,4081.947727,3.528393582,63.2085,176.725,2.8,2.536,225.12,198.16,25.69,52.28571429,23,42.26666667,FALSE,null,null,FALSE,Colombo,27.6,13.4,85.08333333,22.4
6/21/2019,3597,4081.947727,3.528393582,63.2085,176.675,2.819,2.546,224.928,199.456,25.63,51.85714286,23,42.33333333,FALSE,null,null,FALSE,Colombo,27.7,17.2,83.125,22.3
6/22/2019,3776,4081.947727,3.528393582,63.2085,null,null,null,null,null,null,51.42857143,23,42.4,FALSE,null,null,FALSE,Colombo,27.7,10.2,83,23
6/23/2019,3956,4081.947727,3.528393582,63.2085,null,null,null,null,null,null,51,23,42.46666667,FALSE,null,null,FALSE,Colombo,27.7,4.6,83.625,21.7
6/24/2019,3417,4081.947727,3.528393582,63.2085,176.525,2.805,2.543,223.997,200.667,25.63,51.42857143,23,42.53333333,FALSE,null,null,FALSE,Colombo,27.8,5.7,83.70833333,17.4
6/25/2019,3597,4081.947727,3.528393582,63.2085,176.5,2.802,2.549,224.097,201.061,25.65,51.85714286,23,42.6,FALSE,null,null,FALSE,Colombo,27.6,6.1,85.29166667,20
6/26/2019,3597,4081.947727,3.528393582,63.2085,176.6,2.798,2.554,223.876,200.404,25.66,52.28571429,23,42.66666667,FALSE,null,null,FALSE,Colombo,28,4.7,80.79166667,23.4
6/27/2019,3597,4081.947727,3.528393582,63.2085,176.6,2.787,2.558,224.067,200.645,25.68,52.71428571,23,42.73333333,FALSE,null,null,FALSE,Colombo,28.1,1.7,79.83333333,20.7
6/28/2019,3597,4081.947727,3.528393582,63.2085,176.5,2.797,2.558,222.844,200.663,25.7,53.14285714,23,42.8,FALSE,null,null,FALSE,Colombo,28,1.9,80.16666667,20.1
6/29/2019,3776,4081.947727,3.528393582,63.2085,null,null,null,null,null,null,53.57142857,23,42.86666667,FALSE,null,null,FALSE,Colombo,28.1,1.5,79.25,23.6
6/30/2019,3956,4081.947727,3.528393582,63.2085,null,null,null,null,null,null,54,23,42.93333333,FALSE,null,null,FALSE,Colombo,28.1,1.5,81.25,20.7
7/1/2019,5549,4081.947727,3.528393582,64.32217391,176.3,2.783,2.558,222.078,200.532,25.64,55.14285714,26,43,FALSE,null,null,FALSE,Colombo,28.3,0.3,80,23.1
7/2/2019,5841,4081.947727,3.528393582,64.32217391,176.35,2.778,2.557,221.357,198.842,25.57,56.28571429,26,42.96774194,FALSE,null,null,FALSE,Colombo,28.1,3.6,77.66666667,24.7
7/3/2019,5841,4081.947727,3.528393582,64.32217391,176.05,2.77,2.567,221.548,198.863,25.61,57.42857143,26,42.93548387,FALSE,null,null,FALSE,Colombo,27.9,2.8,80.58333333,20.9
7/4/2019,5841,4081.947727,3.528393582,64.32217391,176.125,2.759,2.572,220.602,198.419,25.53,58.57142857,26,42.90322581,FALSE,null,null,FALSE,Colombo,27.6,3.2,83.16666667,18.1
7/5/2019,5841,4081.947727,3.528393582,64.32217391,176.15,2.764,2.568,220.408,198.598,25.59,59.71428571,26,42.87096774,FALSE,null,null,FALSE,Colombo,27.7,1.7,82.95833333,19.7
7/6/2019,6134,4081.947727,3.528393582,64.32217391,null,null,null,null,null,null,60.85714286,26,42.83870968,FALSE,null,null,FALSE,Colombo,28.2,0.4,79.20833333,17.7
7/7/2019,6426,4081.947727,3.528393582,64.32217391,null,null,null,null,null,null,62,26,42.80645161,FALSE,null,null,FALSE,Colombo,28.3,0.3,79.5,17.3
7/8/2019,5549,4081.947727,3.528393582,64.32217391,176.15,2.751,2.561,219.014,197.581,25.48,62.85714286,26,42.77419355,FALSE,null,null,FALSE,Colombo,28.1,2.3,81.70833333,17.8
7/9/2019,5841,4081.947727,3.528393582,64.32217391,175.675,2.776,2.561,219.321,197.443,25.5,63.71428571,26,42.74193548,FALSE,null,null,FALSE,Colombo,26.7,7.9,88.125,15.1
7/10/2019,5841,4081.947727,3.528393582,64.32217391,175.45,2.79,2.562,219.61,196.777,25.51,64.57142857,26,42.70967742,FALSE,null,null,FALSE,Colombo,26.5,13,88.33333333,15.6
7/11/2019,5841,4081.947727,3.528393582,64.32217391,175.4,2.783,2.558,220.691,197.195,25.49,65.42857143,26,42.67741935,FALSE,null,null,FALSE,Colombo,27.4,1.4,86.41666667,15.1
7/12/2019,5841,4081.947727,3.528393582,64.32217391,175.5,2.804,2.562,219.938,197.265,25.53,66.28571429,26,42.64516129,FALSE,null,null,FALSE,Colombo,27,4.3,88.25,17.2
7/13/2019,6134,4081.947727,3.528393582,64.32217391,null,null,null,null,null,null,67.14285714,26,42.61290323,FALSE,null,null,FALSE,Colombo,26.5,6.6,86.83333333,18.3
7/14/2019,6426,4081.947727,3.528393582,64.32217391,null,null,null,null,null,null,68,26,42.58064516,FALSE,null,null,FALSE,Colombo,26.8,4.7,85.16666667,14.3
7/15/2019,5549,4081.947727,3.528393582,64.32217391,175.725,2.785,2.558,218.022,197.658,25.53,66.85714286,26,42.5483871,FALSE,null,null,FALSE,Colombo,27.3,5.8,82.70833333,20.2
7/16/2019,5847,4081.947727,3.528393582,64.32217391,175.725,2.79,2.55,218.408,197.673,25.54,65.71428571,26,42.51612903,TRUE,Esala Full Moon Poya Day,null,FALSE,Colombo,27.4,12.1,82.75,22.1
7/17/2019,5841,4081.947727,3.528393582,64.32217391,175.675,2.797,2.551,220.576,196.83,25.53,64.57142857,26,42.48387097,FALSE,null,null,FALSE,Colombo,27.3,10.1,82.95833333,27.8
7/18/2019,5841,4081.947727,3.528393582,64.32217391,175.75,2.788,2.552,219.777,197.076,25.53,63.42857143,26,42.4516129,FALSE,null,null,FALSE,Colombo,26.6,19.2,84.58333333,31.7
7/19/2019,5841,4081.947727,3.528393582,64.32217391,175.8,2.784,2.549,219.431,198.045,25.54,62.28571429,26,42.41935484,FALSE,null,null,FALSE,Colombo,27.4,4.4,79.75,34.9
7/20/2019,6134,4081.947727,3.528393582,64.32217391,null,null,null,null,null,null,61.14285714,26,42.38709677,FALSE,null,null,FALSE,Colombo,27.3,2.3,80.25,30.3
7/21/2019,6426,4081.947727,3.528393582,64.32217391,null,null,null,null,null,null,60,26,42.35483871,FALSE,null,null,FALSE,Colombo,26.7,16.3,87,18.4
7/22/2019,5549,4081.947727,3.528393582,64.32217391,175.875,2.785,2.549,218.971,197.192,25.58,61,26,42.32258065,FALSE,null,null,FALSE,Colombo,27,23.3,83.66666667,18
7/23/2019,5841,4081.947727,3.528393582,64.32217391,176.05,2.781,2.553,219.969,196.981,25.62,62,26,42.29032258,FALSE,null,null,FALSE,Colombo,27.3,0.8,82,18.9
7/24/2019,5841,4081.947727,3.528393582,64.32217391,176.2,2.784,2.55,219.616,196.258,25.62,63,26,42.25806452,FALSE,null,null,FALSE,Colombo,27,1.5,83.41666667,19.6
7/25/2019,5841,4081.947727,3.528393582,64.32217391,176.2,2.779,2.556,218.18,196.158,25.6,64,26,42.22580645,FALSE,null,null,FALSE,Colombo,26.3,14.5,87.95833333,19.5
7/26/2019,5841,4081.947727,3.528393582,64.32217391,176.2,2.775,2.561,215.299,196.281,25.54,65,26,42.19354839,FALSE,null,null,FALSE,Colombo,26.8,3.2,85.16666667,18.9
7/27/2019,6134,4081.947727,3.528393582,64.32217391,null,null,null,null,null,null,66,26,42.16129032,FALSE,null,null,FALSE,Colombo,26.9,0.5,85,16.6
7/28/2019,6426,4081.947727,3.528393582,64.32217391,null,null,null,null,null,null,67,26,42.12903226,FALSE,null,null,FALSE,Colombo,27.2,2.9,83,20.1
7/29/2019,5549,4081.947727,3.528393582,64.32217391,176.2,2.773,2.557,214.162,195.911,25.58,68.42857143,26,42.09677419,FALSE,null,null,FALSE,Colombo,27.1,5.1,82.29166667,20.7
7/30/2019,5841,4081.947727,3.528393582,64.32217391,176.25,2.768,2.559,214.455,196.246,25.61,69.85714286,26,42.06451613,FALSE,null,null,FALSE,Colombo,27,2.2,84.83333333,15.3
7/31/2019,5841,4081.947727,3.528393582,64.32217391,176.375,2.738,2.555,214.148,196.46,25.56,71.28571429,26,42.03225806,FALSE,null,null,FALSE,Colombo,27.2,3.1,84.41666667,17.7
8/1/2019,5532,4081.947727,3.528393582,59.61818182,176.5,2.705,2.533,214.727,195.235,25.44,72.71428571,28,42,FALSE,null,Kandy Cultural Show,TRUE,Colombo,26.8,4.8,88.33333333,15.7
8/2/2019,5532,4081.947727,3.528393582,59.61818182,176.65,2.698,2.496,214.853,195.504,25.06,74.14285714,28,41.87096774,FALSE,null,Kandy Cultural Show,TRUE,Colombo,27,4.7,87.16666667,17.1
8/3/2019,5808,4081.947727,3.528393582,59.61818182,null,null,null,null,null,null,75.57142857,28,41.74193548,FALSE,null,Kandy Cultural Show,TRUE,Colombo,27.5,3.5,84.25,19.7
8/4/2019,6085,4081.947727,3.528393582,59.61818182,null,null,null,null,null,null,77,28,41.61290323,FALSE,null,Kandy Cultural Show,TRUE,Colombo,27.3,2.6,85.08333333,20.4
8/5/2019,5255,4081.947727,3.528393582,59.61818182,176.95,2.715,2.496,215.921,196.15,25.23,77.85714286,28,41.48387097,FALSE,null,Kandy Cultural Show | Kandy Esala Perahera (Kandy),TRUE,Colombo,27.1,9,85.625,19.2
8/6/2019,5532,4081.947727,3.528393582,59.61818182,177.45,2.713,2.492,215.43,198.051,25.11,78.71428571,28,41.35483871,FALSE,null,Kandy Cultural Show | Kandy Esala Perahera (Kandy),TRUE,Colombo,27.3,3.6,85.125,20.3
8/7/2019,5532,4081.947727,3.528393582,59.61818182,177.425,2.716,2.51,214.624,198.597,25.09,79.57142857,28,41.22580645,FALSE,null,Kandy Cultural Show | Kandy Esala Perahera (Kandy),TRUE,Colombo,27.4,6.6,84.04166667,21.9
8/8/2019,5532,4081.947727,3.528393582,59.61818182,176.9,2.708,2.491,212.769,198.523,25.02,80.42857143,28,41.09677419,FALSE,null,Kandy Cultural Show | Kandy Esala Perahera (Kandy),TRUE,Colombo,26.1,28.4,88.83333333,20.9
8/9/2019,5532,4081.947727,3.528393582,59.61818182,176.85,2.701,2.479,213.546,197.627,25.04,81.28571429,28,40.96774194,FALSE,null,Kandy Cultural Show | Kandy Esala Perahera (Kandy),TRUE,Colombo,26.4,12.2,89.16666667,17.7
8/10/2019,5808,4081.947727,3.528393582,59.61818182,null,null,null,null,null,null,82.14285714,28,40.83870968,FALSE,null,Kandy Cultural Show | Kandy Esala Perahera (Kandy),TRUE,Colombo,26.2,21.4,90.70833333,20.5
8/11/2019,6085,4081.947727,3.528393582,59.61818182,null,null,null,null,null,null,83,28,40.70967742,FALSE,null,Kandy Cultural Show | Kandy Esala Perahera (Kandy) | Nallur Kandaswamy Kovil Festival (Jaffna),TRUE,Colombo,27.1,11.2,87.16666667,22.7
8/12/2019,5255,4081.947727,3.528393582,59.61818182,176.85,2.723,2.476,213.333,197.925,25.09,81.14285714,28,40.58064516,TRUE,Eid al-Adha,Kandy Cultural Show | Kandy Esala Perahera (Kandy) | Nallur Kandaswamy Kovil Festival (Jaffna),TRUE,Colombo,27.1,8.4,85.16666667,27.8
8/13/2019,5532,4081.947727,3.528393582,59.61818182,176.9,2.676,2.481,213.359,198.154,25.17,79.28571429,28,40.4516129,FALSE,null,Kandy Cultural Show | Kandy Esala Perahera (Kandy) | Nallur Kandaswamy Kovil Festival (Jaffna),TRUE,Colombo,26.5,43.2,87.08333333,28.7
8/14/2019,5532,4081.947727,3.528393582,59.61818182,176.9,2.681,2.466,214.125,197.524,25.17,77.42857143,28,40.32258065,TRUE,Nikini Full Moon Poya Day,Kandy Cultural Show | Kandy Esala Perahera (Kandy) | Nallur Kandaswamy Kovil Festival (Jaffna),TRUE,Colombo,26.9,10.7,84.875,19.6
8/15/2019,5532,4081.947727,3.528393582,59.61818182,177.175,2.662,2.489,215.277,196.976,25.14,75.57142857,28,40.19354839,FALSE,null,Kandy Cultural Show | Kandy Esala Perahera (Kandy) | Nallur Kandaswamy Kovil Festival (Jaffna),TRUE,Colombo,27.3,1.6,84.125,17.3
8/16/2019,5529,4081.947727,3.528393582,59.61818182,177.175,2.647,2.481,215.133,196.67,25.14,73.71428571,28,40.06451613,FALSE,null,Kandy Cultural Show | Nallur Kandaswamy Kovil Festival (Jaffna),TRUE,Colombo,26.7,22.7,86.875,20
8/17/2019,5808,4081.947727,3.528393582,59.61818182,null,null,null,null,null,null,71.85714286,28,39.93548387,FALSE,null,Kandy Cultural Show | Nallur Kandaswamy Kovil Festival (Jaffna),TRUE,Colombo,26.3,26.1,88.20833333,21.3
8/18/2019,6085,4081.947727,3.528393582,59.61818182,null,null,null,null,null,null,70,28,39.80645161,FALSE,null,Kandy Cultural Show | Nallur Kandaswamy Kovil Festival (Jaffna),TRUE,Colombo,26.6,10.3,86.75,17.7
8/19/2019,5255,4081.947727,3.528393582,59.61818182,177.4,2.676,2.486,216.566,196.386,25.19,70.14285714,28,39.67741935,FALSE,null,Kandy Cultural Show | Nallur Kandaswamy Kovil Festival (Jaffna),TRUE,Colombo,26.7,8.6,87.45833333,18.4
8/20/2019,5532,4081.947727,3.528393582,59.61818182,177.95,2.717,2.502,216.94,196.377,25.3,70.28571429,28,39.5483871,FALSE,null,Kandy Cultural Show | Nallur Kandaswamy Kovil Festival (Jaffna),TRUE,Colombo,26.8,6.4,86.75,18.5
8/21/2019,5532,4081.947727,3.528393582,59.61818182,178.875,2.736,2.493,219.924,197.451,25.32,70.42857143,28,39.41935484,FALSE,null,Kandy Cultural Show | Nallur Kandaswamy Kovil Festival (Jaffna),TRUE,Colombo,26.3,15.8,88.125,19.5
8/22/2019,5532,4081.947727,3.528393582,59.61818182,179.5,2.722,2.514,221.074,198.109,25.33,70.57142857,28,39.29032258,FALSE,null,Kandy Cultural Show | Nallur Kandaswamy Kovil Festival (Jaffna),TRUE,Colombo,25.7,18.9,88.625,22.6
8/23/2019,5532,4081.947727,3.528393582,59.61818182,180.05,2.715,2.492,219.435,198.739,25.1,70.71428571,28,39.16129032,FALSE,null,Kandy Cultural Show | Nallur Kandaswamy Kovil Festival (Jaffna),TRUE,Colombo,25.6,21.5,89.08333333,21.8
8/24/2019,5808,4081.947727,3.528393582,59.61818182,null,null,null,null,null,null,70.85714286,28,39.03225806,FALSE,null,Kandy Cultural Show | Nallur Kandaswamy Kovil Festival (Jaffna),TRUE,Colombo,26.1,15.2,87.25,19.4
8/25/2019,6085,4081.947727,3.528393582,59.61818182,null,null,null,null,null,null,71,28,38.90322581,FALSE,null,Kandy Cultural Show | Nallur Kandaswamy Kovil Festival (Jaffna),TRUE,Colombo,26,10.3,88.91666667,19.7
8/26/2019,5255,4081.947727,3.528393582,59.61818182,179.6,2.703,2.51,220.895,200.369,25.08,70.71428571,28,38.77419355,FALSE,null,Kandy Cultural Show | Nallur Kandaswamy Kovil Festival (Jaffna),TRUE,Colombo,25.6,16.3,90.04166667,17.5
8/27/2019,5532,4081.947727,3.528393582,59.61818182,179.75,2.695,2.508,220.226,199.245,25.14,70.42857143,28,38.64516129,FALSE,null,Kandy Cultural Show | Nallur Kandaswamy Kovil Festival (Jaffna),TRUE,Colombo,26.4,10.5,85.79166667,18.5
8/28/2019,5532,4081.947727,3.528393582,59.61818182,180.35,2.709,2.514,219.938,199.232,25.23,70.14285714,28,38.51612903,FALSE,null,Kandy Cultural Show | Nallur Kandaswamy Kovil Festival (Jaffna),TRUE,Colombo,26.4,8.1,86.83333333,18.2
8/29/2019,5532,4081.947727,3.528393582,59.61818182,180.425,2.684,2.508,218.176,199.608,25.03,69.85714286,28,38.38709677,FALSE,null,Kandy Cultural Show | Nallur Kandaswamy Kovil Festival (Jaffna),TRUE,Colombo,25.8,29.8,87.83333333,20.3
8/30/2019,5532,4081.947727,3.528393582,59.61818182,179.45,2.691,2.496,217.104,199.266,25.05,69.57142857,28,38.25806452,FALSE,null,Kandy Cultural Show | Nallur Kandaswamy Kovil Festival (Jaffna),TRUE,Colombo,26.4,10.7,83.91666667,19
8/31/2019,5808,4081.947727,3.528393582,59.61818182,null,null,null,null,null,null,69.28571429,28,38.12903226,FALSE,null,Kandy Cultural Show | Nallur Kandaswamy Kovil Festival (Jaffna),TRUE,Colombo,26.6,8.6,86.375,23.6
9/1/2019,4962,4081.947727,3.528393582,62.43095238,null,null,null,null,null,null,69,31,38,FALSE,null,Nallur Kandaswamy Kovil Festival (Jaffna),TRUE,Colombo,25.9,8.3,90,19.9
9/2/2019,4285,4081.947727,3.528393582,62.43095238,179.9,2.698,2.497,218.032,196.923,25.1,69.57142857,31,38.06666667,FALSE,null,Nallur Kandaswamy Kovil Festival (Jaffna),TRUE,Colombo,26.4,6.3,87.91666667,17.7
9/3/2019,4511,4081.947727,3.528393582,62.43095238,180.4,2.727,2.506,221.28,197.059,25.23,70.14285714,31,38.13333333,FALSE,null,Nallur Kandaswamy Kovil Festival (Jaffna),TRUE,Colombo,26.6,5.3,88.75,18.6
9/4/2019,4511,4081.947727,3.528393582,62.43095238,180.6,2.726,2.511,222.928,197.715,25.27,70.71428571,31,38.2,FALSE,null,Nallur Kandaswamy Kovil Festival (Jaffna),TRUE,Colombo,27.2,2.5,83.83333333,21.4
9/5/2019,4511,4081.947727,3.528393582,62.43095238,180.75,2.748,2.523,222.181,199.109,25.4,71.28571429,31,38.26666667,FALSE,null,Nallur Kandaswamy Kovil Festival (Jaffna),TRUE,Colombo,26.6,4.8,85.91666667,18.3
9/6/2019,4511,4081.947727,3.528393582,62.43095238,180.9,2.752,2.512,222.956,199.329,25.33,71.85714286,31,38.33333333,FALSE,null,Nallur Kandaswamy Kovil Festival (Jaffna),TRUE,Colombo,26.3,5.9,88.95833333,14.8
9/7/2019,4736,4081.947727,3.528393582,62.43095238,null,null,null,null,null,null,72.42857143,31,38.4,FALSE,null,Nallur Kandaswamy Kovil Festival (Jaffna),TRUE,Colombo,27.1,3.7,86.83333333,18.7
9/8/2019,4962,4081.947727,3.528393582,62.43095238,null,null,null,null,null,null,73,31,38.46666667,FALSE,null,Nallur Kandaswamy Kovil Festival (Jaffna),TRUE,Colombo,27.6,1.6,84.08333333,14.5
9/9/2019,4285,4081.947727,3.528393582,62.43095238,180.575,2.756,2.508,222.758,199.368,25.35,72.14285714,31,38.53333333,FALSE,null,Nallur Kandaswamy Kovil Festival (Jaffna),TRUE,Colombo,27.8,1.5,83.25,18.2
9/10/2019,4511,4081.947727,3.528393582,62.43095238,180.4,2.751,2.517,222.336,199.27,25.32,71.28571429,31,38.6,FALSE,null,Nallur Kandaswamy Kovil Festival (Jaffna),TRUE,Colombo,27.1,5,86.5,15.6
9/11/2019,4511,4081.947727,3.528393582,62.43095238,180.35,2.776,2.539,222.444,199.105,25.46,70.42857143,31,38.66666667,FALSE,null,null,FALSE,Colombo,25.7,20.1,89.95833333,14
9/12/2019,4511,4081.947727,3.528393582,62.43095238,180.35,2.8,2.539,225.465,198.437,25.45,69.57142857,31,38.73333333,FALSE,null,null,FALSE,Colombo,25.9,16.7,89.54166667,14.8
9/13/2019,4511,4081.947727,3.528393582,62.43095238,180.35,2.817,2.519,224.331,199.375,25.51,68.71428571,31,38.8,TRUE,Binara Full Moon Poya Day,null,FALSE,Colombo,26,15,88.75,16.3
9/14/2019,4736,4081.947727,3.528393582,62.43095238,null,null,null,null,null,null,67.85714286,31,38.86666667,FALSE,null,null,FALSE,Colombo,26.5,7.7,87,17.2
9/15/2019,4962,4081.947727,3.528393582,62.43095238,null,null,null,null,null,null,67,31,38.93333333,FALSE,null,null,FALSE,Colombo,25.5,20.5,91.29166667,15.5
9/16/2019,4278,4081.947727,3.528393582,62.43095238,180.475,2.802,2.525,225.831,199.591,25.45,65.71428571,31,39,FALSE,null,null,FALSE,Colombo,25.7,19.5,89.04166667,18.4
9/17/2019,4511,4081.947727,3.528393582,62.43095238,180.65,2.811,2.539,225.431,198.385,25.49,64.42857143,31,39.06666667,FALSE,null,null,FALSE,Colombo,26.2,10.4,87.70833333,17.7
9/18/2019,4511,4081.947727,3.528393582,62.43095238,180.75,2.823,2.534,226.622,199.887,25.48,63.14285714,31,39.13333333,FALSE,null,null,FALSE,Colombo,26.6,6.1,88.125,17.3
9/19/2019,4511,4081.947727,3.528393582,62.43095238,180.95,2.829,2.548,226.12,199.239,25.53,61.85714286,31,39.2,FALSE,null,null,FALSE,Colombo,26,10.3,91.20833333,18.9
9/20/2019,4511,4081.947727,3.528393582,62.43095238,181.2,2.84,2.562,225.623,199.658,25.48,60.57142857,31,39.26666667,FALSE,null,null,FALSE,Colombo,25.9,11.9,90.04166667,16.8
9/21/2019,4736,4081.947727,3.528393582,62.43095238,null,null,null,null,null,null,59.28571429,31,39.33333333,FALSE,null,Colombo International Book Fair (BMICH),TRUE,Colombo,26.5,9.9,88.20833333,18.2
9/22/2019,4962,4081.947727,3.528393582,62.43095238,null,null,null,null,null,null,58,31,39.4,FALSE,null,Colombo International Book Fair (BMICH),TRUE,Colombo,26.2,11.1,88.625,23.2
9/23/2019,4285,4081.947727,3.528393582,62.43095238,181.5,2.829,2.551,226.257,199.518,25.43,57.57142857,31,39.46666667,FALSE,null,Colombo International Book Fair (BMICH),TRUE,Colombo,25.7,33,90.33333333,14
9/24/2019,4511,4081.947727,3.528393582,62.43095238,181.15,2.826,2.556,224.356,199.377,25.45,57.14285714,31,39.53333333,FALSE,null,Colombo International Book Fair (BMICH),TRUE,Colombo,25,58.6,93.66666667,13
9/25/2019,4511,4081.947727,3.528393582,62.43095238,181.65,2.826,2.559,224.002,199.481,25.46,56.71428571,31,39.6,FALSE,null,WSL Sri Lanka Pro – Arugam Bay (Surfing) | Colombo International Book Fair (BMICH),TRUE,Colombo,25.2,23.5,92.625,14.5
9/26/2019,4511,4081.947727,3.528393582,62.43095238,181.775,2.811,2.578,223.537,198.579,25.52,56.28571429,31,39.66666667,FALSE,null,WSL Sri Lanka Pro – Arugam Bay (Surfing) | Colombo International Book Fair (BMICH),TRUE,Colombo,25.8,0.9,84.54166667,12.7
9/27/2019,4511,4081.947727,3.528393582,62.43095238,181.9,2.807,2.576,223.868,198.38,25.46,55.85714286,31,39.73333333,FALSE,null,WSL Sri Lanka Pro – Arugam Bay (Surfing) | Colombo International Book Fair (BMICH),TRUE,Colombo,26.1,1.3,86.83333333,13.1
9/28/2019,4736,4081.947727,3.528393582,62.43095238,null,null,null,null,null,null,55.42857143,31,39.8,FALSE,null,WSL Sri Lanka Pro – Arugam Bay (Surfing) | Colombo International Book Fair (BMICH),TRUE,Colombo,25.5,20.3,89.58333333,10.7
9/29/2019,4962,4081.947727,3.528393582,62.43095238,null,null,null,null,null,null,55,31,39.86666667,FALSE,null,WSL Sri Lanka Pro – Arugam Bay (Surfing) | Colombo International Book Fair (BMICH),TRUE,Colombo,25.5,1.5,89,10.4
9/30/2019,4285,4081.947727,3.528393582,62.43095238,182.125,2.794,2.562,224.397,198.853,25.49,55.28571429,31,39.93333333,FALSE,null,null,FALSE,Colombo,25.6,20,89.08333333,15.3
10/1/2019,4374,4081.947727,3.528393582,59.63130435,182.325,2.789,2.553,223.672,198.344,25.42,55.57142857,26,40,FALSE,null,null,FALSE,Colombo,25.4,8,90.375,13.7
10/2/2019,4374,4081.947727,3.528393582,59.63130435,181.825,2.783,2.552,223.781,199.145,25.36,55.85714286,26,40.09677419,FALSE,null,null,FALSE,Colombo,26,0.4,87.70833333,11.7
10/3/2019,4374,4081.947727,3.528393582,59.63130435,181.5,2.804,2.56,223.752,199.107,25.37,56.14285714,26,40.19354839,FALSE,null,null,FALSE,Colombo,25.6,20,91.41666667,10.6
10/4/2019,4374,4081.947727,3.528393582,59.63130435,181.425,2.781,2.546,222.393,198.777,25.28,56.42857143,26,40.29032258,FALSE,null,null,FALSE,Colombo,26,5.5,88,11
10/5/2019,4593,4081.947727,3.528393582,59.63130435,null,null,null,null,null,null,56.71428571,26,40.38709677,FALSE,null,null,FALSE,Colombo,25.5,13.7,91,13.9
10/6/2019,4812,4081.947727,3.528393582,59.63130435,null,null,null,null,null,null,57,26,40.48387097,FALSE,null,LSR Colombo Marathon (Colombo–Negombo),TRUE,Colombo,25.2,11.8,91.20833333,12.8
10/7/2019,4155,4081.947727,3.528393582,59.63130435,180.925,2.763,2.531,220.492,199.05,25.23,57.57142857,26,40.58064516,FALSE,null,null,FALSE,Colombo,25.6,8.7,88.375,12.7
10/8/2019,4374,4081.947727,3.528393582,59.63130435,180.45,2.78,2.537,220.38,198.283,25.3,58.14285714,26,40.67741935,FALSE,null,null,FALSE,Colombo,25.6,9.4,90.66666667,12
10/9/2019,4374,4081.947727,3.528393582,59.63130435,180.55,2.8,2.542,224.712,197.501,25.36,58.71428571,26,40.77419355,FALSE,null,null,FALSE,Colombo,25.8,14.6,89.08333333,13.4
10/10/2019,4374,4081.947727,3.528393582,59.63130435,180.6,2.811,2.547,228.622,197.936,25.48,59.28571429,26,40.87096774,FALSE,null,null,FALSE,Colombo,26,4.5,88.29166667,13.8
10/11/2019,4374,4081.947727,3.528393582,59.63130435,180.75,2.816,2.539,228.205,198.622,25.58,59.85714286,26,40.96774194,FALSE,null,null,FALSE,Colombo,25.7,8.2,91,12.2
10/12/2019,4593,4081.947727,3.528393582,59.63130435,null,null,null,null,null,null,60.42857143,26,41.06451613,FALSE,null,null,FALSE,Colombo,25.7,15,90,15.8
10/13/2019,4812,4081.947727,3.528393582,59.63130435,null,null,null,null,null,null,61,26,41.16129032,TRUE,Vap Full Moon Poya Day,null,FALSE,Colombo,25.7,41.4,90.29166667,15.4
10/14/2019,4155,4081.947727,3.528393582,59.63130435,181,2.824,2.54,232.486,199.438,25.65,61.14285714,26,41.25806452,FALSE,null,null,FALSE,Colombo,25.8,9.5,89.54166667,11.7
10/15/2019,4374,4081.947727,3.528393582,59.63130435,181.8,2.836,2.549,233.543,199.497,25.64,61.28571429,26,41.35483871,FALSE,null,null,FALSE,Colombo,25.5,67.7,90.83333333,14.2
10/16/2019,4375,4081.947727,3.528393582,59.63130435,182,2.836,2.557,234.598,200.378,25.7,61.42857143,26,41.4516129,FALSE,null,null,FALSE,Colombo,25.2,22.8,90.45833333,17
10/17/2019,4374,4081.947727,3.528393582,59.63130435,182,2.851,2.558,236.1,201.363,25.68,61.57142857,26,41.5483871,FALSE,null,null,FALSE,Colombo,26,12.2,90,15.8
10/18/2019,4374,4081.947727,3.528393582,59.63130435,182,2.849,2.562,235.613,202.309,25.67,61.71428571,26,41.64516129,FALSE,null,null,FALSE,Colombo,25.9,8.3,88.58333333,11.9
10/19/2019,4593,4081.947727,3.528393582,59.63130435,null,null,null,null,null,null,61.85714286,26,41.74193548,FALSE,null,null,FALSE,Colombo,25.6,10,90.20833333,11.6
10/20/2019,4812,4081.947727,3.528393582,59.63130435,null,null,null,null,null,null,62,26,41.83870968,FALSE,null,null,FALSE,Colombo,25.5,36.8,91.70833333,16.5
10/21/2019,4155,4081.947727,3.528393582,59.63130435,181.8,2.849,2.564,233.847,203.164,25.65,61.28571429,26,41.93548387,FALSE,null,null,FALSE,Colombo,25.3,33.7,92.16666667,14.6
10/22/2019,4374,4081.947727,3.528393582,59.63130435,181.65,2.833,2.563,234.332,202.559,25.65,60.57142857,26,42.03225806,FALSE,null,null,FALSE,Colombo,26,6.6,86.04166667,12.6
10/23/2019,4374,4081.947727,3.528393582,59.63130435,181.4,2.826,2.552,232.879,201.956,25.62,59.85714286,26,42.12903226,FALSE,null,null,FALSE,Colombo,26.3,17,88.41666667,10.8
10/24/2019,4374,4081.947727,3.528393582,59.63130435,181.2,2.837,2.558,232.481,201.769,25.64,59.14285714,26,42.22580645,FALSE,null,null,FALSE,Colombo,24.2,53,94.66666667,9.8
10/25/2019,4374,4081.947727,3.528393582,59.63130435,181.3,2.841,2.563,233.459,201.093,25.66,58.42857143,26,42.32258065,FALSE,null,null,FALSE,Colombo,25.3,1.4,85.625,13.1
10/26/2019,4593,4081.947727,3.528393582,59.63130435,null,null,null,null,null,null,57.71428571,26,42.41935484,FALSE,null,null,FALSE,Colombo,25.6,6.2,88.625,8
10/27/2019,4812,4081.947727,3.528393582,59.63130435,null,null,null,null,null,null,57,26,42.51612903,TRUE,Deepavali Festival Day,null,FALSE,Colombo,25.8,2.1,86.45833333,15.1
10/28/2019,4155,4081.947727,3.528393582,59.63130435,181.475,2.836,2.559,233.6,200.733,25.68,59,26,42.61290323,FALSE,null,null,FALSE,Colombo,24.7,21.8,91.33333333,15.4
10/29/2019,4374,4081.947727,3.528393582,59.63130435,181.55,2.848,2.558,234.254,201.262,25.72,61,26,42.70967742,FALSE,null,null,FALSE,Colombo,25.2,9,89.29166667,20.6
10/30/2019,4374,4081.947727,3.528393582,59.63130435,181.55,2.821,2.551,234.477,201.591,25.71,63,26,42.80645161,FALSE,null,null,FALSE,Colombo,25.2,6.6,89.75,19.6
10/31/2019,4374,4081.947727,3.528393582,59.63130435,181.175,2.85,2.559,234.392,202.336,25.73,65,26,42.90322581,FALSE,null,null,FALSE,Colombo,25.2,6.3,91.25,10.6
11/1/2019,6014,4081.947727,3.528393582,62.68666667,181.2,2.838,2.549,232.621,201.871,25.67,67,27,43,FALSE,null,Surfing in Weligama (Peak Season),TRUE,Colombo,26.3,1.5,87.375,10.5
11/2/2019,6315,4081.947727,3.528393582,62.68666667,null,null,null,null,null,null,69,27,43.03333333,FALSE,null,null,FALSE,Colombo,25.8,9.7,88.75,9.8
11/3/2019,6616,4081.947727,3.528393582,62.68666667,null,null,null,null,null,null,71,27,43.06666667,FALSE,null,null,FALSE,Colombo,25.1,65.4,91.16666667,9.7
11/4/2019,5713,4081.947727,3.528393582,62.68666667,180.55,2.837,2.546,232.317,202.198,25.7,70.57142857,27,43.1,FALSE,null,null,FALSE,Colombo,25.8,4.9,89.75,10.8
11/5/2019,6014,4081.947727,3.528393582,62.68666667,180.3,2.827,2.542,232.244,200.769,25.79,70.14285714,27,43.13333333,FALSE,null,null,FALSE,Colombo,26.1,5.4,88.29166667,10.7
11/6/2019,6014,4081.947727,3.528393582,62.68666667,180.65,2.844,2.543,231.751,199.553,25.89,69.71428571,27,43.16666667,FALSE,null,null,FALSE,Colombo,26.6,3.8,86.54166667,14.1
11/7/2019,6014,4081.947727,3.528393582,62.68666667,180.85,2.829,2.529,230.64,199.723,25.8,69.28571429,27,43.2,FALSE,null,null,FALSE,Colombo,26.8,4.1,86.70833333,13.4
11/8/2019,6014,4081.947727,3.528393582,62.68666667,180.575,2.825,2.522,232.13,199.637,25.74,68.85714286,27,43.23333333,FALSE,null,null,FALSE,Colombo,26.3,10,89.83333333,13.7
11/9/2019,6315,4081.947727,3.528393582,62.68666667,null,null,null,null,null,null,68.42857143,27,43.26666667,FALSE,null,null,FALSE,Colombo,25.8,9,91.08333333,14.5
11/10/2019,6616,4081.947727,3.528393582,62.68666667,null,null,null,null,null,null,68,27,43.3,TRUE,Prophet's Birthday,null,FALSE,Colombo,25.8,9.1,91.41666667,14.5
11/11/2019,5713,4081.947727,3.528393582,62.68666667,180.575,2.809,2.514,231.949,198.875,25.75,67,27,43.33333333,FALSE,null,null,FALSE,Colombo,25.8,9.1,89.375,11.9
11/12/2019,6014,4081.947727,3.528393582,62.68666667,180.575,2.799,2.497,231.704,199.128,25.65,66,27,43.36666667,TRUE,Il Full Moon Poya Day,null,FALSE,Colombo,26,7.5,89,11.8
11/13/2019,6014,4081.947727,3.528393582,62.68666667,180.3,2.819,2.505,232.382,198.676,25.68,65,27,43.4,FALSE,null,null,FALSE,Colombo,26.1,2.5,87.41666667,8.3
11/14/2019,6014,4081.947727,3.528393582,62.68666667,180.4,2.823,2.513,232.476,198.328,25.7,64,27,43.43333333,FALSE,null,null,FALSE,Colombo,26.5,0.4,86.41666667,10.1
11/15/2019,6014,4081.947727,3.528393582,62.68666667,180.2,2.808,2.494,232.59,198.709,25.54,63,27,43.46666667,FALSE,null,null,FALSE,Colombo,26.2,22.7,90.45833333,10.7
11/16/2019,6315,4081.947727,3.528393582,62.68666667,null,null,null,null,null,null,62,27,43.5,FALSE,null,null,FALSE,Colombo,26,13.5,88.625,9.8
11/17/2019,6616,4081.947727,3.528393582,62.68666667,null,null,null,null,null,null,61,27,43.53333333,FALSE,null,null,FALSE,Colombo,26.2,7.1,88.75,9.2
11/18/2019,5713,4081.947727,3.528393582,62.68666667,179.55,2.806,2.495,231.861,199.011,25.5,62.28571429,27,43.56666667,FALSE,null,null,FALSE,Colombo,25.7,6.5,88.95833333,8.4
11/19/2019,6014,4081.947727,3.528393582,62.68666667,179.375,2.807,2.498,231.727,198.651,25.46,63.57142857,27,43.6,FALSE,null,null,FALSE,Colombo,25.3,20.5,91,11.3
11/20/2019,6014,4081.947727,3.528393582,62.68666667,179.3,2.818,2.503,232.041,198.573,25.55,64.85714286,27,43.63333333,FALSE,null,null,FALSE,Colombo,25.8,45.9,88.375,12
11/21/2019,6014,4081.947727,3.528393582,62.68666667,179.675,2.819,2.507,231.128,198.41,25.56,66.14285714,27,43.66666667,FALSE,null,null,FALSE,Colombo,26,13,88.58333333,11.2
11/22/2019,6014,4081.947727,3.528393582,62.68666667,180.125,2.827,2.523,233.416,198.584,25.7,67.42857143,27,43.7,FALSE,null,null,FALSE,Colombo,25.6,15.5,90.29166667,11.1
11/23/2019,6315,4081.947727,3.528393582,62.68666667,null,null,null,null,null,null,68.71428571,27,43.73333333,FALSE,null,null,FALSE,Colombo,25.7,10,89.29166667,11.2
11/24/2019,6616,4081.947727,3.528393582,62.68666667,null,null,null,null,null,null,70,27,43.76666667,FALSE,null,null,FALSE,Colombo,25.9,10.2,88.75,9
11/25/2019,5713,4081.947727,3.528393582,62.68666667,180.95,2.837,2.539,233.776,198.396,25.8,71,27,43.8,FALSE,null,null,FALSE,Colombo,25.3,16.2,92.20833333,9.6
11/26/2019,6014,4081.947727,3.528393582,62.68666667,181.7,2.825,2.537,233.824,199.17,25.72,72,27,43.83333333,FALSE,null,null,FALSE,Colombo,25.8,9,90.04166667,14.2
11/27/2019,6014,4081.947727,3.528393582,62.68666667,180.95,2.817,2.526,233.394,199.977,25.67,73,27,43.86666667,FALSE,null,null,FALSE,Colombo,26.6,4.4,88.20833333,10.4
11/28/2019,6014,4081.947727,3.528393582,62.68666667,180.75,2.809,2.521,234.009,198.844,25.71,74,27,43.9,FALSE,null,null,FALSE,Colombo,25.9,17.8,91.33333333,6.7
11/29/2019,6014,4081.947727,3.528393582,62.68666667,180.925,2.822,2.53,234.557,198.786,25.74,75,27,43.93333333,FALSE,null,null,FALSE,Colombo,25.7,13,91.79166667,12.6
11/30/2019,6315,4081.947727,3.528393582,62.68666667,null,null,null,null,null,null,76,27,43.96666667,FALSE,null,null,FALSE,Colombo,25.3,27.8,92.16666667,12.2
12/1/2019,8647,4081.947727,3.528393582,65.34818182,null,null,null,null,null,null,77,36,44,FALSE,null,null,FALSE,Colombo,26.1,8.3,87.66666667,10.9
12/2/2019,7468,4081.947727,3.528393582,65.34818182,181.3,2.83,2.53,235.939,199.206,25.7,75.85714286,36,43.83870968,FALSE,null,null,FALSE,Colombo,26.2,8.7,88.875,15.9
12/3/2019,7861,4081.947727,3.528393582,65.34818182,181.575,2.832,2.534,237.477,200.771,25.68,74.71428571,36,43.67741935,FALSE,null,null,FALSE,Colombo,26,3.8,88.66666667,13.5
12/4/2019,7861,4081.947727,3.528393582,65.34818182,181.225,2.845,2.545,238.734,201.12,25.75,73.57142857,36,43.51612903,FALSE,null,null,FALSE,Colombo,25.7,24,89.66666667,13.4
12/5/2019,7861,4081.947727,3.528393582,65.34818182,181.45,2.844,2.54,238.043,200.586,25.74,72.42857143,36,43.35483871,FALSE,null,null,FALSE,Colombo,25.5,7.6,91.08333333,9.7
12/6/2019,7861,4081.947727,3.528393582,65.34818182,181.2,2.849,2.551,238.188,201.427,25.73,71.28571429,36,43.19354839,FALSE,null,null,FALSE,Colombo,26.1,2.6,87.70833333,18.9
12/7/2019,8254,4081.947727,3.528393582,65.34818182,null,null,null,null,null,null,70.14285714,36,43.03225806,FALSE,null,null,FALSE,Colombo,25.8,6.6,89.75,10.3
12/8/2019,8647,4081.947727,3.528393582,65.34818182,null,null,null,null,null,null,69,36,42.87096774,FALSE,null,null,FALSE,Colombo,26.1,3.9,84.66666667,15.9
12/9/2019,7468,4081.947727,3.528393582,65.34818182,181.2,2.851,2.557,238.288,200.242,25.73,71.14285714,36,42.70967742,FALSE,null,null,FALSE,Colombo,25.5,0.5,80.875,24.5
12/10/2019,7861,4081.947727,3.528393582,65.34818182,181.125,2.858,2.56,238.995,200.333,25.72,73.28571429,36,42.5483871,FALSE,null,null,FALSE,Colombo,25.6,4,88.33333333,14
12/11/2019,7861,4081.947727,3.528393582,65.34818182,181.125,2.881,2.562,238.146,200.821,25.87,75.42857143,36,42.38709677,TRUE,Unduvap Full Moon Poya Day,null,FALSE,Colombo,25,13.1,89.54166667,12.2
12/12/2019,7861,4081.947727,3.528393582,65.34818182,180.9,2.879,2.557,241.343,201.472,25.88,77.57142857,36,42.22580645,FALSE,null,null,FALSE,Colombo,25.7,1.7,85.79166667,13.2
12/13/2019,7861,4081.947727,3.528393582,65.34818182,181.1,2.898,2.554,241.558,201.194,25.89,79.71428571,36,42.06451613,FALSE,null,null,FALSE,Colombo,25.7,3.9,89.54166667,9.4
12/14/2019,8254,4081.947727,3.528393582,65.34818182,null,null,null,null,null,null,81.85714286,36,41.90322581,FALSE,null,null,FALSE,Colombo,25.8,3.6,89.16666667,11.7
12/15/2019,8647,4081.947727,3.528393582,65.34818182,null,null,null,null,null,null,84,36,41.74193548,FALSE,null,null,FALSE,Colombo,25.7,0.6,86.5,13.8
12/16/2019,7465,4081.947727,3.528393582,65.34818182,181.2,2.901,2.549,237.883,201.254,25.88,85,36,41.58064516,FALSE,null,null,FALSE,Colombo,25.7,0.8,85.375,10.7
12/17/2019,7861,4081.947727,3.528393582,65.34818182,181.175,2.891,2.55,236.941,201.782,25.83,86,36,41.41935484,FALSE,null,null,FALSE,Colombo,25.3,12.9,87.5,12.1
12/18/2019,7861,4081.947727,3.528393582,65.34818182,181.175,2.906,2.548,236.081,201.908,25.87,87,36,41.25806452,FALSE,null,null,FALSE,Colombo,25.7,3.3,88.16666667,10.3
12/19/2019,7861,4081.947727,3.528393582,65.34818182,181.475,2.908,2.547,235.503,201.22,25.83,88,36,41.09677419,FALSE,null,null,FALSE,Colombo,26,5.8,87.25,11.1
12/20/2019,7861,4081.947727,3.528393582,65.34818182,181.1,2.912,2.545,234.553,201.717,25.84,89,36,40.93548387,FALSE,null,null,FALSE,Colombo,25.2,18.9,91.04166667,12.5
12/21/2019,8254,4081.947727,3.528393582,65.34818182,null,null,null,null,null,null,90,36,40.77419355,FALSE,null,null,FALSE,Colombo,25.7,6.1,89.25,8.7
12/22/2019,8647,4081.947727,3.528393582,65.34818182,null,null,null,null,null,null,91,36,40.61290323,FALSE,null,null,FALSE,Colombo,26.1,10.6,88.625,9
12/23/2019,7468,4081.947727,3.528393582,65.34818182,181.325,2.929,2.543,234.832,200.512,25.87,92.28571429,36,40.4516129,FALSE,null,null,FALSE,Colombo,26,3.5,87.29166667,17
12/24/2019,7861,4081.947727,3.528393582,65.34818182,181.4,2.928,2.545,235.113,200.934,25.94,93.57142857,36,40.29032258,FALSE,null,null,FALSE,Colombo,26.1,2.3,88.83333333,12.2
12/25/2019,7861,4081.947727,3.528393582,65.34818182,181.4,2.912,2.542,235.661,201.007,25.9,94.85714286,36,40.12903226,TRUE,Christmas Day,null,FALSE,Colombo,26.1,2.5,88.91666667,10.9
12/26/2019,7861,4081.947727,3.528393582,65.34818182,181.375,2.92,2.537,237.291,201.044,25.92,96.14285714,36,39.96774194,FALSE,null,null,FALSE,Colombo,26.3,0.1,84.33333333,15.3
12/27/2019,7861,4081.947727,3.528393582,65.34818182,181.45,2.926,2.546,238.291,201.17,25.99,97.42857143,36,39.80645161,FALSE,null,null,FALSE,Colombo,26.1,0,81.83333333,13.6
12/28/2019,8254,4081.947727,3.528393582,65.34818182,null,null,null,null,null,null,98.71428571,36,39.64516129,FALSE,null,null,FALSE,Colombo,26.4,0,78,15.1
12/29/2019,8647,4081.947727,3.528393582,65.34818182,null,null,null,null,null,null,100,36,39.48387097,FALSE,null,null,FALSE,Colombo,26.1,0,76,14.4
12/30/2019,7468,4081.947727,3.528393582,65.34818182,181.7,2.927,2.541,240.666,202.659,26.03,99.28571429,36,39.32258065,FALSE,null,null,FALSE,Colombo,25.6,0.7,83.375,12.7
12/31/2019,7861,4081.947727,3.528393582,65.34818182,181.375,2.923,2.542,240.147,203.338,25.99,98.57142857,36,39.16129032,FALSE,null,null,FALSE,Colombo,26.5,0.4,84.79166667,13.7
1/1/2020,1393,3847.601377,6.153945084,63.89869565,181.175,2.936,2.541,238.526,203.237,26.03,97.85714286,27,39,FALSE,null,null,FALSE,Colombo,26.5,1.1,88.41666667,11
1/2/2020,1393,3847.601377,6.153945084,63.89869565,181.45,2.918,2.524,237.276,203.013,26.01,97.14285714,27,39.29032258,FALSE,null,null,FALSE,Colombo,26.6,1.6,87.33333333,10.2
1/3/2020,1393,3847.601377,6.153945084,63.89869565,181.3,2.932,2.521,238.778,202.548,25.97,96.42857143,27,39.58064516,FALSE,null,null,FALSE,Colombo,26.6,0.8,87.70833333,12.6
1/4/2020,1462,3847.601377,6.153945084,63.89869565,null,null,null,null,null,null,95.71428571,27,39.87096774,FALSE,null,null,FALSE,Colombo,26.6,2.3,87.54166667,10.8
1/5/2020,1532,3847.601377,6.153945084,63.89869565,null,null,null,null,null,null,95,27,40.16129032,FALSE,null,null,FALSE,Colombo,26.4,0.5,88.125,10.4
1/6/2020,1323,3847.601377,6.153945084,63.89869565,181.325,2.924,2.521,237.924,202.237,26.08,94.28571429,27,40.4516129,FALSE,null,null,FALSE,Colombo,26.4,0.5,85.79166667,11.6
1/7/2020,1393,3847.601377,6.153945084,63.89869565,181.275,2.962,2.538,237.896,202.89,26.12,93.57142857,27,40.74193548,FALSE,null,null,FALSE,Colombo,26.8,0.4,77.70833333,13.6
1/8/2020,1393,3847.601377,6.153945084,63.89869565,181.6,2.956,2.546,236.97,202.018,26.15,92.85714286,27,41.03225806,FALSE,null,null,FALSE,Colombo,27.1,0.2,72.41666667,17.7
1/9/2020,1393,3847.601377,6.153945084,63.89869565,181.35,2.97,2.555,236.861,201.538,26.2,92.14285714,27,41.32258065,FALSE,null,null,FALSE,Colombo,25.9,0,76.04166667,19.2
1/10/2020,1393,3847.601377,6.153945084,63.89869565,181.35,2.964,2.566,235.788,201.334,26.32,91.42857143,27,41.61290323,TRUE,Duruthu Full Moon Poya Day,null,FALSE,Colombo,25.1,0,80.91666667,13.2
1/11/2020,1462,3847.601377,6.153945084,63.89869565,null,null,null,null,null,null,90.71428571,27,41.90322581,FALSE,null,null,FALSE,Colombo,26.6,0,72.95833333,25.7
1/12/2020,1532,3847.601377,6.153945084,63.89869565,null,null,null,null,null,null,90,27,42.19354839,FALSE,null,null,FALSE,Colombo,27.2,0.6,71.70833333,20.2
1/13/2020,1323,3847.601377,6.153945084,63.89869565,181.55,2.952,2.559,236.212,201.606,26.34,88.71428571,27,42.48387097,FALSE,null,null,FALSE,Colombo,26.5,0,65.70833333,20.8
1/14/2020,1393,3847.601377,6.153945084,63.89869565,181.45,2.953,2.564,236.575,202.008,26.31,87.42857143,27,42.77419355,FALSE,null,null,FALSE,Colombo,25.3,0,63.33333333,19.1
1/15/2020,1393,3847.601377,6.153945084,63.89869565,181.45,2.937,2.551,237.057,201.788,26.33,86.14285714,27,43.06451613,TRUE,Tamil Thai Pongal Day,null,FALSE,Colombo,25.1,0,70.95833333,24.5
1/16/2020,1384,3847.601377,6.153945084,63.89869565,181.25,2.941,2.549,235.807,202.187,26.4,84.85714286,27,43.35483871,FALSE,null,null,FALSE,Colombo,26.1,1,77.58333333,18.4
1/17/2020,1393,3847.601377,6.153945084,63.89869565,181.25,2.942,2.551,235.913,201.711,26.39,83.57142857,27,43.64516129,FALSE,null,null,FALSE,Colombo,26.5,0.1,82.125,11.6
1/18/2020,1462,3847.601377,6.153945084,63.89869565,null,null,null,null,null,null,82.28571429,27,43.93548387,FALSE,null,null,FALSE,Colombo,26.8,0.5,83.25,13.3
1/19/2020,1532,3847.601377,6.153945084,63.89869565,null,null,null,null,null,null,81,27,44.22580645,FALSE,null,null,FALSE,Colombo,27.1,1.2,81.20833333,13.3
1/20/2020,1323,3847.601377,6.153945084,63.89869565,181.325,2.928,2.548,236.769,200.859,26.26,81,27,44.51612903,FALSE,null,null,FALSE,Colombo,27.1,1.1,81.54166667,13.7
1/21/2020,1393,3847.601377,6.153945084,63.89869565,181.425,2.93,2.551,238.528,201.079,26.25,81,27,44.80645161,FALSE,null,null,FALSE,Colombo,27,4.1,80.25,13.6
1/22/2020,1393,3847.601377,6.153945084,63.89869565,181.5,2.931,2.541,238.216,200.972,26.16,81,27,45.09677419,FALSE,null,null,FALSE,Colombo,27.5,1.9,77.625,16.1
1/23/2020,1393,3847.601377,6.153945084,63.89869565,181.525,2.923,2.544,237.455,201.135,26.16,81,27,45.38709677,FALSE,null,null,FALSE,Colombo,27.7,1.8,77.04166667,16.8
1/24/2020,1393,3847.601377,6.153945084,63.89869565,181.575,2.879,2.539,237.023,200.539,26.15,81,27,45.67741935,FALSE,null,null,FALSE,Colombo,27.9,0.2,74.41666667,16.6
1/25/2020,1462,3847.601377,6.153945084,63.89869565,null,null,null,null,null,null,81,27,45.96774194,FALSE,null,null,FALSE,Colombo,27.7,0,71.33333333,20
1/26/2020,1532,3847.601377,6.153945084,63.89869565,null,null,null,null,null,null,81,27,46.25806452,FALSE,null,null,FALSE,Colombo,27,0,70.95833333,21.9
1/27/2020,1323,3847.601377,6.153945084,63.89869565,181.55,2.913,2.548,236.458,200.067,26.16,82.57142857,27,46.5483871,FALSE,null,null,FALSE,Colombo,26.3,0,79.41666667,16.9
1/28/2020,1393,3847.601377,6.153945084,63.89869565,181.5,2.898,2.544,236.332,199.867,26.15,84.14285714,27,46.83870968,FALSE,null,null,FALSE,Colombo,26.1,0,76.66666667,18
1/29/2020,1393,3847.601377,6.153945084,63.89869565,181.5,2.871,2.535,237.684,199.958,26.15,85.71428571,27,47.12903226,FALSE,null,null,FALSE,Colombo,26.2,0,77.16666667,14.8
1/30/2020,1393,3847.601377,6.153945084,63.89869565,181.5,2.834,2.534,239.532,199.703,26.14,87.28571429,27,47.41935484,FALSE,null,null,FALSE,Colombo,26.4,0,78.70833333,17.1
1/31/2020,1393,3847.601377,6.153945084,63.89869565,181.45,2.847,2.543,235.827,200.084,25.83,88.85714286,27,47.70967742,FALSE,null,null,FALSE,Colombo,26.5,0,78.33333333,14.2
2/1/2020,1472,3847.601377,6.153945084,55.691,null,null,null,null,null,null,90.42857143,27,48,FALSE,null,null,FALSE,Colombo,26.9,0,72.5,19
2/2/2020,1542,3847.601377,6.153945084,55.691,null,null,null,null,null,null,92,27,47.51724138,FALSE,null,null,FALSE,Colombo,26.6,4.9,79.16666667,12.7
2/3/2020,1332,3847.601377,6.153945084,55.691,181.475,2.88,2.551,236.48,201.172,25.92,91.57142857,27,47.03448276,FALSE,null,null,FALSE,Colombo,26.9,0.8,75.79166667,15.5
2/4/2020,1402,3847.601377,6.153945084,55.691,181.475,2.883,2.546,235.856,200.592,25.99,91.14285714,27,46.55172414,TRUE,Independence Day,null,FALSE,Colombo,27,0,74.5,15.5
2/5/2020,1402,3847.601377,6.153945084,55.691,181.4,2.861,2.545,234.582,200.32,26,90.71428571,27,46.06896552,FALSE,null,null,FALSE,Colombo,27.3,0.4,75.20833333,14.7
2/6/2020,1402,3847.601377,6.153945084,55.691,181.425,2.825,2.535,233.935,199.376,25.9,90.28571429,27,45.5862069,FALSE,null,null,FALSE,Colombo,27.2,0,75.66666667,15.5
2/7/2020,1402,3847.601377,6.153945084,55.691,181.45,2.829,2.544,234.334,199.067,25.96,89.85714286,27,45.10344828,FALSE,null,null,FALSE,Colombo,26.7,0,78.41666667,16.3
2/8/2020,1472,3847.601377,6.153945084,55.691,null,null,null,null,null,null,89.42857143,27,44.62068966,TRUE,Nawam Full Moon Poya Day,null,FALSE,Colombo,26.7,0.2,77.70833333,16.4
2/9/2020,1542,3847.601377,6.153945084,55.691,null,null,null,null,null,null,89,27,44.13793103,FALSE,null,null,FALSE,Colombo,27.2,0,70.75,18.2
2/10/2020,1332,3847.601377,6.153945084,55.691,181.45,2.861,2.545,235.097,198.451,26.04,89,27,43.65517241,FALSE,null,null,FALSE,Colombo,27.2,0,62.91666667,22
2/11/2020,1402,3847.601377,6.153945084,55.691,181.5,2.868,2.543,235.178,197.853,26.01,89,27,43.17241379,FALSE,null,null,FALSE,Colombo,27.9,0,65.29166667,24.5
2/12/2020,1402,3847.601377,6.153945084,55.691,181.45,2.847,2.543,236.761,197.98,26,89,27,42.68965517,FALSE,null,null,FALSE,Colombo,29.2,0,64.41666667,21.9
2/13/2020,1402,3847.601377,6.153945084,55.691,181.475,2.854,2.535,236.756,197.146,25.95,89,27,42.20689655,FALSE,null,null,FALSE,Colombo,28.7,1.4,68.79166667,22.7
2/14/2020,1402,3847.601377,6.153945084,55.691,181.45,2.857,2.543,236.235,196.638,26,89,27,41.72413793,FALSE,null,null,FALSE,Colombo,27.3,3.6,74.58333333,12.4
2/15/2020,1480,3847.601377,6.153945084,55.691,null,null,null,null,null,null,89,27,41.24137931,FALSE,null,null,FALSE,Colombo,27.1,4.6,80.95833333,13.7
2/16/2020,1542,3847.601377,6.153945084,55.691,null,null,null,null,null,null,89,27,40.75862069,FALSE,null,null,FALSE,Colombo,27.1,1.3,81.16666667,14.2
2/17/2020,1332,3847.601377,6.153945084,55.691,181.6,2.841,2.535,236.071,196.402,25.93,88.85714286,27,40.27586207,FALSE,null,null,FALSE,Colombo,27.8,0.7,72.5,24.8
2/18/2020,1402,3847.601377,6.153945084,55.691,181.6,2.863,2.54,235.163,196.637,25.99,88.71428571,27,39.79310345,FALSE,null,null,FALSE,Colombo,26.9,0.1,68.41666667,18.4
2/19/2020,1402,3847.601377,6.153945084,55.691,182,2.829,2.532,233.951,195.857,25.85,88.57142857,27,39.31034483,FALSE,null,null,FALSE,Colombo,26.9,0,72.125,21.3
2/20/2020,1402,3847.601377,6.153945084,55.691,181.625,2.83,2.525,235.586,196.525,25.83,88.42857143,27,38.82758621,FALSE,null,null,FALSE,Colombo,27.5,0,69.875,17.9
2/21/2020,1402,3847.601377,6.153945084,55.691,181.625,2.778,2.525,235.021,195.747,25.84,88.28571429,27,38.34482759,TRUE,Maha Sivarathri Day,null,FALSE,Colombo,28.5,1.5,71.58333333,14.2
2/22/2020,1472,3847.601377,6.153945084,55.691,null,null,null,null,null,null,88.14285714,27,37.86206897,FALSE,null,null,FALSE,Colombo,28.7,1.6,70.45833333,20.2
2/23/2020,1542,3847.601377,6.153945084,55.691,null,null,null,null,null,null,88,27,37.37931034,FALSE,null,null,FALSE,Colombo,28.4,2,69.91666667,16.1
2/24/2020,1332,3847.601377,6.153945084,55.691,181.75,2.78,2.528,236.319,196.855,25.89,88.85714286,27,36.89655172,FALSE,null,null,FALSE,Colombo,28,0,71.54166667,18.1
2/25/2020,1402,3847.601377,6.153945084,55.691,181.7,2.774,2.537,234.452,197.127,25.86,89.71428571,27,36.4137931,FALSE,null,null,FALSE,Colombo,28.3,0,74.625,20.6
2/26/2020,1402,3847.601377,6.153945084,55.691,181.675,2.739,2.536,234.291,197.563,25.94,90.57142857,27,35.93103448,FALSE,null,null,FALSE,Colombo,28.3,0.4,77.54166667,17.3
2/27/2020,1402,3847.601377,6.153945084,55.691,181.825,2.724,2.507,233.279,197.563,26,91.42857143,27,35.44827586,FALSE,null,null,FALSE,Colombo,28.5,0,74.95833333,20.6
2/28/2020,1402,3847.601377,6.153945084,55.691,181.95,2.752,2.498,232.296,199.889,26.15,92.28571429,27,34.96551724,FALSE,null,null,FALSE,Colombo,28.1,0.4,73.41666667,17.9
2/29/2020,1472,3847.601377,6.153945084,55.691,null,null,null,null,null,null,93.14285714,27,34.48275862,FALSE,null,null,FALSE,Colombo,28.2,0.2,69.41666667,16.8
3/1/2020,1529,3847.601377,6.153945084,33.94727273,null,null,null,null,null,null,94,27,34,FALSE,null,null,FALSE,Colombo,27.9,0.2,71.83333333,19
3/2/2020,1321,3847.601377,6.153945084,33.94727273,182.15,2.75,2.491,233.307,200.49,26.13,94.42857143,27,33.80645161,FALSE,null,null,FALSE,Colombo,27.6,0,77.79166667,16.6
3/3/2020,1390,3847.601377,6.153945084,33.94727273,182.1,2.747,2.474,234.262,202.714,26.26,94.85714286,27,33.61290323,FALSE,null,null,FALSE,Colombo,27.5,0,75.58333333,17.3
3/4/2020,1390,3847.601377,6.153945084,33.94727273,182,2.69,2.473,235.852,203.312,26.2,95.28571429,27,33.41935484,FALSE,null,null,FALSE,Colombo,27.6,0,76.125,16.5
3/5/2020,1390,3847.601377,6.153945084,33.94727273,181.9,2.652,2.457,237.403,202.583,26.22,95.71428571,27,33.22580645,FALSE,null,null,FALSE,Colombo,28,0.9,78.70833333,14.4
3/6/2020,1390,3847.601377,6.153945084,33.94727273,181.925,2.428,2.451,238.922,204.307,26.17,96.14285714,27,33.03225806,FALSE,null,null,FALSE,Colombo,28,0.7,77.08333333,16.5
3/7/2020,1460,3847.601377,6.153945084,33.94727273,null,null,null,null,null,null,96.57142857,27,32.83870968,FALSE,null,null,FALSE,Colombo,28.1,0.7,76.875,15
3/8/2020,1529,3847.601377,6.153945084,33.94727273,null,null,null,null,null,null,97,27,32.64516129,FALSE,null,null,FALSE,Colombo,27.7,0.8,79.04166667,18.8
3/9/2020,1321,3847.601377,6.153945084,33.94727273,181.925,2.555,2.46,235.636,205.218,26.21,95.14285714,27,32.4516129,TRUE,Medin Full Moon Poya Day,null,FALSE,Colombo,28.6,0,76.04166667,18.9
3/10/2020,1390,3847.601377,6.153945084,33.94727273,182.55,2.49,2.477,234.139,208.164,26.22,93.28571429,27,32.25806452,FALSE,null,null,FALSE,Colombo,28.3,0.1,78.04166667,19.4
3/11/2020,1390,3847.601377,6.153945084,33.94727273,182.6,2.441,2.452,230.181,205.729,26.01,91.42857143,27,32.06451613,FALSE,null,null,FALSE,Colombo,28.3,1.1,77.33333333,14.8
3/12/2020,1390,3847.601377,6.153945084,33.94727273,183.075,2.538,2.495,226.548,205.623,26.27,89.57142857,27,31.87096774,FALSE,null,null,FALSE,Colombo,28.2,1.1,78.45833333,13.4
3/13/2020,1390,3847.601377,6.153945084,33.94727273,184.5,2.476,2.49,226.344,204.537,26.34,87.71428571,27,31.67741935,FALSE,null,null,FALSE,Colombo,28.4,0.8,75.25,19.6
3/14/2020,1460,3847.601377,6.153945084,33.94727273,null,null,null,null,null,null,85.85714286,27,31.48387097,FALSE,null,null,FALSE,Colombo,28.1,1.3,79.79166667,17.1
3/15/2020,1529,3847.601377,6.153945084,33.94727273,null,null,null,null,null,null,84,27,31.29032258,FALSE,null,null,FALSE,Colombo,28.2,1.4,77.375,16.2
3/16/2020,1326,3847.601377,6.153945084,33.94727273,184.5,2.445,2.495,222.781,204.61,26.36,77.57142857,27,31.09677419,TRUE,Special Public Holiday,null,FALSE,Colombo,28.1,3.5,80.08333333,17.8
3/17/2020,1390,3847.601377,6.153945084,33.94727273,184.85,2.292,2.49,215.663,206.01,26.34,71.14285714,27,30.90322581,TRUE,Special Public Holiday,null,FALSE,Colombo,27.4,4.7,86.58333333,13.3
3/18/2020,1390,3847.601377,6.153945084,33.94727273,185.7,2.35,2.49,214.118,203.206,26.19,64.71428571,27,30.70967742,TRUE,Special Public Holiday,null,FALSE,Colombo,27.9,0.1,81.79166667,11.2
3/19/2020,1390,3847.601377,6.153945084,33.94727273,186.4,2.33,2.48,217.773,202.6,26.35,58.28571429,27,30.51612903,TRUE,Special Public Holiday,null,FALSE,Colombo,27.7,10.4,85.54166667,12.1
3/20/2020,1390,3847.601377,6.153945084,33.94727273,187.05,2.342,2.449,216.043,199.048,26.36,51.85714286,27,30.32258065,FALSE,null,null,FALSE,Colombo,27.8,0.8,82.95833333,13
3/21/2020,1460,3847.601377,6.153945084,33.94727273,null,null,null,null,null,null,45.42857143,27,30.12903226,FALSE,null,null,FALSE,Colombo,27.6,0.7,78.625,16.2
3/22/2020,1529,3847.601377,6.153945084,33.94727273,null,null,null,null,null,null,39,27,29.93548387,FALSE,null,null,FALSE,Colombo,27.4,0,74,15.4
3/23/2020,1321,3847.601377,6.153945084,33.94727273,187.05,2.383,2.448,219.943,199.978,26.47,37.85714286,27,29.74193548,FALSE,null,null,FALSE,Colombo,28.1,0.2,73.875,16.6
3/24/2020,1390,3847.601377,6.153945084,33.94727273,187.05,2.39,2.448,222.234,200.483,26.27,36.71428571,27,29.5483871,FALSE,null,null,FALSE,Colombo,28.1,0.4,76.95833333,16.2
3/25/2020,1390,3847.601377,6.153945084,33.94727273,187.05,2.411,2.497,228.276,201.717,26.43,35.57142857,27,29.35483871,FALSE,null,null,FALSE,Colombo,28.3,1.3,75.54166667,14.9
3/26/2020,1390,3847.601377,6.153945084,33.94727273,187.05,2.377,2.491,234.513,203.456,26.49,34.42857143,27,29.16129032,FALSE,null,null,FALSE,Colombo,27.8,0.1,75.75,18.9
3/27/2020,1390,3847.601377,6.153945084,33.94727273,188.25,2.359,2.492,233.769,206.224,26.47,33.28571429,27,28.96774194,FALSE,null,null,FALSE,Colombo,28.3,0,70.58333333,19
3/28/2020,1460,3847.601377,6.153945084,33.94727273,null,null,null,null,null,null,32.14285714,27,28.77419355,FALSE,null,null,FALSE,Colombo,28.4,0.5,73.79166667,19.8
3/29/2020,1529,3847.601377,6.153945084,33.94727273,null,null,null,null,null,null,31,27,28.58064516,FALSE,null,null,FALSE,Colombo,28.3,1.2,76.41666667,15.9
3/30/2020,1321,3847.601377,6.153945084,33.94727273,188.25,2.401,2.508,235.039,209.432,26.68,31.57142857,27,28.38709677,FALSE,null,null,FALSE,Colombo,27.9,12.6,80.16666667,12.4
3/31/2020,1390,3847.601377,6.153945084,33.94727273,189.25,2.4,2.474,234.563,207.702,26.61,32.14285714,27,28.19354839,FALSE,null,null,FALSE,Colombo,27.3,3,84.29166667,14.8
4/1/2020,1279,3847.601377,6.153945084,26.84863636,189.5,2.443,2.474,234.867,208.448,26.67,32.71428571,20,28,FALSE,null,null,FALSE,Colombo,27.8,0,79.45833333,17.8
4/2/2020,1279,3847.601377,6.153945084,26.84863636,189.5,2.476,2.492,233.591,207.182,26.78,33.28571429,20,27.93333333,FALSE,null,null,FALSE,Colombo,27.8,0,75.625,21.2
4/3/2020,1279,3847.601377,6.153945084,26.84863636,190.5,2.534,2.54,236.355,205.178,27.2,33.85714286,20,27.86666667,FALSE,null,null,FALSE,Colombo,27.9,0.5,76.45833333,16.4
4/4/2020,1342,3847.601377,6.153945084,26.84863636,null,null,null,null,null,null,34.42857143,20,27.8,FALSE,null,null,FALSE,Colombo,27.7,43,82.08333333,14.9
4/5/2020,1406,3847.601377,6.153945084,26.84863636,null,null,null,null,null,null,35,20,27.73333333,FALSE,null,null,FALSE,Colombo,27.9,2.2,80.70833333,15.8
4/6/2020,1215,3847.601377,6.153945084,26.84863636,193.25,2.552,2.551,238.307,205.352,27.38,35.57142857,20,27.66666667,FALSE,null,null,FALSE,Colombo,28.1,2.1,79.41666667,13
4/7/2020,1279,3847.601377,6.153945084,26.84863636,193.25,2.567,2.541,239.689,208.266,27.3,36.14285714,20,27.6,TRUE,Bak Full Moon Poya Day,null,FALSE,Colombo,28,2.5,81.08333333,16.3
4/8/2020,1279,3847.601377,6.153945084,26.84863636,193.5,2.559,2.497,237.929,210.158,27.05,36.71428571,20,27.53333333,FALSE,null,null,FALSE,Colombo,27.8,3.3,84.33333333,14.5
4/9/2020,1279,3847.601377,6.153945084,26.84863636,191,2.578,2.51,237.882,209.521,27.06,37.28571429,20,27.46666667,FALSE,null,null,FALSE,Colombo,27.9,5.1,84.41666667,13.7
4/10/2020,1279,3847.601377,6.153945084,26.84863636,191,2.583,2.498,238.97,208.159,27,37.85714286,20,27.4,TRUE,Good Friday,null,FALSE,Colombo,27.7,9.7,84.45833333,12.6
4/11/2020,1342,3847.601377,6.153945084,26.84863636,null,null,null,null,null,null,38.42857143,20,27.33333333,FALSE,null,null,FALSE,Colombo,27.6,6,84.625,13.6
4/12/2020,1406,3847.601377,6.153945084,26.84863636,null,null,null,null,null,null,39,20,27.26666667,TRUE,Day Before Sinhala and Tamil New Year,null,FALSE,Colombo,27.7,5.3,83.16666667,13.2
4/13/2020,1215,3847.601377,6.153945084,26.84863636,191,2.602,2.506,241.128,208.293,27.01,38.14285714,20,27.2,TRUE,Sinhala and Tamil New Year,null,FALSE,Colombo,27.5,1.2,83.20833333,12.7
4/14/2020,1279,3847.601377,6.153945084,26.84863636,191,2.545,2.495,239.682,207.874,27.02,37.28571429,20,27.13333333,FALSE,null,null,FALSE,Colombo,27.4,8.5,82.29166667,13
4/15/2020,1279,3847.601377,6.153945084,26.84863636,191.5,2.581,2.493,239.175,209.15,27.04,36.42857143,20,27.06666667,FALSE,null,null,FALSE,Colombo,27.1,4.5,83.16666667,13.4
4/16/2020,1273,3847.601377,6.153945084,26.84863636,192,2.583,2.501,240.02,208.324,27.07,35.57142857,20,27,FALSE,null,null,FALSE,Colombo,27.4,6,82.75,15.3
4/17/2020,1279,3847.601377,6.153945084,26.84863636,192,2.538,2.507,239.413,207.49,27.14,34.71428571,20,26.93333333,FALSE,null,null,FALSE,Colombo,27.7,4.9,81.33333333,13.9
4/18/2020,1342,3847.601377,6.153945084,26.84863636,null,null,null,null,null,null,33.85714286,20,26.86666667,FALSE,null,null,FALSE,Colombo,27.9,3.7,82.79166667,13.6
4/19/2020,1406,3847.601377,6.153945084,26.84863636,null,null,null,null,null,null,33,20,26.8,FALSE,null,null,FALSE,Colombo,27.9,1.4,84.25,12.6
4/20/2020,1215,3847.601377,6.153945084,26.84863636,192.5,2.474,2.494,236.67,208.199,27.07,33,20,26.73333333,FALSE,null,null,FALSE,Colombo,28.7,0.9,80.20833333,11.9
4/21/2020,1279,3847.601377,6.153945084,26.84863636,192.5,2.535,2.526,238.663,208.55,27.24,33,20,26.66666667,FALSE,null,null,FALSE,Colombo,28.3,6.3,83,14.4
4/22/2020,1279,3847.601377,6.153945084,26.84863636,193.5,2.568,2.536,238.471,208.435,27.24,33,20,26.6,FALSE,null,null,FALSE,Colombo,27.7,5.2,82.54166667,14.5
4/23/2020,1279,3847.601377,6.153945084,26.84863636,193,2.571,2.517,238.722,208.865,27.11,33,20,26.53333333,FALSE,null,null,FALSE,Colombo,27.3,7.5,85.20833333,13.8
4/24/2020,1279,3847.601377,6.153945084,26.84863636,193,2.575,2.519,239.268,207.438,27.07,33,20,26.46666667,FALSE,null,null,FALSE,Colombo,27.1,3.6,85.29166667,15.3
4/25/2020,1342,3847.601377,6.153945084,26.84863636,null,null,null,null,null,null,33,20,26.4,FALSE,null,null,FALSE,Colombo,28.3,2.5,83.5,9.4
4/26/2020,1406,3847.601377,6.153945084,26.84863636,null,null,null,null,null,null,33,20,26.33333333,FALSE,null,null,FALSE,Colombo,28.1,4.2,85,16.3
4/27/2020,1215,3847.601377,6.153945084,26.84863636,192.5,2.578,2.517,238.56,207.744,27.04,34.85714286,20,26.26666667,FALSE,null,null,FALSE,Colombo,28.5,0.9,84.875,14
4/28/2020,1279,3847.601377,6.153945084,26.84863636,192,2.618,2.538,239.328,207.898,27.06,36.71428571,20,26.2,FALSE,null,null,FALSE,Colombo,28.1,6.6,84.875,14.3
4/29/2020,1279,3847.601377,6.153945084,26.84863636,192,2.551,2.531,239.916,207.165,26.9,38.57142857,20,26.13333333,FALSE,null,null,FALSE,Colombo,27.8,2.8,88.125,10.5
4/30/2020,1279,3847.601377,6.153945084,26.84863636,190.5,2.516,2.508,238.221,208.218,26.9,40.42857143,20,26.06666667,FALSE,null,null,FALSE,Colombo,28.4,2.2,85.375,17.2
5/1/2020,924,3847.601377,6.153945084,32.42238095,190.5,2.526,2.498,235.814,208.145,26.75,42.28571429,19,26,TRUE,International Workers' Day,null,FALSE,Colombo,28.4,2.7,83.91666667,13.6
5/2/2020,970,3847.601377,6.153945084,32.42238095,null,null,null,null,null,null,44.14285714,19,26.12903226,FALSE,null,null,FALSE,Colombo,29,2,81.375,14.4
5/3/2020,1016,3847.601377,6.153945084,32.42238095,null,null,null,null,null,null,46,19,26.25806452,FALSE,null,null,FALSE,Colombo,28.8,5.1,84.125,12.3
5/4/2020,878,3847.601377,6.153945084,32.42238095,189.5,2.548,2.489,235.022,208.601,26.68,44.71428571,19,26.38709677,FALSE,null,null,FALSE,Colombo,27.7,5,86.58333333,13.3
5/5/2020,924,3847.601377,6.153945084,32.42238095,189,2.491,2.443,230.198,206.123,26.17,43.42857143,19,26.51612903,FALSE,null,null,FALSE,Colombo,27.7,4,85.125,15.4
5/6/2020,924,3847.601377,6.153945084,32.42238095,186.5,2.505,2.454,230.57,204.24,26.25,42.14285714,19,26.64516129,FALSE,null,null,FALSE,Colombo,27.3,5.2,88.08333333,18.4
5/7/2020,924,3847.601377,6.153945084,32.42238095,186.5,2.528,2.462,231.428,200.768,26.29,40.85714286,19,26.77419355,TRUE,Vesak Full Moon Poya Day,null,FALSE,Colombo,27.7,5.2,85.16666667,16.9
5/8/2020,924,3847.601377,6.153945084,32.42238095,186.5,2.546,2.476,232.235,201.475,26.47,39.57142857,19,26.90322581,TRUE,Day Following Vesak Full Moon Poya Day,null,FALSE,Colombo,27.7,2.9,84.83333333,18.1
5/9/2020,970,3847.601377,6.153945084,32.42238095,null,null,null,null,null,null,38.28571429,19,27.03225806,FALSE,null,null,FALSE,Colombo,27.7,4.8,85.79166667,14
5/10/2020,1016,3847.601377,6.153945084,32.42238095,null,null,null,null,null,null,37,19,27.16129032,FALSE,null,null,FALSE,Colombo,27.4,13.8,88.16666667,12.7
5/11/2020,878,3847.601377,6.153945084,32.42238095,188.25,2.548,2.504,230.813,201.624,26.54,36.85714286,19,27.29032258,FALSE,null,null,FALSE,Colombo,26.6,18.8,90.25,14.1
5/12/2020,924,3847.601377,6.153945084,32.42238095,188.25,2.534,2.494,230.239,203.153,26.5,36.71428571,19,27.41935484,FALSE,null,null,FALSE,Colombo,27.2,6.5,88.04166667,10.4
5/13/2020,924,3847.601377,6.153945084,32.42238095,188.25,2.547,2.483,229.581,203.905,26.42,36.57142857,19,27.5483871,FALSE,null,null,FALSE,Colombo,27.4,3,86.33333333,14.4
5/14/2020,924,3847.601377,6.153945084,32.42238095,187.75,2.552,2.476,227.472,203.341,26.44,36.42857143,19,27.67741935,FALSE,null,null,FALSE,Colombo,27.9,4.2,85.75,13
5/15/2020,924,3847.601377,6.153945084,32.42238095,187.9,2.574,2.475,228.882,202.575,26.35,36.28571429,19,27.80645161,FALSE,null,null,FALSE,Colombo,27.2,11.9,90,16.1
5/16/2020,970,3847.601377,6.153945084,32.42238095,null,null,null,null,null,null,36.14285714,19,27.93548387,FALSE,null,null,FALSE,Colombo,28.6,12.4,84.91666667,22.4
5/17/2020,1016,3847.601377,6.153945084,32.42238095,null,null,null,null,null,null,36,19,28.06451613,FALSE,null,null,FALSE,Colombo,28.8,8.8,84.5,20.8
5/18/2020,878,3847.601377,6.153945084,32.42238095,187.7,2.585,2.477,229.775,203.106,26.39,36.14285714,19,28.19354839,FALSE,null,null,FALSE,Colombo,27.7,37.7,87.33333333,27
5/19/2020,924,3847.601377,6.153945084,32.42238095,187.525,2.625,2.475,229.081,204.472,26.36,36.28571429,19,28.32258065,FALSE,null,null,FALSE,Colombo,28.8,9,80,27.8
5/20/2020,924,3847.601377,6.153945084,32.42238095,187.15,2.622,2.466,228.039,204.66,26.21,36.42857143,19,28.4516129,FALSE,null,null,FALSE,Colombo,28.5,5.9,79.16666667,24.9
5/21/2020,924,3847.601377,6.153945084,32.42238095,186.55,2.587,2.442,226.062,205.27,26,36.57142857,19,28.58064516,FALSE,null,null,FALSE,Colombo,27.1,11.5,87.41666667,19.2
5/22/2020,924,3847.601377,6.153945084,32.42238095,185.7,2.584,2.444,226.359,204.199,25.99,36.71428571,19,28.70967742,FALSE,null,null,FALSE,Colombo,27.1,25.2,87.125,22.9
5/23/2020,970,3847.601377,6.153945084,32.42238095,null,null,null,null,null,null,36.85714286,19,28.83870968,FALSE,null,null,FALSE,Colombo,28.3,4.5,82.375,18.7
5/24/2020,1016,3847.601377,6.153945084,32.42238095,null,null,null,null,null,null,37,19,28.96774194,FALSE,null,null,FALSE,Colombo,27.6,12,87.75,14.9
5/25/2020,878,3847.601377,6.153945084,32.42238095,185.7,2.62,2.464,229.548,202.176,26.07,37.14285714,19,29.09677419,TRUE,Eid al-Fitr,null,FALSE,Colombo,28,4.8,86.33333333,16.7
5/26/2020,924,3847.601377,6.153945084,32.42238095,186.125,2.619,2.452,228.255,202.176,25.97,37.28571429,19,29.22580645,FALSE,null,null,FALSE,Colombo,27.4,7.7,90,14
5/27/2020,924,3847.601377,6.153945084,32.42238095,186.3,2.641,2.462,229.583,204.228,26.06,37.42857143,19,29.35483871,FALSE,null,null,FALSE,Colombo,26.8,11.6,90.45833333,19.5
5/28/2020,924,3847.601377,6.153945084,32.42238095,186.35,2.651,2.462,229.944,204.876,26.08,37.57142857,19,29.48387097,FALSE,null,null,FALSE,Colombo,26.9,19.3,89.04166667,21
5/29/2020,924,3847.601377,6.153945084,32.42238095,186.25,2.69,2.463,232.482,206.346,26.08,37.71428571,19,29.61290323,FALSE,null,null,FALSE,Colombo,27,17.3,87.625,24.3
5/30/2020,970,3847.601377,6.153945084,32.42238095,null,null,null,null,null,null,37.85714286,19,29.74193548,FALSE,null,null,FALSE,Colombo,27.6,1.9,85.58333333,20.9
5/31/2020,1016,3847.601377,6.153945084,32.42238095,null,null,null,null,null,null,38,19,29.87096774,FALSE,null,null,FALSE,Colombo,27.8,2.7,85.33333333,19.4
6/1/2020,912,3847.601377,6.153945084,40.86045455,186.075,2.703,2.474,233.251,206.645,26.16,39.28571429,19,30,FALSE,null,null,FALSE,Colombo,27.5,6.9,86.45833333,18.4
6/2/2020,960,3847.601377,6.153945084,40.86045455,185.85,2.703,2.466,233.644,207.092,26.09,40.57142857,19,29.96666667,FALSE,null,null,FALSE,Colombo,27.6,1.4,84.83333333,14.6
6/3/2020,960,3847.601377,6.153945084,40.86045455,185.8,2.675,2.456,233.584,207.52,26.07,41.85714286,19,29.93333333,FALSE,null,null,FALSE,Colombo,27.5,1,83.625,15.8
6/4/2020,960,3847.601377,6.153945084,40.86045455,185.45,2.694,2.454,234.873,208.634,26.17,43.14285714,19,29.9,FALSE,null,null,FALSE,Colombo,28,0.2,78.58333333,17.6
6/5/2020,960,3847.601377,6.153945084,40.86045455,185.45,2.709,2.454,235.503,210.169,26.16,44.42857143,19,29.86666667,TRUE,Poson Full Moon Poya Day,null,FALSE,Colombo,27.7,7.4,82.29166667,20.8
6/6/2020,1009,3847.601377,6.153945084,40.86045455,null,null,null,null,null,null,45.71428571,19,29.83333333,FALSE,null,null,FALSE,Colombo,26.3,44.5,89.58333333,21.1
6/7/2020,1057,3847.601377,6.153945084,40.86045455,null,null,null,null,null,null,47,19,29.8,FALSE,null,null,FALSE,Colombo,26.9,26.5,86.83333333,23
6/8/2020,912,3847.601377,6.153945084,40.86045455,185.1,2.686,2.45,235.532,209.205,26.14,47.28571429,19,29.76666667,FALSE,null,null,FALSE,Colombo,27.4,13.8,85.625,19.6
6/9/2020,960,3847.601377,6.153945084,40.86045455,185.05,2.7,2.448,236.202,208.958,26.22,47.57142857,19,29.73333333,FALSE,null,null,FALSE,Colombo,27.8,4.9,85.375,19.9
6/10/2020,960,3847.601377,6.153945084,40.86045455,185.3,2.636,2.436,233.399,209.735,26.2,47.85714286,19,29.7,FALSE,null,null,FALSE,Colombo,27.9,7.6,83.125,19.9
6/11/2020,960,3847.601377,6.153945084,40.86045455,185.2,2.639,2.435,232.394,210.554,26.13,48.14285714,19,29.66666667,FALSE,null,null,FALSE,Colombo,27.3,13.4,86.83333333,19.2
6/12/2020,960,3847.601377,6.153945084,40.86045455,185.3,2.661,2.446,234.444,209.107,26.21,48.42857143,19,29.63333333,FALSE,null,null,FALSE,Colombo,26.9,14,88.625,21.6
6/13/2020,1009,3847.601377,6.153945084,40.86045455,null,null,null,null,null,null,48.71428571,19,29.6,FALSE,null,null,FALSE,Colombo,27.6,4.6,84.125,17.6
6/14/2020,1057,3847.601377,6.153945084,40.86045455,null,null,null,null,null,null,49,19,29.56666667,FALSE,null,null,FALSE,Colombo,27.7,9.7,84.54166667,19.1
6/15/2020,912,3847.601377,6.153945084,40.86045455,186,2.664,2.439,234.121,208.424,26.24,50,19,29.53333333,FALSE,null,null,FALSE,Colombo,28.3,4.4,85.20833333,19.1
6/16/2020,966,3847.601377,6.153945084,40.86045455,186.15,2.671,2.443,234.242,210.476,26.3,51,19,29.5,FALSE,null,null,FALSE,Colombo,27.6,9.5,87.875,15.8
6/17/2020,960,3847.601377,6.153945084,40.86045455,186.55,2.667,2.441,231.882,209.473,26.3,52,19,29.46666667,FALSE,null,null,FALSE,Colombo,27.5,7.6,87.70833333,16
6/18/2020,960,3847.601377,6.153945084,40.86045455,186.625,2.683,2.446,230.662,209.57,26.37,53,19,29.43333333,FALSE,null,null,FALSE,Colombo,28,3,85.58333333,15.3
6/19/2020,960,3847.601377,6.153945084,40.86045455,186.65,2.691,2.46,232.622,208.973,26.38,54,19,29.4,FALSE,null,null,FALSE,Colombo,27.8,4.9,85.125,24.2
6/20/2020,1009,3847.601377,6.153945084,40.86045455,null,null,null,null,null,null,55,19,29.36666667,FALSE,null,null,FALSE,Colombo,28.1,2,81.625,21.3
6/21/2020,1057,3847.601377,6.153945084,40.86045455,null,null,null,null,null,null,56,19,29.33333333,FALSE,null,null,FALSE,Colombo,27.6,12.1,84.04166667,18.4
6/22/2020,912,3847.601377,6.153945084,40.86045455,186.65,2.708,2.469,233.633,208.47,26.41,56.28571429,19,29.3,FALSE,null,null,FALSE,Colombo,27.9,2.2,81.54166667,23.2
6/23/2020,960,3847.601377,6.153945084,40.86045455,186.6,2.678,2.465,231.81,209.962,26.35,56.57142857,19,29.26666667,FALSE,null,null,FALSE,Colombo,27.5,0,84.41666667,15.9
6/24/2020,960,3847.601377,6.153945084,40.86045455,186.65,2.697,2.465,231.463,210.857,26.32,56.85714286,19,29.23333333,FALSE,null,null,FALSE,Colombo,27.5,2.9,86.33333333,18.4
6/25/2020,960,3847.601377,6.153945084,40.86045455,186.4,2.663,2.461,229.678,209.869,26.29,57.14285714,19,29.2,FALSE,null,null,FALSE,Colombo,26.6,19.4,88.16666667,17.1
6/26/2020,960,3847.601377,6.153945084,40.86045455,186.2,2.652,2.464,228.999,209.01,26.27,57.42857143,19,29.16666667,FALSE,null,null,FALSE,Colombo,26.5,16.9,86.54166667,16.8
6/27/2020,1009,3847.601377,6.153945084,40.86045455,null,null,null,null,null,null,57.71428571,19,29.13333333,FALSE,null,null,FALSE,Colombo,26.8,5.1,85.66666667,20.9
6/28/2020,1057,3847.601377,6.153945084,40.86045455,null,null,null,null,null,null,58,19,29.1,FALSE,null,null,FALSE,Colombo,27.5,3.6,86.33333333,20
6/29/2020,912,3847.601377,6.153945084,40.86045455,186.2,2.613,2.464,230.938,208.748,26.34,58.14285714,19,29.06666667,FALSE,null,null,FALSE,Colombo,27.2,9.6,86.54166667,21.6
6/30/2020,960,3847.601377,6.153945084,40.86045455,186.225,2.63,2.466,232.297,209.176,26.32,58.28571429,19,29.03333333,FALSE,null,null,FALSE,Colombo,27,5.2,88.70833333,16.7
7/1/2020,1547,3847.601377,6.153945084,43.29565217,186.225,2.63,2.489,232.02,209.065,26.32,58.42857143,19,29,FALSE,null,null,FALSE,Colombo,27,3,89,17.7
7/2/2020,1547,3847.601377,6.153945084,43.29565217,186.1,2.599,2.489,232.034,209.419,26.29,58.57142857,19,29,FALSE,null,null,FALSE,Colombo,27.2,8.9,86.875,18.7
7/3/2020,1547,3847.601377,6.153945084,43.29565217,185.85,2.581,2.489,232.164,209.083,26.45,58.71428571,19,29,FALSE,null,null,FALSE,Colombo,27.3,13.4,84.375,20.1
7/4/2020,1625,3847.601377,6.153945084,43.29565217,null,null,null,null,null,null,58.85714286,19,29,TRUE,Esala Full Moon Poya Day,null,FALSE,Colombo,27.3,4.8,85.79166667,18.3
7/5/2020,1702,3847.601377,6.153945084,43.29565217,null,null,null,null,null,null,59,19,29,FALSE,null,null,FALSE,Colombo,27.6,3.7,83.5,20.2
7/6/2020,1470,3847.601377,6.153945084,43.29565217,185.85,2.589,2.484,233.187,208.988,26.49,56.57142857,19,29,FALSE,null,null,FALSE,Colombo,27.5,6.7,82.20833333,22.1
7/7/2020,1547,3847.601377,6.153945084,43.29565217,185.925,2.603,2.478,234.363,210.046,26.52,54.14285714,19,29,FALSE,null,null,FALSE,Colombo,27.2,13.7,85.75,16.6
7/8/2020,1547,3847.601377,6.153945084,43.29565217,185.825,2.616,2.471,234.273,209.453,26.55,51.71428571,19,29,FALSE,null,null,FALSE,Colombo,27.3,10.2,86.45833333,15.9
7/9/2020,1547,3847.601377,6.153945084,43.29565217,185.85,2.617,2.47,234.58,210.436,26.52,49.28571429,19,29,FALSE,null,null,FALSE,Colombo,27,13,86.70833333,19.2
7/10/2020,1547,3847.601377,6.153945084,43.29565217,185.85,2.613,2.47,233.426,209.6,26.55,46.85714286,19,29,FALSE,null,null,FALSE,Colombo,27.1,11.2,83.04166667,20.9
7/11/2020,1625,3847.601377,6.153945084,43.29565217,null,null,null,null,null,null,44.42857143,19,29,FALSE,null,null,FALSE,Colombo,26.4,5.7,87.91666667,16.5
7/12/2020,1702,3847.601377,6.153945084,43.29565217,null,null,null,null,null,null,42,19,29,FALSE,null,null,FALSE,Colombo,26.7,3.6,87.04166667,19.1
7/13/2020,1470,3847.601377,6.153945084,43.29565217,185.9,2.612,2.463,233.27,209.86,26.51,42.71428571,19,29,FALSE,null,null,FALSE,Colombo,27.1,6.9,84.95833333,18.9
7/14/2020,1547,3847.601377,6.153945084,43.29565217,185.85,2.613,2.473,233.837,210.772,26.58,43.42857143,19,29,FALSE,null,null,FALSE,Colombo,27.5,3.5,84.25,19.9
7/15/2020,1547,3847.601377,6.153945084,43.29565217,185.85,2.588,2.47,233.189,211.738,26.56,44.14285714,19,29,FALSE,null,null,FALSE,Colombo,26.7,14.1,88.5,20.6
7/16/2020,1550,3847.601377,6.153945084,43.29565217,185.8,2.579,2.479,233.473,211.998,26.55,44.85714286,19,29,FALSE,null,null,FALSE,Colombo,26.5,19.6,88.75,17.4
7/17/2020,1547,3847.601377,6.153945084,43.29565217,185.775,2.596,2.485,235.26,211.382,26.59,45.57142857,19,29,FALSE,null,null,FALSE,Colombo,27.2,1.8,86.08333333,15.9
7/18/2020,1625,3847.601377,6.153945084,43.29565217,null,null,null,null,null,null,46.28571429,19,29,FALSE,null,null,FALSE,Colombo,27.1,2.3,87.45833333,14.5
7/19/2020,1702,3847.601377,6.153945084,43.29565217,null,null,null,null,null,null,47,19,29,FALSE,null,null,FALSE,Colombo,27.2,2.8,88.04166667,9.7
7/20/2020,1470,3847.601377,6.153945084,43.29565217,185.8,2.623,2.492,236.542,212.181,26.61,47.71428571,19,29,FALSE,null,null,FALSE,Colombo,26.1,10.7,88.79166667,14.1
7/21/2020,1547,3847.601377,6.153945084,43.29565217,185.8,2.608,2.489,236.598,212.572,26.53,48.42857143,19,29,FALSE,null,null,FALSE,Colombo,26.4,1.3,84.66666667,17.9
7/22/2020,1547,3847.601377,6.153945084,43.29565217,185.8,2.597,2.483,236.737,214.077,26.52,49.14285714,19,29,FALSE,null,null,FALSE,Colombo,26.4,4.1,87.75,20.5
7/23/2020,1547,3847.601377,6.153945084,43.29565217,185.8,2.587,2.484,237.694,214.876,26.46,49.85714286,19,29,FALSE,null,null,FALSE,Colombo,25.7,19.8,91.16666667,22.9
7/24/2020,1547,3847.601377,6.153945084,43.29565217,185.8,2.59,2.482,239.293,215.359,26.54,50.57142857,19,29,FALSE,null,null,FALSE,Colombo,26,10.2,87.83333333,18.3
7/25/2020,1625,3847.601377,6.153945084,43.29565217,null,null,null,null,null,null,51.28571429,19,29,FALSE,null,null,FALSE,Colombo,26.6,2.2,87.875,14.5
7/26/2020,1702,3847.601377,6.153945084,43.29565217,null,null,null,null,null,null,52,19,29,FALSE,null,null,FALSE,Colombo,26.6,4.6,85.45833333,17.3
7/27/2020,1470,3847.601377,6.153945084,43.29565217,185.75,2.559,2.48,240.277,216.473,26.53,52.14285714,19,29,FALSE,null,null,FALSE,Colombo,26.8,0.1,86.875,15.5
7/28/2020,1547,3847.601377,6.153945084,43.29565217,185.8,2.556,2.477,241.368,218.216,26.52,52.28571429,19,29,FALSE,null,null,FALSE,Colombo,26.7,16.4,87.125,17.7
7/29/2020,1547,3847.601377,6.153945084,43.29565217,185.725,2.533,2.479,243.109,217.588,26.48,52.42857143,19,29,FALSE,null,null,FALSE,Colombo,26.6,18.6,86.25,22.6
7/30/2020,1547,3847.601377,6.153945084,43.29565217,185.65,2.489,2.477,242.858,218.94,26.6,52.57142857,19,29,FALSE,null,null,FALSE,Colombo,26.8,3.5,85.75,21
7/31/2020,1547,3847.601377,6.153945084,43.29565217,185.6,2.531,2.468,242.663,219.862,26.58,52.71428571,19,29,FALSE,null,null,FALSE,Colombo,26.6,11.6,86.875,23.2
8/1/2020,1538,3847.601377,6.153945084,45.08142857,null,null,null,null,null,null,52.85714286,20,29,TRUE,Eid al-Adha,Esala Perahera (Limited due to COVID),TRUE,Colombo,27,7.1,85.875,23.2
8/2/2020,1612,3847.601377,6.153945084,45.08142857,null,null,null,null,null,null,53,20,29.09677419,FALSE,null,Esala Perahera (Limited due to COVID),TRUE,Colombo,26.4,21.1,87.5,22.2
8/3/2020,1392,3847.601377,6.153945084,45.08142857,185.6,2.513,2.471,242.491,218.522,26.6,52.85714286,20,29.19354839,TRUE,Nikini Full Moon Poya Day,Esala Perahera (Limited due to COVID),TRUE,Colombo,26.3,11.8,88.04166667,19.9
8/4/2020,1465,3847.601377,6.153945084,45.08142857,185.525,2.537,2.479,243.274,218.225,26.73,52.71428571,20,29.29032258,FALSE,null,Esala Perahera (Limited due to COVID),TRUE,Colombo,26.9,3.3,86.08333333,23.7
8/5/2020,1465,3847.601377,6.153945084,45.08142857,185.5,2.523,2.475,243.849,218.909,26.66,52.57142857,20,29.38709677,FALSE,null,Esala Perahera (Limited due to COVID),TRUE,Colombo,27,4.9,86.25,21.5
8/6/2020,1465,3847.601377,6.153945084,45.08142857,185.45,2.506,2.468,241.807,219.962,26.57,52.42857143,20,29.48387097,FALSE,null,Esala Perahera (Limited due to COVID),TRUE,Colombo,26,30.3,89.79166667,23.6
8/7/2020,1465,3847.601377,6.153945084,45.08142857,185.25,2.513,2.467,241.496,220.163,26.53,52.28571429,20,29.58064516,FALSE,null,Esala Perahera (Limited due to COVID),TRUE,Colombo,26.3,20,89.75,16.6
8/8/2020,1538,3847.601377,6.153945084,45.08142857,null,null,null,null,null,null,52.14285714,20,29.67741935,FALSE,null,Esala Perahera (Limited due to COVID),TRUE,Colombo,26,24.8,89.5,17.6
8/9/2020,1612,3847.601377,6.153945084,45.08142857,null,null,null,null,null,null,52,20,29.77419355,FALSE,null,Esala Perahera (Limited due to COVID),TRUE,Colombo,26.2,17.4,88.29166667,21.6
8/10/2020,1392,3847.601377,6.153945084,45.08142857,184.75,2.514,2.465,240.167,218.277,26.46,52.28571429,20,29.87096774,FALSE,null,null,FALSE,Colombo,26.6,7.8,87.08333333,18.5
8/11/2020,1465,3847.601377,6.153945084,45.08142857,184.05,2.479,2.445,238.522,216.764,26.36,52.57142857,20,29.96774194,FALSE,null,null,FALSE,Colombo,26.3,9,88.5,17.9
8/12/2020,1465,3847.601377,6.153945084,45.08142857,183,2.504,2.443,238.941,215.939,26.32,52.85714286,20,30.06451613,FALSE,null,null,FALSE,Colombo,26.7,0.4,86.08333333,14.8
8/13/2020,1465,3847.601377,6.153945084,45.08142857,182.9,2.516,2.449,240.324,215.493,26.4,53.14285714,20,30.16129032,FALSE,null,null,FALSE,Colombo,26.9,0.6,84,18.4
8/14/2020,1465,3847.601377,6.153945084,45.08142857,183.65,2.488,2.456,240.777,215.923,26.48,53.42857143,20,30.25806452,FALSE,null,null,FALSE,Colombo,26.9,1.1,83.45833333,19.4
8/15/2020,1538,3847.601377,6.153945084,45.08142857,null,null,null,null,null,null,53.71428571,20,30.35483871,FALSE,null,null,FALSE,Colombo,26.8,1,86.08333333,16.5
8/16/2020,1616,3847.601377,6.153945084,45.08142857,null,null,null,null,null,null,54,20,30.4516129,FALSE,null,null,FALSE,Colombo,26.9,0.1,86.54166667,8.4
8/17/2020,1392,3847.601377,6.153945084,45.08142857,183.75,2.518,2.473,244.326,217.282,26.64,53.71428571,20,30.5483871,FALSE,null,null,FALSE,Colombo,26.9,2.2,88,16.7
8/18/2020,1465,3847.601377,6.153945084,45.08142857,184.55,2.532,2.486,243.922,217.915,26.88,53.42857143,20,30.64516129,FALSE,null,null,FALSE,Colombo,27,1.7,86.33333333,16
8/19/2020,1465,3847.601377,6.153945084,45.08142857,186.2,2.493,2.458,243.798,219.989,26.65,53.14285714,20,30.74193548,FALSE,null,null,FALSE,Colombo,26.9,4,86.54166667,17.7
8/20/2020,1465,3847.601377,6.153945084,45.08142857,184.5,2.463,2.463,241.632,220.268,26.66,52.85714286,20,30.83870968,FALSE,null,null,FALSE,Colombo,27.1,4.1,84.95833333,19.7
8/21/2020,1465,3847.601377,6.153945084,45.08142857,184.6,2.477,2.493,241.684,218.621,26.72,52.57142857,20,30.93548387,FALSE,null,null,FALSE,Colombo,27.2,2.2,85.33333333,16.6
8/22/2020,1538,3847.601377,6.153945084,45.08142857,null,null,null,null,null,null,52.28571429,20,31.03225806,FALSE,null,null,FALSE,Colombo,27.1,2.1,86.33333333,17.9
8/23/2020,1612,3847.601377,6.153945084,45.08142857,null,null,null,null,null,null,52,20,31.12903226,FALSE,null,null,FALSE,Colombo,27,2.9,86.54166667,17.8
8/24/2020,1392,3847.601377,6.153945084,45.08142857,185,2.475,2.511,245.417,217.618,26.96,52.71428571,20,31.22580645,FALSE,null,null,FALSE,Colombo,26.9,2.9,88.125,14.1
8/25/2020,1465,3847.601377,6.153945084,45.08142857,186.6,2.456,2.509,246.159,217.942,27.04,53.42857143,20,31.32258065,FALSE,null,null,FALSE,Colombo,27.2,1.6,87.54166667,15.5
8/26/2020,1465,3847.601377,6.153945084,45.08142857,186.35,2.471,2.515,245.481,220.567,26.96,54.14285714,20,31.41935484,FALSE,null,null,FALSE,Colombo,27.2,1.6,84.375,16.6
8/27/2020,1465,3847.601377,6.153945084,45.08142857,185.95,2.513,2.548,248.882,220.256,27.13,54.85714286,20,31.51612903,FALSE,null,null,FALSE,Colombo,27.4,2.5,81.875,17.7
8/28/2020,1465,3847.601377,6.153945084,45.08142857,186.4,2.509,2.536,248.643,219.752,27.13,55.57142857,20,31.61290323,FALSE,null,null,FALSE,Colombo,27.4,1.5,79.75,17.6
8/29/2020,1538,3847.601377,6.153945084,45.08142857,null,null,null,null,null,null,56.28571429,20,31.70967742,FALSE,null,null,FALSE,Colombo,27.5,1,77.91666667,19.6
8/30/2020,1612,3847.601377,6.153945084,45.08142857,null,null,null,null,null,null,57,20,31.80645161,FALSE,null,null,FALSE,Colombo,27.3,2.1,82.58333333,16.7
8/31/2020,1392,3847.601377,6.153945084,45.08142857,185.95,2.51,2.545,248.856,221.753,27.21,56.85714286,20,31.90322581,FALSE,null,null,FALSE,Colombo,26.2,16.1,87.25,13.7
9/1/2020,1199,3847.601377,6.153945084,41.92681818,185.95,2.444,2.528,247.385,221.771,27.08,56.71428571,22,32,TRUE,Binara Full Moon Poya Day,null,FALSE,Colombo,25.6,20.5,90.625,14.4
9/2/2020,1199,3847.601377,6.153945084,41.92681818,185.3,2.458,2.525,246.206,221.288,27.05,56.57142857,22,31.7,FALSE,null,null,FALSE,Colombo,24.9,41.3,92.91666667,14.8
9/3/2020,1199,3847.601377,6.153945084,41.92681818,185.375,2.451,2.525,245.926,219.518,27.04,56.42857143,22,31.4,FALSE,null,null,FALSE,Colombo,26.3,6.1,88.33333333,16.1
9/4/2020,1199,3847.601377,6.153945084,41.92681818,185.15,2.433,2.515,243.344,219.562,27.04,56.28571429,22,31.1,FALSE,null,null,FALSE,Colombo,26.9,2.4,86.70833333,15.5
9/5/2020,1259,3847.601377,6.153945084,41.92681818,null,null,null,null,null,null,56.14285714,22,30.8,FALSE,null,null,FALSE,Colombo,26,16.4,89.54166667,17.1
9/6/2020,1318,3847.601377,6.153945084,41.92681818,null,null,null,null,null,null,56,22,30.5,FALSE,null,null,FALSE,Colombo,25.6,34.9,89.25,29.1
9/7/2020,1139,3847.601377,6.153945084,41.92681818,184.8,2.409,2.498,239.259,219.044,26.9,55.71428571,22,30.2,FALSE,null,null,FALSE,Colombo,26.2,1.7,84.58333333,15.7
9/8/2020,1199,3847.601377,6.153945084,41.92681818,184.3,2.444,2.514,239.757,218.26,26.97,55.42857143,22,29.9,FALSE,null,null,FALSE,Colombo,26.8,7.9,86.5,17.3
9/9/2020,1199,3847.601377,6.153945084,41.92681818,184.4,2.452,2.515,236.54,216.954,27.02,55.14285714,22,29.6,FALSE,null,null,FALSE,Colombo,25.6,34.9,89.625,20.4
9/10/2020,1199,3847.601377,6.153945084,41.92681818,184.725,2.459,2.511,236.077,217.57,26.98,54.85714286,22,29.3,FALSE,null,null,FALSE,Colombo,26.5,6.9,87.29166667,21.1
9/11/2020,1199,3847.601377,6.153945084,41.92681818,184.5,2.442,2.51,236.738,218.186,27.04,54.57142857,22,29,FALSE,null,null,FALSE,Colombo,26.8,2.9,84.66666667,20.3
9/12/2020,1259,3847.601377,6.153945084,41.92681818,null,null,null,null,null,null,54.28571429,22,28.7,FALSE,null,null,FALSE,Colombo,26.3,8.6,87.95833333,19.9
9/13/2020,1318,3847.601377,6.153945084,41.92681818,null,null,null,null,null,null,54,22,28.4,FALSE,null,null,FALSE,Colombo,26,9.6,89,16.1
9/14/2020,1139,3847.601377,6.153945084,41.92681818,184.275,2.453,2.503,237.655,218.481,27.17,53.85714286,22,28.1,FALSE,null,null,FALSE,Colombo,26.3,11.2,87.04166667,17.1
9/15/2020,1199,3847.601377,6.153945084,41.92681818,184.4,2.46,2.514,239.89,218.609,27.37,53.71428571,22,27.8,FALSE,null,null,FALSE,Colombo,26.3,7.7,88.08333333,14.5
9/16/2020,1192,3847.601377,6.153945084,41.92681818,185,2.458,2.513,240.043,218.303,27.33,53.57142857,22,27.5,FALSE,null,null,FALSE,Colombo,26.5,5.7,88.83333333,15.1
9/17/2020,1199,3847.601377,6.153945084,41.92681818,185.025,2.446,2.522,239.601,218.441,27.39,53.42857143,22,27.2,FALSE,null,null,FALSE,Colombo,26.7,5.7,86.16666667,21.1
9/18/2020,1199,3847.601377,6.153945084,41.92681818,185.5,2.418,2.52,237.724,219.17,27.25,53.28571429,22,26.9,FALSE,null,null,FALSE,Colombo,26,32.2,87.41666667,25.6
9/19/2020,1259,3847.601377,6.153945084,41.92681818,null,null,null,null,null,null,53.14285714,22,26.6,FALSE,null,null,FALSE,Colombo,26.8,9.2,84.58333333,25.7
9/20/2020,1318,3847.601377,6.153945084,41.92681818,null,null,null,null,null,null,53,22,26.3,FALSE,null,null,FALSE,Colombo,26.1,10.1,89.54166667,26.8
9/21/2020,1139,3847.601377,6.153945084,41.92681818,185.49,2.429,2.52,236.038,219.517,27.32,53.28571429,22,26,FALSE,null,null,FALSE,Colombo,26,8.8,89.25,20.1
9/22/2020,1199,3847.601377,6.153945084,41.92681818,185.375,2.397,2.511,235.331,218.28,27.13,53.57142857,22,25.7,FALSE,null,null,FALSE,Colombo,25.9,17.7,88.54166667,20.3
9/23/2020,1199,3847.601377,6.153945084,41.92681818,184.95,2.394,2.504,236.085,216.912,27.1,53.85714286,22,25.4,FALSE,null,null,FALSE,Colombo,26.5,6.9,86.20833333,19.1
9/24/2020,1199,3847.601377,6.153945084,41.92681818,185.15,2.367,2.513,236.211,215.458,27.13,54.14285714,22,25.1,FALSE,null,null,FALSE,Colombo,26.2,8.7,88.29166667,13
9/25/2020,1199,3847.601377,6.153945084,41.92681818,185.3,2.359,2.529,239.47,216.049,27.39,54.42857143,22,24.8,FALSE,null,null,FALSE,Colombo,25.8,15.9,90.25,15.3
9/26/2020,1259,3847.601377,6.153945084,41.92681818,null,null,null,null,null,null,54.71428571,22,24.5,FALSE,null,null,FALSE,Colombo,26.3,8.5,88.29166667,14.8
9/27/2020,1318,3847.601377,6.153945084,41.92681818,null,null,null,null,null,null,55,22,24.2,FALSE,null,null,FALSE,Colombo,26.6,1.6,86.875,15.3
9/28/2020,1139,3847.601377,6.153945084,41.92681818,185.3,2.337,2.509,238.159,215.388,27.15,52,22,23.9,FALSE,null,null,FALSE,Colombo,26.3,8.5,88.29166667,13.3
9/29/2020,1199,3847.601377,6.153945084,41.92681818,185.15,2.377,2.513,239.03,217.658,27.22,49,22,23.6,FALSE,null,null,FALSE,Colombo,25.8,21.1,88.83333333,18.8
9/30/2020,1199,3847.601377,6.153945084,41.92681818,185,2.384,2.525,238.484,217.344,27.22,46,22,23.3,FALSE,null,null,FALSE,Colombo,25.8,14.2,89.125,18.4
10/1/2020,1159,3847.601377,6.153945084,41.60681818,185,2.354,2.516,238.716,216.666,27.15,43,16,23,TRUE,Adhi Vap Full Moon Poya Day,null,FALSE,Colombo,27.2,1,80.45833333,21.6
10/2/2020,1159,3847.601377,6.153945084,41.60681818,184.5,2.358,2.525,239.731,217.202,27.19,40,16,22.93548387,FALSE,null,null,FALSE,Colombo,26.9,4.2,82.54166667,22.5
10/3/2020,1217,3847.601377,6.153945084,41.60681818,null,null,null,null,null,null,37,16,22.87096774,FALSE,null,null,FALSE,Colombo,27,3.1,82.75,23
10/4/2020,1274,3847.601377,6.153945084,41.60681818,null,null,null,null,null,null,34,16,22.80645161,FALSE,null,null,FALSE,Colombo,27.1,2.6,80.70833333,20.9
10/5/2020,1101,3847.601377,6.153945084,41.60681818,184.7,2.351,2.513,237.747,216.006,27.17,33.71428571,16,22.74193548,FALSE,null,null,FALSE,Colombo,26.6,0.6,83.58333333,18
10/6/2020,1159,3847.601377,6.153945084,41.60681818,184.6,2.357,2.514,238.31,217.536,27.15,33.42857143,16,22.67741935,FALSE,null,null,FALSE,Colombo,26.7,2.4,84.04166667,20.9
10/7/2020,1159,3847.601377,6.153945084,41.60681818,184.45,2.375,2.512,238.263,216.514,27.11,33.14285714,16,22.61290323,FALSE,null,null,FALSE,Colombo,26.9,1.7,81.83333333,18.7
10/8/2020,1159,3847.601377,6.153945084,41.60681818,184.2,2.396,2.522,240.409,216.854,27.51,32.85714286,16,22.5483871,FALSE,null,null,FALSE,Colombo,27.1,2.8,81.875,18.7
10/9/2020,1159,3847.601377,6.153945084,41.60681818,184.25,2.385,2.511,240.663,216.524,27.3,32.57142857,16,22.48387097,FALSE,null,null,FALSE,Colombo,26.4,5.2,86.79166667,18.9
10/10/2020,1217,3847.601377,6.153945084,41.60681818,null,null,null,null,null,null,32.28571429,16,22.41935484,FALSE,null,null,FALSE,Colombo,27.2,3.5,81.41666667,22.8
10/11/2020,1274,3847.601377,6.153945084,41.60681818,null,null,null,null,null,null,32,16,22.35483871,FALSE,null,null,FALSE,Colombo,26.4,13.6,87.45833333,23
10/12/2020,1101,3847.601377,6.153945084,41.60681818,184.225,2.388,2.511,238.531,217.798,27.32,32.14285714,16,22.29032258,FALSE,null,null,FALSE,Colombo,27,3.5,84.45833333,24.4
10/13/2020,1159,3847.601377,6.153945084,41.60681818,184.4,2.368,2.52,240.383,217.595,27.49,32.28571429,16,22.22580645,FALSE,null,null,FALSE,Colombo,27.4,6.8,81.25,28
10/14/2020,1159,3847.601377,6.153945084,41.60681818,184.725,2.361,2.512,238.356,216.501,27.42,32.42857143,16,22.16129032,FALSE,null,null,FALSE,Colombo,26.6,11.5,87.25,27.9
10/15/2020,1159,3847.601377,6.153945084,41.60681818,184.55,2.369,2.508,238,216.89,27.5,32.57142857,16,22.09677419,FALSE,null,null,FALSE,Colombo,26.5,7.6,87.83333333,24.1
10/16/2020,1151,3847.601377,6.153945084,41.60681818,184.275,2.362,2.513,238.747,215.976,27.58,32.71428571,16,22.03225806,FALSE,null,null,FALSE,Colombo,26.7,2.9,86.45833333,21.6
10/17/2020,1217,3847.601377,6.153945084,41.60681818,null,null,null,null,null,null,32.85714286,16,21.96774194,FALSE,null,null,FALSE,Colombo,26.7,2.8,82.375,19.2
10/18/2020,1274,3847.601377,6.153945084,41.60681818,null,null,null,null,null,null,33,16,21.90322581,FALSE,null,null,FALSE,Colombo,26.9,1.3,83.29166667,17.7
10/19/2020,1101,3847.601377,6.153945084,41.60681818,184.375,2.384,2.512,238.9,215.846,27.63,32.42857143,16,21.83870968,FALSE,null,null,FALSE,Colombo,27.1,2.6,83.95833333,18.6
10/20/2020,1159,3847.601377,6.153945084,41.60681818,184.55,2.395,2.503,242.364,216.906,27.7,31.85714286,16,21.77419355,FALSE,null,null,FALSE,Colombo,27.2,1.9,79.91666667,21.6
10/21/2020,1159,3847.601377,6.153945084,41.60681818,184.3,2.396,2.502,241.26,218.079,27.57,31.28571429,16,21.70967742,FALSE,null,null,FALSE,Colombo,26.9,2.5,84.58333333,20.8
10/22/2020,1159,3847.601377,6.153945084,41.60681818,184.4,2.414,2.495,240.429,218.484,27.55,30.71428571,16,21.64516129,FALSE,null,null,FALSE,Colombo,26.8,5.5,86.375,21.7
10/23/2020,1159,3847.601377,6.153945084,41.60681818,184.35,2.407,2.491,240.098,217.846,27.46,30.14285714,16,21.58064516,FALSE,null,null,FALSE,Colombo,27,1.9,84.625,18
10/24/2020,1217,3847.601377,6.153945084,41.60681818,null,null,null,null,null,null,29.57142857,16,21.51612903,FALSE,null,null,FALSE,Colombo,26.7,3.9,85.75,14.8
10/25/2020,1274,3847.601377,6.153945084,41.60681818,null,null,null,null,null,null,29,16,21.4516129,FALSE,null,null,FALSE,Colombo,26.6,1.7,88,13
10/26/2020,1101,3847.601377,6.153945084,41.60681818,184.35,2.385,2.503,240.475,218.561,27.48,28.71428571,16,21.38709677,FALSE,null,null,FALSE,Colombo,26.5,3.4,88.33333333,13.4
10/27/2020,1159,3847.601377,6.153945084,41.60681818,184.35,2.329,2.484,239.402,217.603,27.38,28.42857143,16,21.32258065,FALSE,null,null,FALSE,Colombo,26.7,1.3,85.95833333,11.7
10/28/2020,1159,3847.601377,6.153945084,41.60681818,184.325,2.327,2.477,238.287,217.382,27.43,28.14285714,16,21.25806452,FALSE,null,null,FALSE,Colombo,26.6,2.1,86.83333333,13.3
10/29/2020,1159,3847.601377,6.153945084,41.60681818,184.325,2.321,2.471,238.572,216.46,27.53,27.85714286,16,21.19354839,FALSE,null,null,FALSE,Colombo,26.3,3.4,90.08333333,11.6
10/30/2020,1159,3847.601377,6.153945084,41.60681818,184.325,2.285,2.475,238.37,215.093,27.56,27.57142857,16,21.12903226,TRUE,Prophet's Birthday; Vap Full Moon Poya Day,null,FALSE,Colombo,26.5,1.3,87.5,15.8
10/31/2020,1217,3847.601377,6.153945084,41.60681818,null,null,null,null,null,null,27.28571429,16,21.06451613,FALSE,null,null,FALSE,Colombo,26.8,0.5,85.25,15.3
11/1/2020,1755,3847.601377,6.153945084,44.05,null,null,null,null,null,null,27,15,21,FALSE,null,null,FALSE,Colombo,26.8,0.9,86.29166667,13.8
11/2/2020,1516,3847.601377,6.153945084,44.05,184.525,2.323,2.469,240.761,214.596,27.59,27.42857143,15,21.13333333,FALSE,null,null,FALSE,Colombo,27.1,0,82.91666667,13.8
11/3/2020,1596,3847.601377,6.153945084,44.05,184.35,2.372,2.478,239.49,214.681,27.68,27.85714286,15,21.26666667,FALSE,null,null,FALSE,Colombo,27.2,0.6,82.66666667,13.3
11/4/2020,1596,3847.601377,6.153945084,44.05,184.4,2.397,2.495,242.502,215.834,27.9,28.28571429,15,21.4,FALSE,null,null,FALSE,Colombo,26.6,0.3,85.33333333,10.8
11/5/2020,1596,3847.601377,6.153945084,44.05,184.475,2.376,2.493,242.723,216.055,27.88,28.71428571,15,21.53333333,FALSE,null,null,FALSE,Colombo,26.1,10.9,86.5,13
11/6/2020,1596,3847.601377,6.153945084,44.05,184.475,2.413,2.491,242.867,218.149,27.82,29.14285714,15,21.66666667,FALSE,null,null,FALSE,Colombo,26.1,21.1,87.91666667,10.6
11/7/2020,1675,3847.601377,6.153945084,44.05,null,null,null,null,null,null,29.57142857,15,21.8,FALSE,null,null,FALSE,Colombo,26.4,1,87.70833333,11.5
11/8/2020,1755,3847.601377,6.153945084,44.05,null,null,null,null,null,null,30,15,21.93333333,FALSE,null,null,FALSE,Colombo,25.9,9.3,90.20833333,9.1
11/9/2020,1516,3847.601377,6.153945084,44.05,184.5,2.407,2.483,244.902,218.979,27.88,30.14285714,15,22.06666667,FALSE,null,null,FALSE,Colombo,25.9,8.7,88.20833333,15.5
11/10/2020,1596,3847.601377,6.153945084,44.05,184.525,2.393,2.478,244.064,217.854,27.83,30.28571429,15,22.2,FALSE,null,null,FALSE,Colombo,25.6,11.7,89.375,17.2
11/11/2020,1596,3847.601377,6.153945084,44.05,184.575,2.38,2.471,242.122,217.968,27.9,30.42857143,15,22.33333333,FALSE,null,null,FALSE,Colombo,25.8,24.1,89.33333333,13.7
11/12/2020,1596,3847.601377,6.153945084,44.05,184.6,2.379,2.475,243.517,217.345,27.93,30.57142857,15,22.46666667,FALSE,null,null,FALSE,Colombo,25.8,28,90.75,10.2
11/13/2020,1596,3847.601377,6.153945084,44.05,184.65,2.423,2.486,244.249,217.843,28.07,30.71428571,15,22.6,FALSE,null,null,FALSE,Colombo,26.2,27.1,89.125,12.2
11/14/2020,1675,3847.601377,6.153945084,44.05,null,null,null,null,null,null,30.85714286,15,22.73333333,TRUE,Deepavali Festival Day,null,FALSE,Colombo,26.1,9.6,90.08333333,11.6
11/15/2020,1755,3847.601377,6.153945084,44.05,null,null,null,null,null,null,31,15,22.86666667,FALSE,null,null,FALSE,Colombo,26.3,11.8,89.75,11.9
11/16/2020,1510,3847.601377,6.153945084,44.05,185.1,2.425,2.485,245.298,218.419,28.23,31.57142857,15,23,FALSE,null,null,FALSE,Colombo,25.9,14.8,90.41666667,7.4
11/17/2020,1596,3847.601377,6.153945084,44.05,185.2,2.428,2.491,245.101,219.162,28.14,32.14285714,15,23.13333333,FALSE,null,null,FALSE,Colombo,25.5,16.1,91.95833333,11.5
11/18/2020,1596,3847.601377,6.153945084,44.05,184.675,2.419,2.495,245.39,219.547,28.07,32.71428571,15,23.26666667,FALSE,null,null,FALSE,Colombo,26.3,6.1,86.29166667,17.7
11/19/2020,1596,3847.601377,6.153945084,44.05,185.025,2.425,2.496,245.954,218.847,28.18,33.28571429,15,23.4,FALSE,null,null,FALSE,Colombo,26,3.1,88.41666667,12.7
11/20/2020,1596,3847.601377,6.153945084,44.05,185.15,2.431,2.494,246.894,219.532,28.12,33.85714286,15,23.53333333,FALSE,null,null,FALSE,Colombo,26,116.8,87.08333333,14.1
11/21/2020,1675,3847.601377,6.153945084,44.05,null,null,null,null,null,null,34.42857143,15,23.66666667,FALSE,null,null,FALSE,Colombo,26.4,28.4,85.45833333,15.1
11/22/2020,1755,3847.601377,6.153945084,44.05,null,null,null,null,null,null,35,15,23.8,FALSE,null,null,FALSE,Colombo,25.9,5.4,83.16666667,18.7
11/23/2020,1516,3847.601377,6.153945084,44.05,185.3,2.455,2.503,247.999,219.281,28.12,35.14285714,15,23.93333333,FALSE,null,null,FALSE,Colombo,25.4,4,81.125,17.4
11/24/2020,1596,3847.601377,6.153945084,44.05,185.6,2.451,2.515,248.608,219.277,28.19,35.28571429,15,24.06666667,FALSE,null,null,FALSE,Colombo,25.7,5,89.45833333,20.8
11/25/2020,1596,3847.601377,6.153945084,44.05,185.75,2.44,2.504,247.266,220.441,28.11,35.42857143,15,24.2,FALSE,null,null,FALSE,Colombo,26.1,5.6,87.95833333,15.3
11/26/2020,1596,3847.601377,6.153945084,44.05,185.1,2.425,2.504,246.746,221.105,28.14,35.57142857,15,24.33333333,FALSE,null,Lanka Premier League (Cricket),TRUE,Colombo,26.5,0.8,84.625,17.2
11/27/2020,1596,3847.601377,6.153945084,44.05,185.3,2.421,2.506,247.541,220.253,28.18,35.71428571,15,24.46666667,FALSE,null,Lanka Premier League (Cricket),TRUE,Colombo,26.2,0.1,86.29166667,13.8
11/28/2020,1675,3847.601377,6.153945084,44.05,null,null,null,null,null,null,35.85714286,15,24.6,FALSE,null,Lanka Premier League (Cricket),TRUE,Colombo,26.1,0.4,85.25,10.8
11/29/2020,1755,3847.601377,6.153945084,44.05,null,null,null,null,null,null,36,15,24.73333333,TRUE,Il Full Moon Poya Day,Lanka Premier League (Cricket),TRUE,Colombo,26.7,1.9,83.54166667,15.9
11/30/2020,1516,3847.601377,6.153945084,44.05,185.8,2.442,2.529,249.614,221.476,28.28,36.28571429,15,24.86666667,FALSE,null,Lanka Premier League (Cricket),TRUE,Colombo,27.1,0,79.29166667,17.8
12/1/2020,2089,3847.601377,6.153945084,50.37695652,186.05,2.467,2.514,248.255,221.264,28.26,36.57142857,17,25,FALSE,null,Lanka Premier League (Cricket),TRUE,Colombo,26.7,0.4,79.16666667,20.5
12/2/2020,2089,3847.601377,6.153945084,50.37695652,185.75,2.492,2.515,250.087,224.381,28.39,36.85714286,17,25.19354839,FALSE,null,Lanka Premier League (Cricket),TRUE,Colombo,25,29.9,89.29166667,28.4
12/3/2020,2089,3847.601377,6.153945084,50.37695652,186,2.499,2.514,249.504,224.696,28.39,37.14285714,17,25.38709677,FALSE,null,Lanka Premier League (Cricket),TRUE,Colombo,26.8,4.1,82.54166667,25.2
12/4/2020,2089,3847.601377,6.153945084,50.37695652,185.65,2.525,2.522,249.376,225.598,28.53,37.42857143,17,25.58064516,FALSE,null,Lanka Premier League (Cricket),TRUE,Colombo,26.6,4.1,84.91666667,19.2
12/5/2020,2193,3847.601377,6.153945084,50.37695652,null,null,null,null,null,null,37.71428571,17,25.77419355,FALSE,null,Lanka Premier League (Cricket),TRUE,Colombo,26,9.4,88.5,17.9
12/6/2020,2298,3847.601377,6.153945084,50.37695652,null,null,null,null,null,null,38,17,25.96774194,FALSE,null,Lanka Premier League (Cricket),TRUE,Colombo,25.8,0.6,86.58333333,11.2
12/7/2020,1984,3847.601377,6.153945084,50.37695652,186.4,2.53,2.524,248.804,224.826,28.47,38.14285714,17,26.16129032,FALSE,null,Lanka Premier League (Cricket),TRUE,Colombo,26.2,0.1,83.75,11.3
12/8/2020,2089,3847.601377,6.153945084,50.37695652,186.3,2.516,2.517,248.935,225.553,28.35,38.28571429,17,26.35483871,FALSE,null,Lanka Premier League (Cricket),TRUE,Colombo,26,2.6,87.04166667,9.7
12/9/2020,2089,3847.601377,6.153945084,50.37695652,185.8,2.542,2.519,247.079,225.2,28.38,38.42857143,17,26.5483871,FALSE,null,Lanka Premier League (Cricket),TRUE,Colombo,26.1,4,88.04166667,9
12/10/2020,2089,3847.601377,6.153945084,50.37695652,185.85,2.543,2.528,246.845,224.205,28.47,38.57142857,17,26.74193548,FALSE,null,Lanka Premier League (Cricket),TRUE,Colombo,26.2,2.3,87.20833333,11.9
12/11/2020,2089,3847.601377,6.153945084,50.37695652,186.65,2.525,2.538,249.359,225.487,28.52,38.71428571,17,26.93548387,FALSE,null,Lanka Premier League (Cricket),TRUE,Colombo,26.1,0,82.04166667,17.2
12/12/2020,2193,3847.601377,6.153945084,50.37695652,null,null,null,null,null,null,38.85714286,17,27.12903226,FALSE,null,Lanka Premier League (Cricket),TRUE,Colombo,25.9,0.3,81.125,17.3
12/13/2020,2298,3847.601377,6.153945084,50.37695652,null,null,null,null,null,null,39,17,27.32258065,FALSE,null,Lanka Premier League (Cricket),TRUE,Colombo,25.7,0,79.16666667,17.3
12/14/2020,1984,3847.601377,6.153945084,50.37695652,187.15,2.542,2.538,251.682,225.749,28.55,39.14285714,17,27.51612903,FALSE,null,Lanka Premier League (Cricket),TRUE,Colombo,25.6,0,76.79166667,20.7
12/15/2020,2089,3847.601377,6.153945084,50.37695652,186.95,2.545,2.538,252.57,226.953,28.61,39.28571429,17,27.70967742,FALSE,null,Lanka Premier League (Cricket),TRUE,Colombo,25.1,0,78.91666667,14.4
12/16/2020,2087,3847.601377,6.153945084,50.37695652,186.95,2.558,2.541,254.157,226.859,28.59,39.42857143,17,27.90322581,FALSE,null,Lanka Premier League (Cricket),TRUE,Colombo,25.6,2.5,84.54166667,8.3
12/17/2020,2089,3847.601377,6.153945084,50.37695652,187.1,2.544,2.548,253.876,227.962,28.67,39.57142857,17,28.09677419,FALSE,null,null,FALSE,Colombo,25.5,1.6,86.33333333,10.8
12/18/2020,2089,3847.601377,6.153945084,50.37695652,187.75,2.508,2.534,253.122,229.129,28.63,39.71428571,17,28.29032258,FALSE,null,null,FALSE,Colombo,25.4,8.7,88.29166667,10.6
12/19/2020,2193,3847.601377,6.153945084,50.37695652,null,null,null,null,null,null,39.85714286,17,28.48387097,FALSE,null,null,FALSE,Colombo,25.8,2.3,87.33333333,11.4
12/20/2020,2298,3847.601377,6.153945084,50.37695652,null,null,null,null,null,null,40,17,28.67741935,FALSE,null,null,FALSE,Colombo,25.5,8.9,85.66666667,20.1
12/21/2020,1984,3847.601377,6.153945084,50.37695652,187.95,2.486,2.559,252.876,229.781,28.88,42.71428571,17,28.87096774,FALSE,null,null,FALSE,Colombo,24.6,8.4,88.625,24.1
12/22/2020,2089,3847.601377,6.153945084,50.37695652,189.25,2.529,2.575,256.724,229.641,29.05,45.42857143,17,29.06451613,FALSE,null,null,FALSE,Colombo,24.4,8.3,92.375,13.7
12/23/2020,2089,3847.601377,6.153945084,50.37695652,190.25,2.555,2.577,257.13,229.843,29.03,48.14285714,17,29.25806452,FALSE,null,null,FALSE,Colombo,25.2,5.1,89.125,17.9
12/24/2020,2089,3847.601377,6.153945084,50.37695652,189.75,2.558,2.58,257.111,231.515,28.98,50.85714286,17,29.4516129,FALSE,null,null,FALSE,Colombo,25.4,1.5,87.58333333,14.2
12/25/2020,2089,3847.601377,6.153945084,50.37695652,189.75,2.531,2.549,252.879,231.028,28.67,53.57142857,17,29.64516129,TRUE,Christmas Day,null,FALSE,Colombo,26,0,81.29166667,17.5
12/26/2020,2193,3847.601377,6.153945084,50.37695652,null,null,null,null,null,null,56.28571429,17,29.83870968,FALSE,null,null,FALSE,Colombo,25.6,1.2,79.79166667,19.7
12/27/2020,2298,3847.601377,6.153945084,50.37695652,null,null,null,null,null,null,59,17,30.03225806,FALSE,null,null,FALSE,Colombo,25,2.3,85.83333333,21.5
12/28/2020,1984,3847.601377,6.153945084,50.37695652,188,2.529,2.554,253.829,231.388,28.71,58.14285714,17,30.22580645,FALSE,null,null,FALSE,Colombo,25.3,25.9,88.83333333,20.1
12/29/2020,2089,3847.601377,6.153945084,50.37695652,188,2.481,2.529,252.735,229.031,28.35,57.28571429,17,30.41935484,TRUE,Unduvap Full Moon Poya Day,null,FALSE,Colombo,25.3,4.6,88.75,11.1
12/30/2020,2089,3847.601377,6.153945084,50.37695652,185.5,2.491,2.532,253.339,229.631,28.34,56.42857143,17,30.61290323,FALSE,null,null,FALSE,Colombo,25.7,0.4,89.08333333,12.7
12/31/2020,2089,3847.601377,6.153945084,50.37695652,185.25,2.51,2.543,255.002,227.458,28.49,55.57142857,17,30.80645161,FALSE,null,null,FALSE,Colombo,25.2,12,91.70833333,11.7
1/1/2021,531,3996.9624,7.014780712,55.2247619,186.5,2.509,2.545,253.787,225.941,28.78,54.71428571,18,31,FALSE,null,null,FALSE,Colombo,25,4.7,89.125,14
1/2/2021,557,3996.9624,7.014780712,55.2247619,null,null,null,null,null,null,53.85714286,18,31,FALSE,null,null,FALSE,Colombo,25.9,1.5,81.83333333,15.5
1/3/2021,584,3996.9624,7.014780712,55.2247619,null,null,null,null,null,null,53,18,31,FALSE,null,null,FALSE,Colombo,25.6,4.3,88.45833333,8.8
1/4/2021,504,3996.9624,7.014780712,55.2247619,187,2.536,2.564,256.823,225.748,29.04,53.57142857,18,31,FALSE,null,null,FALSE,Colombo,25.3,1.6,90.33333333,8.8
1/5/2021,531,3996.9624,7.014780712,55.2247619,188.5,2.55,2.563,256.529,227.813,29.01,54.14285714,18,31,FALSE,null,null,FALSE,Colombo,25.3,6.4,91,12.7
1/6/2021,531,3996.9624,7.014780712,55.2247619,188.5,2.516,2.546,255.032,230.55,28.87,54.71428571,18,31,FALSE,null,null,FALSE,Colombo,25.3,7.4,90.625,11.8
1/7/2021,531,3996.9624,7.014780712,55.2247619,188,2.538,2.549,255.022,231.094,28.88,55.28571429,18,31,FALSE,null,null,FALSE,Colombo,26,0.5,87.16666667,11.2
1/8/2021,531,3996.9624,7.014780712,55.2247619,188,2.528,2.558,255.481,229.449,29,55.85714286,18,31,FALSE,null,null,FALSE,Colombo,25.2,35.1,90.54166667,12
1/9/2021,557,3996.9624,7.014780712,55.2247619,null,null,null,null,null,null,56.42857143,18,31,FALSE,null,null,FALSE,Colombo,25.5,7.5,91.04166667,9.1
1/10/2021,584,3996.9624,7.014780712,55.2247619,null,null,null,null,null,null,57,18,31,FALSE,null,null,FALSE,Colombo,25.1,10.1,90.04166667,12
1/11/2021,504,3996.9624,7.014780712,55.2247619,189,2.569,2.581,259.673,228.477,29.23,57.14285714,18,31,FALSE,null,null,FALSE,Colombo,24.8,18.6,91.5,20.3
1/12/2021,531,3996.9624,7.014780712,55.2247619,190,2.59,2.617,262.551,228.401,29.61,57.28571429,18,31,FALSE,null,null,FALSE,Colombo,25.2,10.2,89.83333333,8.5
1/13/2021,531,3996.9624,7.014780712,55.2247619,192.5,2.626,2.62,263.514,230.675,29.57,57.42857143,18,31,FALSE,null,null,FALSE,Colombo,25,108.5,91.83333333,18.1
1/14/2021,531,3996.9624,7.014780712,55.2247619,192.5,2.612,2.632,262.249,232.807,29.7,57.57142857,18,31,TRUE,Tamil Thai Pongal Day,Galle Music Festival,TRUE,Colombo,25.3,20.4,89.58333333,10.2
1/15/2021,531,3996.9624,7.014780712,55.2247619,193,2.592,2.623,261.54,232.787,29.56,57.71428571,18,31,FALSE,null,Galle Music Festival,TRUE,Colombo,24.7,7.5,92.16666667,7.4
1/16/2021,559,3996.9624,7.014780712,55.2247619,null,null,null,null,null,null,57.85714286,18,31,FALSE,null,Galle Music Festival,TRUE,Colombo,25,3.2,91.33333333,9.8
1/17/2021,584,3996.9624,7.014780712,55.2247619,null,null,null,null,null,null,58,18,31,FALSE,null,null,FALSE,Colombo,25.3,0.2,89.45833333,12.3
1/18/2021,504,3996.9624,7.014780712,55.2247619,192.5,2.595,2.623,262.709,232.502,29.63,58,18,31,FALSE,null,null,FALSE,Colombo,25.1,2.9,85.66666667,18
1/19/2021,531,3996.9624,7.014780712,55.2247619,192.75,2.651,2.674,266.956,231.859,30.15,58,18,31,FALSE,null,null,FALSE,Colombo,25.2,0,81.29166667,19
1/20/2021,531,3996.9624,7.014780712,55.2247619,195.5,2.626,2.679,269.177,232.819,30.24,58,18,31,FALSE,null,null,FALSE,Colombo,25.8,0,82.79166667,20
1/21/2021,531,3996.9624,7.014780712,55.2247619,196,2.611,2.699,270.641,236.028,30.39,58,18,31,FALSE,null,null,FALSE,Colombo,25.7,1.8,90.16666667,11.9
1/22/2021,531,3996.9624,7.014780712,55.2247619,197.75,2.612,2.699,270.092,237.767,30.4,58,18,31,FALSE,null,null,FALSE,Colombo,25.8,0.9,88.625,15
1/23/2021,557,3996.9624,7.014780712,55.2247619,null,null,null,null,null,null,58,18,31,FALSE,null,null,FALSE,Colombo,26,0.1,85.41666667,11.7
1/24/2021,584,3996.9624,7.014780712,55.2247619,null,null,null,null,null,null,58,18,31,FALSE,null,null,FALSE,Colombo,25.6,0,79.08333333,15
1/25/2021,504,3996.9624,7.014780712,55.2247619,197.5,2.594,2.674,268.598,239.69,30.15,58.71428571,18,31,FALSE,null,null,FALSE,Colombo,25.7,1.4,77.83333333,18.8
1/26/2021,531,3996.9624,7.014780712,55.2247619,195.5,2.531,2.631,263.456,239.099,29.65,59.42857143,18,31,FALSE,null,null,FALSE,Colombo,25.1,0,68.04166667,17.6
1/27/2021,531,3996.9624,7.014780712,55.2247619,192.5,2.521,2.635,264.13,237.081,29.81,60.14285714,18,31,FALSE,null,null,FALSE,Colombo,25.5,0,68.66666667,20.1
1/28/2021,531,3996.9624,7.014780712,55.2247619,192.5,2.51,2.612,261.347,232.815,29.62,60.85714286,18,31,TRUE,Duruthu Full Moon Poya Day,null,FALSE,Colombo,26.1,0.4,70.04166667,18.9
1/29/2021,531,3996.9624,7.014780712,55.2247619,190.75,2.54,2.646,265.062,233.026,29.91,61.57142857,18,31,FALSE,null,null,FALSE,Colombo,25.8,1.6,79.41666667,17.1
1/30/2021,557,3996.9624,7.014780712,55.2247619,null,null,null,null,null,null,62.28571429,18,31,FALSE,null,null,FALSE,Colombo,25.4,6.4,88.79166667,8.2
1/31/2021,584,3996.9624,7.014780712,55.2247619,null,null,null,null,null,null,63,18,31,FALSE,null,null,FALSE,Colombo,25.4,17.3,89.125,14.5
2/1/2021,529,3996.9624,7.014780712,62.3625,194,2.537,2.653,265.14,231.191,29.96,62.57142857,18,31,FALSE,null,null,FALSE,Colombo,25.9,4.3,83.75,18.9
2/2/2021,557,3996.9624,7.014780712,62.3625,194,2.538,2.65,264.05,233.342,29.87,62.14285714,18,31.07142857,FALSE,null,null,FALSE,Colombo,26.2,2.6,83.20833333,17.1
2/3/2021,557,3996.9624,7.014780712,62.3625,193.5,2.552,2.645,264.554,232.993,29.82,61.71428571,18,31.14285714,FALSE,null,null,FALSE,Colombo,26.5,0.3,74.70833333,19.5
2/4/2021,557,3996.9624,7.014780712,62.3625,193.5,2.582,2.65,265.773,232.237,29.84,61.28571429,18,31.21428571,TRUE,Independence Day,null,FALSE,Colombo,26.5,0,68.875,22.8
2/5/2021,557,3996.9624,7.014780712,62.3625,193.5,2.611,2.667,267.93,230.867,30.14,60.85714286,18,31.28571429,FALSE,null,null,FALSE,Colombo,26.1,0,70.66666667,19.6
2/6/2021,585,3996.9624,7.014780712,62.3625,null,null,null,null,null,null,60.42857143,18,31.35714286,FALSE,null,null,FALSE,Colombo,26.2,1.1,76.33333333,16.6
2/7/2021,613,3996.9624,7.014780712,62.3625,null,null,null,null,null,null,60,18,31.42857143,FALSE,null,null,FALSE,Colombo,26.2,4.4,82.33333333,21.3
2/8/2021,529,3996.9624,7.014780712,62.3625,195,2.634,2.676,270.448,232.411,30.3,60.14285714,18,31.5,FALSE,null,null,FALSE,Colombo,26.7,0.3,74.16666667,25.9
2/9/2021,557,3996.9624,7.014780712,62.3625,195.75,2.656,2.699,272.501,234.334,30.42,60.28571429,18,31.57142857,FALSE,null,null,FALSE,Colombo,26.6,0,67.5,27.2
2/10/2021,557,3996.9624,7.014780712,62.3625,197,2.622,2.661,268.03,236.282,29.94,60.42857143,18,31.64285714,FALSE,null,null,FALSE,Colombo,26,0,62.66666667,22.9
2/11/2021,557,3996.9624,7.014780712,62.3625,194,2.622,2.665,268.9,238.079,29.94,60.57142857,18,31.71428571,FALSE,null,null,FALSE,Colombo,25.1,0,68.66666667,21.3
2/12/2021,557,3996.9624,7.014780712,62.3625,194.25,2.643,2.671,270.453,234.677,30.02,60.71428571,18,31.78571429,FALSE,null,null,FALSE,Colombo,25.5,0,74.20833333,19.7
2/13/2021,585,3996.9624,7.014780712,62.3625,null,null,null,null,null,null,60.85714286,18,31.85714286,FALSE,null,null,FALSE,Colombo,26,0,78.95833333,19.9
2/14/2021,613,3996.9624,7.014780712,62.3625,null,null,null,null,null,null,61,18,31.92857143,FALSE,null,null,FALSE,Colombo,26.4,0.1,80,18.5
2/15/2021,529,3996.9624,7.014780712,62.3625,194.5,2.648,2.676,271.784,234.483,30.18,62.28571429,18,32,FALSE,null,null,FALSE,Colombo,26.6,0,78.08333333,21
2/16/2021,557,3996.9624,7.014780712,62.3625,195.5,2.647,2.683,271.826,235.283,30.25,63.57142857,18,32.07142857,FALSE,null,null,FALSE,Colombo,25.9,0,82.70833333,16.1
2/17/2021,557,3996.9624,7.014780712,62.3625,196.25,2.656,2.704,274.968,236.048,30.24,64.85714286,18,32.14285714,FALSE,null,null,FALSE,Colombo,26.3,0,81.16666667,15.8
2/18/2021,557,3996.9624,7.014780712,62.3625,196.75,2.628,2.687,274.013,235.323,30.19,66.14285714,18,32.21428571,FALSE,null,null,FALSE,Colombo,26.5,0.7,80.91666667,15.3
2/19/2021,557,3996.9624,7.014780712,62.3625,195.5,2.592,2.664,272.139,237.227,29.84,67.42857143,18,32.28571429,FALSE,null,null,FALSE,Colombo,26.4,1.2,80.41666667,16.9
2/20/2021,585,3996.9624,7.014780712,62.3625,null,null,null,null,null,null,68.71428571,18,32.35714286,FALSE,null,null,FALSE,Colombo,26.7,0.7,82.54166667,16.3
2/21/2021,613,3996.9624,7.014780712,62.3625,null,null,null,null,null,null,70,18,32.42857143,FALSE,null,null,FALSE,Colombo,26.5,1.7,82.58333333,17
2/22/2021,529,3996.9624,7.014780712,62.3625,193.5,2.604,2.666,273.068,236.282,29.83,69.71428571,18,32.5,FALSE,null,null,FALSE,Colombo,27,1.8,79.41666667,15.3
2/23/2021,557,3996.9624,7.014780712,62.3625,193.5,2.63,2.673,274.336,234.572,29.97,69.42857143,18,32.57142857,FALSE,null,null,FALSE,Colombo,27.4,0.3,79.5,16.6
2/24/2021,557,3996.9624,7.014780712,62.3625,194,2.593,2.667,272.592,234.476,30.05,69.14285714,18,32.64285714,FALSE,null,null,FALSE,Colombo,27,1.1,79.04166667,15.6
2/25/2021,557,3996.9624,7.014780712,62.3625,194.5,2.601,2.623,271.017,235.315,29.95,68.85714286,18,32.71428571,FALSE,null,null,FALSE,Colombo,26.5,0.1,82.83333333,15.9
2/26/2021,557,3996.9624,7.014780712,62.3625,194.5,2.603,2.643,270.803,236.214,30,68.57142857,18,32.78571429,TRUE,Nawam Full Moon Poya Day,null,FALSE,Colombo,26.4,0.4,82.16666667,14.8
2/27/2021,585,3996.9624,7.014780712,62.3625,null,null,null,null,null,null,68.28571429,18,32.85714286,FALSE,null,null,FALSE,Colombo,26.4,0.4,79.5,14.6
2/28/2021,613,3996.9624,7.014780712,62.3625,null,null,null,null,null,null,68,18,32.92857143,FALSE,null,null,FALSE,Colombo,26.6,1.5,80.79166667,17.9
3/1/2021,508,3996.9624,7.014780712,65.79608696,194.5,2.639,2.661,272.821,234.236,30.13,69.28571429,19,33,FALSE,null,null,FALSE,Colombo,26.7,1.8,83.83333333,16.2
3/2/2021,534,3996.9624,7.014780712,65.79608696,195.5,2.632,2.673,272.821,233.712,30.15,70.57142857,19,32.90322581,FALSE,null,null,FALSE,Colombo,26.4,0.2,77.375,20.7
3/3/2021,534,3996.9624,7.014780712,65.79608696,195.5,2.609,2.681,272.024,235.736,30.14,71.85714286,19,32.80645161,FALSE,null,null,FALSE,Colombo,25.7,1.4,78.91666667,16.7
3/4/2021,534,3996.9624,7.014780712,65.79608696,195.75,2.621,2.671,271.323,235.209,30.09,73.14285714,19,32.70967742,FALSE,null,null,FALSE,Colombo,26.7,0.2,77.875,16.7
3/5/2021,534,3996.9624,7.014780712,65.79608696,196,2.622,2.665,271.336,233.337,29.95,74.42857143,19,32.61290323,FALSE,null,null,FALSE,Colombo,27.3,0.4,75.04166667,15
3/6/2021,561,3996.9624,7.014780712,65.79608696,null,null,null,null,null,null,75.71428571,19,32.51612903,FALSE,null,null,FALSE,Colombo,27.4,1.2,78.58333333,13.8
3/7/2021,588,3996.9624,7.014780712,65.79608696,null,null,null,null,null,null,77,19,32.41935484,FALSE,null,null,FALSE,Colombo,26.7,5.8,83.04166667,13.4
3/8/2021,508,3996.9624,7.014780712,65.79608696,196.25,2.642,2.693,273.201,232.977,30.12,76.71428571,19,32.32258065,FALSE,null,null,FALSE,Colombo,26.1,17,87.58333333,15.8
3/9/2021,534,3996.9624,7.014780712,65.79608696,196.625,2.652,2.695,273.744,231.531,30.12,76.42857143,19,32.22580645,FALSE,null,null,FALSE,Colombo,26.4,1.1,83.16666667,12.8
3/10/2021,534,3996.9624,7.014780712,65.79608696,196.5,2.669,2.696,274.943,233.201,30.18,76.14285714,19,32.12903226,FALSE,null,null,FALSE,Colombo,25.9,15.4,84.08333333,16.3
3/11/2021,534,3996.9624,7.014780712,65.79608696,196.5,2.664,2.696,273.617,233.73,30.11,75.85714286,19,32.03225806,TRUE,Maha Sivarathri Day,null,FALSE,Colombo,25.9,5.5,85.83333333,12.4
3/12/2021,534,3996.9624,7.014780712,65.79608696,196.5,2.707,2.723,275.469,234.886,30.38,75.57142857,19,31.93548387,FALSE,null,null,FALSE,Colombo,26.5,3.3,84.16666667,13.7
3/13/2021,561,3996.9624,7.014780712,65.79608696,null,null,null,null,null,null,75.28571429,19,31.83870968,FALSE,null,null,FALSE,Colombo,27,2.4,83.08333333,16.1
3/14/2021,588,3996.9624,7.014780712,65.79608696,null,null,null,null,null,null,75,19,31.74193548,FALSE,null,null,FALSE,Colombo,26.6,1.8,83.29166667,11.3
3/15/2021,508,3996.9624,7.014780712,65.79608696,198.25,2.714,2.73,276.104,234.259,30.43,74.28571429,19,31.64516129,FALSE,null,null,FALSE,Colombo,26.9,0,81.91666667,12.3
3/16/2021,536,3996.9624,7.014780712,65.79608696,198.75,2.704,2.749,279.999,235.578,30.67,73.57142857,19,31.5483871,FALSE,null,null,FALSE,Colombo,26.8,5.7,82.91666667,14.2
3/17/2021,534,3996.9624,7.014780712,65.79608696,200.5,2.647,2.709,274.97,235.62,30.27,72.85714286,19,31.4516129,FALSE,null,null,FALSE,Colombo,26.6,4.5,84.70833333,11.7
3/18/2021,534,3996.9624,7.014780712,65.79608696,197.5,2.646,2.72,273.972,238.961,30.26,72.14285714,19,31.35483871,FALSE,null,null,FALSE,Colombo,26.5,0.7,80.75,13
3/19/2021,534,3996.9624,7.014780712,65.79608696,197.5,2.637,2.728,274.854,234.726,30.34,71.42857143,19,31.25806452,FALSE,null,null,FALSE,Colombo,26.4,8.6,84.95833333,9.6
3/20/2021,561,3996.9624,7.014780712,65.79608696,null,null,null,null,null,null,70.71428571,19,31.16129032,FALSE,null,null,FALSE,Colombo,26.8,0.8,84.45833333,13.5
3/21/2021,588,3996.9624,7.014780712,65.79608696,null,null,null,null,null,null,70,19,31.06451613,FALSE,null,null,FALSE,Colombo,26.2,11.5,85.04166667,12.8
3/22/2021,508,3996.9624,7.014780712,65.79608696,198.25,2.589,2.729,272.977,234.489,30.38,70.85714286,19,30.96774194,FALSE,null,null,FALSE,Colombo,26.2,3.8,86.91666667,10.8
3/23/2021,534,3996.9624,7.014780712,65.79608696,198.5,2.589,2.734,272.381,235.677,30.42,71.71428571,19,30.87096774,FALSE,null,null,FALSE,Colombo,26.3,3.1,86.79166667,15.5
3/24/2021,534,3996.9624,7.014780712,65.79608696,199,2.589,2.725,272.62,234.59,30.24,72.57142857,19,30.77419355,FALSE,null,null,FALSE,Colombo,26,4.4,87.41666667,13.4
3/25/2021,534,3996.9624,7.014780712,65.79608696,198.5,2.617,2.733,274.362,234.468,30.34,73.42857143,19,30.67741935,FALSE,null,null,FALSE,Colombo,26.1,1.5,86.75,8.9
3/26/2021,534,3996.9624,7.014780712,65.79608696,199,2.622,2.728,273.874,232.927,30.21,74.28571429,19,30.58064516,FALSE,null,null,FALSE,Colombo,26.5,7.1,84.41666667,13
3/27/2021,561,3996.9624,7.014780712,65.79608696,null,null,null,null,null,null,75.14285714,19,30.48387097,FALSE,null,null,FALSE,Colombo,26.3,35,87,10.5
3/28/2021,588,3996.9624,7.014780712,65.79608696,null,null,null,null,null,null,76,19,30.38709677,TRUE,Medin Full Moon Poya Day,null,FALSE,Colombo,25.5,53.7,88.58333333,14.8
3/29/2021,508,3996.9624,7.014780712,65.79608696,199,2.613,2.703,273.446,234.071,30.2,77.85714286,19,30.29032258,FALSE,null,null,FALSE,Colombo,25.8,2.8,85.66666667,13
3/30/2021,534,3996.9624,7.014780712,65.79608696,199,2.622,2.713,274.272,233.476,30.29,79.71428571,19,30.19354839,FALSE,null,null,FALSE,Colombo,26.7,0,84.45833333,11.6
3/31/2021,534,3996.9624,7.014780712,65.79608696,199,2.608,2.713,275.969,232.523,30.31,81.57142857,19,30.09677419,FALSE,null,null,FALSE,Colombo,27.5,2.5,85.45833333,18.2
4/1/2021,490,3996.9624,7.014780712,65.53181818,199.5,2.599,2.711,275.969,232.801,30.29,83.42857143,21,30,FALSE,null,null,FALSE,Colombo,28.1,0.8,80.70833333,16.2
4/2/2021,490,3996.9624,7.014780712,65.53181818,199.5,2.605,2.713,277.285,234.323,30.29,85.28571429,21,29.9,TRUE,Good Friday,null,FALSE,Colombo,28,1.2,83.70833333,19.2
4/3/2021,514,3996.9624,7.014780712,65.53181818,null,null,null,null,null,null,87.14285714,21,29.8,FALSE,null,null,FALSE,Colombo,27.9,0.9,80.08333333,17.7
4/4/2021,539,3996.9624,7.014780712,65.53181818,null,null,null,null,null,null,89,21,29.7,FALSE,null,null,FALSE,Colombo,27.1,0,81.625,13
4/5/2021,465,3996.9624,7.014780712,65.53181818,199.5,2.581,2.715,276.846,234.064,30.5,90.42857143,21,29.6,FALSE,null,null,FALSE,Colombo,28.2,0,81,12.9
4/6/2021,490,3996.9624,7.014780712,65.53181818,200.25,2.597,2.689,275.751,235.039,30.56,91.85714286,21,29.5,FALSE,null,null,FALSE,Colombo,27.7,2,85.58333333,13.8
4/7/2021,490,3996.9624,7.014780712,65.53181818,200.75,2.597,2.688,276.064,236.906,30.6,93.28571429,21,29.4,FALSE,null,null,FALSE,Colombo,26.9,2.9,83.625,15.1
4/8/2021,490,3996.9624,7.014780712,65.53181818,201,2.59,2.686,275.894,237.4,30.63,94.71428571,21,29.3,FALSE,null,null,FALSE,Colombo,26.7,0.8,85.375,12.5
4/9/2021,490,3996.9624,7.014780712,65.53181818,201.25,2.597,2.68,276.902,238.836,30.68,96.14285714,21,29.2,FALSE,null,null,FALSE,Colombo,27,0.9,82.375,13.9
4/10/2021,514,3996.9624,7.014780712,65.53181818,null,null,null,null,null,null,97.57142857,21,29.1,FALSE,null,null,FALSE,Colombo,27.2,0.8,80.5,15.3
4/11/2021,539,3996.9624,7.014780712,65.53181818,null,null,null,null,null,null,99,21,29,FALSE,null,null,FALSE,Colombo,26.8,2,83.58333333,11.4
4/12/2021,465,3996.9624,7.014780712,65.53181818,201.5,2.641,2.67,277.043,238.913,30.71,95.28571429,21,28.9,FALSE,null,null,FALSE,Colombo,27,3.2,81.625,11.9
4/13/2021,490,3996.9624,7.014780712,65.53181818,201.5,2.648,2.678,277.708,239.371,30.78,91.57142857,21,28.8,TRUE,Day Before Sinhala and Tamil New Year,null,FALSE,Colombo,26.5,7.8,84.25,13.5
4/14/2021,490,3996.9624,7.014780712,65.53181818,201.5,2.611,2.676,277.129,240.135,30.66,87.85714286,21,28.7,TRUE,Sinhala and Tamil New Year,null,FALSE,Colombo,26.5,2,85.08333333,14.7
4/15/2021,490,3996.9624,7.014780712,65.53181818,201,2.53,2.576,266.948,240.758,29.44,84.14285714,21,28.6,FALSE,null,null,FALSE,Colombo,26.4,13.6,86.54166667,13.1
4/16/2021,488,3996.9624,7.014780712,65.53181818,193,2.483,2.538,267.143,239.3,29.18,80.42857143,21,28.5,FALSE,null,null,FALSE,Colombo,26.6,13.6,86.91666667,14.6
4/17/2021,514,3996.9624,7.014780712,65.53181818,null,null,null,null,null,null,76.71428571,21,28.4,FALSE,null,null,FALSE,Colombo,26.5,4.8,88.125,10.8
4/18/2021,539,3996.9624,7.014780712,65.53181818,null,null,null,null,null,null,73,21,28.3,FALSE,null,null,FALSE,Colombo,26.9,9.2,85.41666667,15.5
4/19/2021,465,3996.9624,7.014780712,65.53181818,191,2.482,2.52,266.207,230.074,29.23,70.14285714,21,28.2,FALSE,null,null,FALSE,Colombo,27.2,2.7,85.54166667,13.2
4/20/2021,490,3996.9624,7.014780712,65.53181818,191,2.504,2.531,267.437,228.627,29.42,67.28571429,21,28.1,FALSE,null,null,FALSE,Colombo,27,5.2,87.08333333,11.6
4/21/2021,490,3996.9624,7.014780712,65.53181818,192,2.572,2.569,268.458,228.627,29.73,64.42857143,21,28,FALSE,null,null,FALSE,Colombo,26.9,2.6,87.41666667,13.5
4/22/2021,490,3996.9624,7.014780712,65.53181818,194,2.598,2.596,269.889,229.849,29.94,61.57142857,21,27.9,FALSE,null,null,FALSE,Colombo,27.4,3.2,84.45833333,15.8
4/23/2021,490,3996.9624,7.014780712,65.53181818,194.5,2.593,2.602,270.355,231.89,29.99,58.71428571,21,27.8,FALSE,null,null,FALSE,Colombo,26.9,4.4,87.04166667,13.4
4/24/2021,514,3996.9624,7.014780712,65.53181818,null,null,null,null,null,null,55.85714286,21,27.7,FALSE,null,null,FALSE,Colombo,27.4,1.9,86.33333333,12.9
4/25/2021,539,3996.9624,7.014780712,65.53181818,null,null,null,null,null,null,53,21,27.6,FALSE,null,null,FALSE,Colombo,27.3,2.7,85.29166667,12.1
4/26/2021,465,3996.9624,7.014780712,65.53181818,194.5,2.583,2.601,271.323,235.346,29.92,52.57142857,21,27.5,TRUE,Bak Full Moon Poya Day,null,FALSE,Colombo,27.6,2.2,84.5,13.6
4/27/2021,490,3996.9624,7.014780712,65.53181818,195,2.601,2.604,271.714,234.976,29.94,52.14285714,21,27.4,FALSE,null,null,FALSE,Colombo,27.9,0.3,81.54166667,16.4
4/28/2021,490,3996.9624,7.014780712,65.53181818,195,2.638,2.645,274.658,234.527,30.28,51.71428571,21,27.3,FALSE,null,null,FALSE,Colombo,27.7,4.7,84.41666667,16.3
4/29/2021,490,3996.9624,7.014780712,65.53181818,197,2.618,2.66,272.866,235.186,30.43,51.28571429,21,27.2,FALSE,null,null,FALSE,Colombo,27.3,2.3,85.75,12.9
4/30/2021,490,3996.9624,7.014780712,65.53181818,197.5,2.609,2.655,274.047,237.513,30.27,50.85714286,21,27.1,FALSE,null,null,FALSE,Colombo,27.6,2.6,85.70833333,12.5
5/1/2021,372,3996.9624,7.014780712,68.3752381,null,null,null,null,null,null,50.42857143,15,27,TRUE,International Workers' Day,null,FALSE,Colombo,27.4,4.5,87,14.8
5/2/2021,390,3996.9624,7.014780712,68.3752381,null,null,null,null,null,null,50,15,26.96774194,FALSE,null,null,FALSE,Colombo,27,11.6,87.70833333,10.5
5/3/2021,337,3996.9624,7.014780712,68.3752381,197,2.617,2.657,273.564,236.755,30.27,49.71428571,15,26.93548387,FALSE,null,null,FALSE,Colombo,26.6,27.3,86.45833333,13.3
5/4/2021,355,3996.9624,7.014780712,68.3752381,197,2.617,2.655,273.929,236.396,30.27,49.42857143,15,26.90322581,FALSE,null,null,FALSE,Colombo,26.4,31.7,87.41666667,15.5
5/5/2021,355,3996.9624,7.014780712,68.3752381,197,2.636,2.663,273.594,235.455,30.3,49.14285714,15,26.87096774,FALSE,null,null,FALSE,Colombo,27.1,1.3,85.04166667,13
5/6/2021,355,3996.9624,7.014780712,68.3752381,197,2.671,2.676,275.288,235.298,30.46,48.85714286,15,26.83870968,FALSE,null,null,FALSE,Colombo,26.6,5.2,88.20833333,12
5/7/2021,355,3996.9624,7.014780712,68.3752381,197,2.634,2.668,278.243,236.454,30.54,48.57142857,15,26.80645161,FALSE,null,null,FALSE,Colombo,26.5,7.3,87.58333333,10.6
5/8/2021,372,3996.9624,7.014780712,68.3752381,null,null,null,null,null,null,48.28571429,15,26.77419355,FALSE,null,null,FALSE,Colombo,26.3,9.8,88.25,12.5
5/9/2021,390,3996.9624,7.014780712,68.3752381,null,null,null,null,null,null,48,15,26.74193548,FALSE,null,null,FALSE,Colombo,26.9,1.3,84.625,12.5
5/10/2021,337,3996.9624,7.014780712,68.3752381,197,2.649,2.664,277.9,238.395,30.41,48.57142857,15,26.70967742,FALSE,null,null,FALSE,Colombo,27.1,11.3,86.54166667,15.8
5/11/2021,355,3996.9624,7.014780712,68.3752381,196.5,2.63,2.658,276.162,237.728,30.27,49.14285714,15,26.67741935,FALSE,null,null,FALSE,Colombo,27.4,8.4,85,16.6
5/12/2021,355,3996.9624,7.014780712,68.3752381,196.5,2.642,2.667,276.825,237.454,30.37,49.71428571,15,26.64516129,FALSE,null,null,FALSE,Colombo,26.7,21.8,89.54166667,16.9
5/13/2021,355,3996.9624,7.014780712,68.3752381,197,2.645,2.674,277.731,235.988,30.45,50.28571429,15,26.61290323,FALSE,null,null,FALSE,Colombo,26.8,32.7,89.04166667,17.9
5/14/2021,355,3996.9624,7.014780712,68.3752381,197,2.648,2.673,278.479,236.729,30.44,50.85714286,15,26.58064516,TRUE,Eid al-Fitr,null,FALSE,Colombo,27,27.9,88.125,21.3
5/15/2021,372,3996.9624,7.014780712,68.3752381,null,null,null,null,null,null,51.42857143,15,26.5483871,FALSE,null,null,FALSE,Colombo,27.6,2.6,83.79166667,19.5
5/16/2021,383,3996.9624,7.014780712,68.3752381,null,null,null,null,null,null,52,15,26.51612903,FALSE,null,null,FALSE,Colombo,27.7,5.1,87.04166667,13.6
5/17/2021,337,3996.9624,7.014780712,68.3752381,197,2.658,2.683,279.504,237.944,30.5,52,15,26.48387097,FALSE,null,null,FALSE,Colombo,28,0.5,85.83333333,14
5/18/2021,355,3996.9624,7.014780712,68.3752381,197,2.654,2.677,278.066,238.16,30.45,52,15,26.4516129,FALSE,null,null,FALSE,Colombo,28.1,1.3,84.375,12.4
5/19/2021,355,3996.9624,7.014780712,68.3752381,197,2.675,2.684,279.563,239.512,30.45,52,15,26.41935484,FALSE,null,null,FALSE,Colombo,27.8,3.9,85.08333333,14.2
5/20/2021,355,3996.9624,7.014780712,68.3752381,197,2.658,2.691,278.736,238.571,30.46,52,15,26.38709677,FALSE,null,null,FALSE,Colombo,27.2,14.7,88.91666667,16.8
5/21/2021,355,3996.9624,7.014780712,68.3752381,197,2.677,2.691,278.893,239.63,30.53,52,15,26.35483871,FALSE,null,null,FALSE,Colombo,26.6,16.7,91.29166667,18.7
5/22/2021,372,3996.9624,7.014780712,68.3752381,null,null,null,null,null,null,52,15,26.32258065,FALSE,null,null,FALSE,Colombo,27.1,13.2,87.66666667,20.1
5/23/2021,390,3996.9624,7.014780712,68.3752381,null,null,null,null,null,null,52,15,26.29032258,FALSE,null,null,FALSE,Colombo,26.9,12.3,88.91666667,18.8
5/24/2021,337,3996.9624,7.014780712,68.3752381,197,2.685,2.713,280.947,238.708,30.8,51.57142857,15,26.25806452,FALSE,null,null,FALSE,Colombo,26.7,48.4,89.125,22.8
5/25/2021,355,3996.9624,7.014780712,68.3752381,198.5,2.684,2.716,280.283,239.394,30.89,51.14285714,15,26.22580645,FALSE,null,null,FALSE,Colombo,26.3,61.2,87.41666667,33.5
5/26/2021,355,3996.9624,7.014780712,68.3752381,198.5,2.683,2.716,281.99,241.938,30.94,50.71428571,15,26.19354839,TRUE,Vesak Full Moon Poya Day,null,FALSE,Colombo,27.1,20.3,82.08333333,31.8
5/27/2021,355,3996.9624,7.014780712,68.3752381,198.5,2.712,2.727,281.662,240.753,31.01,50.28571429,15,26.16129032,TRUE,Day Following Vesak Full Moon Poya Day,null,FALSE,Colombo,27.6,6.1,81.45833333,32.8
5/28/2021,355,3996.9624,7.014780712,68.3752381,198.5,2.678,2.716,281.043,240.812,30.92,49.85714286,15,26.12903226,FALSE,null,null,FALSE,Colombo,28,2.1,79.58333333,25.5
5/29/2021,372,3996.9624,7.014780712,68.3752381,null,null,null,null,null,null,49.42857143,15,26.09677419,FALSE,null,null,FALSE,Colombo,27.9,3.9,81.79166667,24.5
5/30/2021,390,3996.9624,7.014780712,68.3752381,null,null,null,null,null,null,49,15,26.06451613,FALSE,null,null,FALSE,Colombo,28.1,3.4,80.125,24.1
5/31/2021,337,3996.9624,7.014780712,68.3752381,197.75,2.681,2.697,279.453,240.772,30.78,48.57142857,15,26.03225806,FALSE,null,null,FALSE,Colombo,27.8,5.2,82.375,22.3
6/1/2021,367,3996.9624,7.014780712,73.51272727,197.5,2.691,2.7,280.567,240.833,30.87,48.14285714,15,26,FALSE,null,null,FALSE,Colombo,27.8,4.5,80.66666667,20.6
6/2/2021,367,3996.9624,7.014780712,73.51272727,198,2.704,2.697,279.299,239.946,30.76,47.71428571,15,26.03333333,FALSE,null,null,FALSE,Colombo,27.2,4.4,87.41666667,13.1
6/3/2021,367,3996.9624,7.014780712,73.51272727,198,2.699,2.703,280.289,240.517,30.8,47.28571429,15,26.06666667,FALSE,null,null,FALSE,Colombo,26.4,21.2,90.79166667,14.3
6/4/2021,367,3996.9624,7.014780712,73.51272727,198,2.692,2.698,280.056,238.843,30.71,46.85714286,15,26.1,FALSE,null,null,FALSE,Colombo,25.9,26.1,91.54166667,15.3
6/5/2021,386,3996.9624,7.014780712,73.51272727,null,null,null,null,null,null,46.42857143,15,26.13333333,FALSE,null,null,FALSE,Colombo,25.7,30,90.66666667,17.1
6/6/2021,404,3996.9624,7.014780712,73.51272727,null,null,null,null,null,null,46,15,26.16666667,FALSE,null,null,FALSE,Colombo,27.3,2.1,82.41666667,18.4
6/7/2021,349,3996.9624,7.014780712,73.51272727,197.5,2.723,2.7,280.309,239.651,30.78,45.57142857,15,26.2,FALSE,null,null,FALSE,Colombo,27,4.1,87.5,19
6/8/2021,367,3996.9624,7.014780712,73.51272727,198,2.726,2.706,280.283,239.514,30.91,45.14285714,15,26.23333333,FALSE,null,null,FALSE,Colombo,25.8,29.3,90.29166667,22.5
6/9/2021,367,3996.9624,7.014780712,73.51272727,198.5,2.748,2.702,281.404,239.769,30.89,44.71428571,15,26.26666667,FALSE,null,null,FALSE,Colombo,26.6,12.6,87.29166667,21.6
6/10/2021,367,3996.9624,7.014780712,73.51272727,198.5,2.733,2.689,279.328,240.516,30.78,44.28571429,15,26.3,FALSE,null,null,FALSE,Colombo,27.5,4.4,81.45833333,22.8
6/11/2021,367,3996.9624,7.014780712,73.51272727,198,2.727,2.692,279.398,240.338,30.78,43.85714286,15,26.33333333,FALSE,null,null,FALSE,Colombo,27.7,1.4,78.875,21.1
6/12/2021,386,3996.9624,7.014780712,73.51272727,null,null,null,null,null,null,43.42857143,15,26.36666667,FALSE,null,null,FALSE,Colombo,27,9.4,83.91666667,22.6
6/13/2021,404,3996.9624,7.014780712,73.51272727,null,null,null,null,null,null,43,15,26.4,FALSE,null,null,FALSE,Colombo,26.5,12.9,88.20833333,22
6/14/2021,349,3996.9624,7.014780712,73.51272727,198,2.725,2.685,278.883,238.488,30.75,44,15,26.43333333,FALSE,null,null,FALSE,Colombo,26.9,7,83.54166667,23.4
6/15/2021,367,3996.9624,7.014780712,73.51272727,198,2.716,2.695,277.672,238.705,30.87,45,15,26.46666667,FALSE,null,null,FALSE,Colombo,27.6,1.9,79.29166667,21.4
6/16/2021,372,3996.9624,7.014780712,73.51272727,198.5,2.723,2.655,275.636,238.843,30.55,46,15,26.5,FALSE,null,null,FALSE,Colombo,27.7,1.1,78.5,22.3
6/17/2021,367,3996.9624,7.014780712,73.51272727,198,2.716,2.671,274.494,236.882,30.68,47,15,26.53333333,FALSE,null,null,FALSE,Colombo,27.5,1.8,82.625,19.2
6/18/2021,367,3996.9624,7.014780712,73.51272727,198.75,2.704,2.67,277.277,234.548,30.61,48,15,26.56666667,FALSE,null,null,FALSE,Colombo,27.3,0.8,85,17.1
6/19/2021,386,3996.9624,7.014780712,73.51272727,null,null,null,null,null,null,49,15,26.6,FALSE,null,null,FALSE,Colombo,27.1,3.4,84.875,18.4
6/20/2021,404,3996.9624,7.014780712,73.51272727,null,null,null,null,null,null,50,15,26.63333333,FALSE,null,null,FALSE,Colombo,27.1,2.1,86,17.9
6/21/2021,349,3996.9624,7.014780712,73.51272727,199,2.712,2.663,277.237,234.828,30.55,49.71428571,15,26.66666667,FALSE,null,null,FALSE,Colombo,27.4,4.3,83.33333333,20.6
6/22/2021,367,3996.9624,7.014780712,73.51272727,198.75,2.726,2.677,278.213,235.897,30.66,49.42857143,15,26.7,FALSE,null,null,FALSE,Colombo,26.6,13.8,86.66666667,17.8
6/23/2021,367,3996.9624,7.014780712,73.51272727,199.25,2.741,2.675,277.426,236.372,30.66,49.14285714,15,26.73333333,FALSE,null,null,FALSE,Colombo,26.2,14.3,88.125,20.7
6/24/2021,367,3996.9624,7.014780712,73.51272727,199.25,2.745,2.674,276.182,236.711,30.74,48.85714286,15,26.76666667,TRUE,Poson Full Moon Poya Day,null,FALSE,Colombo,26.4,8.5,86.45833333,18.5
6/25/2021,367,3996.9624,7.014780712,73.51272727,199,2.74,2.672,276.312,236.811,30.74,48.57142857,15,26.8,FALSE,null,null,FALSE,Colombo,27.5,1.8,81.33333333,21.2
6/26/2021,386,3996.9624,7.014780712,73.51272727,null,null,null,null,null,null,48.28571429,15,26.83333333,FALSE,null,null,FALSE,Colombo,26.9,5.3,84.75,20.9
6/27/2021,404,3996.9624,7.014780712,73.51272727,null,null,null,null,null,null,48,15,26.86666667,FALSE,null,null,FALSE,Colombo,27,5.4,82.75,19.1
6/28/2021,349,3996.9624,7.014780712,73.51272727,199,2.73,2.678,276.049,236.87,30.79,48.42857143,15,26.9,FALSE,null,null,FALSE,Colombo,26.5,8,86.58333333,15.8
6/29/2021,367,3996.9624,7.014780712,73.51272727,199.5,2.714,2.676,275.889,236.691,30.82,48.85714286,15,26.93333333,FALSE,null,null,FALSE,Colombo,26.9,3.3,86.41666667,20.1
6/30/2021,367,3996.9624,7.014780712,73.51272727,199.5,2.705,2.669,274.672,236.711,30.76,49.28571429,15,26.96666667,FALSE,null,null,FALSE,Colombo,27.3,2.4,84.29166667,18.3
7/1/2021,592,3996.9624,7.014780712,74.40318182,199.5,2.715,2.67,275.759,235.915,30.74,49.71428571,13,27,FALSE,null,null,FALSE,Colombo,26,20.6,89.54166667,22
7/2/2021,592,3996.9624,7.014780712,74.40318182,199.5,2.694,2.67,275.556,235.775,30.7,50.14285714,13,26.87096774,FALSE,null,null,FALSE,Colombo,27.2,4.5,82.625,20.9
7/3/2021,621,3996.9624,7.014780712,74.40318182,null,null,null,null,null,null,50.57142857,13,26.74193548,FALSE,null,null,FALSE,Colombo,26.6,13.2,86.70833333,16.7
7/4/2021,651,3996.9624,7.014780712,74.40318182,null,null,null,null,null,null,51,13,26.61290323,FALSE,null,null,FALSE,Colombo,26.7,15.2,86.54166667,20.2
7/5/2021,562,3996.9624,7.014780712,74.40318182,199,2.652,2.661,274.66,236.094,30.62,51.14285714,13,26.48387097,FALSE,null,null,FALSE,Colombo,27,7.9,86.20833333,18
7/6/2021,592,3996.9624,7.014780712,74.40318182,199,2.647,2.653,274.66,235.441,30.66,51.28571429,13,26.35483871,FALSE,null,null,FALSE,Colombo,26.9,8.3,85.83333333,17.1
7/7/2021,592,3996.9624,7.014780712,74.40318182,199,2.649,2.656,274.352,234.667,30.58,51.42857143,13,26.22580645,FALSE,null,null,FALSE,Colombo,26.3,14.1,88.58333333,18.1
7/8/2021,592,3996.9624,7.014780712,74.40318182,199,2.667,2.668,276.908,234.012,30.67,51.57142857,13,26.09677419,FALSE,null,null,FALSE,Colombo,26.8,12.4,86.58333333,17.4
7/9/2021,592,3996.9624,7.014780712,74.40318182,199.2,2.669,2.669,276.946,235.064,30.73,51.71428571,13,25.96774194,FALSE,null,null,FALSE,Colombo,25.9,40.9,89.5,28.1
7/10/2021,621,3996.9624,7.014780712,74.40318182,null,null,null,null,null,null,51.85714286,13,25.83870968,FALSE,null,null,FALSE,Colombo,26.7,17.3,82.16666667,31.5
7/11/2021,651,3996.9624,7.014780712,74.40318182,null,null,null,null,null,null,52,13,25.70967742,FALSE,null,null,FALSE,Colombo,27.2,2.8,82.29166667,27.5
7/12/2021,562,3996.9624,7.014780712,74.40318182,199.5,2.676,2.667,275.59,235.917,30.76,52.14285714,13,25.58064516,FALSE,null,null,FALSE,Colombo,27.3,2.1,82,27.4
7/13/2021,592,3996.9624,7.014780712,74.40318182,199.5,2.675,2.665,275.814,235.994,30.68,52.28571429,13,25.4516129,FALSE,null,null,FALSE,Colombo,27.5,1.5,81.875,20.3
7/14/2021,592,3996.9624,7.014780712,74.40318182,199,2.662,2.662,275.217,234.303,30.7,52.42857143,13,25.32258065,FALSE,null,null,FALSE,Colombo,27.1,0.5,85.33333333,19.5
7/15/2021,592,3996.9624,7.014780712,74.40318182,199,2.683,2.667,274.672,234.925,30.71,52.57142857,13,25.19354839,FALSE,null,null,FALSE,Colombo,27,2.4,86.95833333,18.6
7/16/2021,591,3996.9624,7.014780712,74.40318182,199.5,2.662,2.665,273.148,234.468,30.73,52.71428571,13,25.06451613,FALSE,null,null,FALSE,Colombo,26.9,7.6,86.79166667,15.3
7/17/2021,621,3996.9624,7.014780712,74.40318182,null,null,null,null,null,null,52.85714286,13,24.93548387,FALSE,null,null,FALSE,Colombo,27.2,2.7,83.58333333,18.8
7/18/2021,651,3996.9624,7.014780712,74.40318182,null,null,null,null,null,null,53,13,24.80645161,FALSE,null,null,FALSE,Colombo,27.5,0.5,81.75,25.9
7/19/2021,562,3996.9624,7.014780712,74.40318182,199.75,2.675,2.67,271.879,234.92,30.68,53.28571429,13,24.67741935,FALSE,null,null,FALSE,Colombo,27.3,2.1,82.83333333,21.6
7/20/2021,592,3996.9624,7.014780712,74.40318182,199.5,2.688,2.671,273.554,235.37,30.76,53.57142857,13,24.5483871,FALSE,null,null,FALSE,Colombo,27.5,0.6,81.83333333,19.7
7/21/2021,592,3996.9624,7.014780712,74.40318182,199.5,2.698,2.673,274.662,234.402,30.75,53.85714286,13,24.41935484,TRUE,Eid al-Adha,null,FALSE,Colombo,27.5,0.5,82.25,22.2
7/22/2021,592,3996.9624,7.014780712,74.40318182,199.5,2.693,2.674,274.193,234.661,30.7,54.14285714,13,24.29032258,FALSE,null,null,FALSE,Colombo,27.2,7.1,83.20833333,25.7
7/23/2021,592,3996.9624,7.014780712,74.40318182,199.5,2.694,2.677,275.67,234.223,30.7,54.42857143,13,24.16129032,TRUE,Esala Full Moon Poya Day,null,FALSE,Colombo,26.1,25,88.625,23.5
7/24/2021,621,3996.9624,7.014780712,74.40318182,null,null,null,null,null,null,54.71428571,13,24.03225806,FALSE,null,null,FALSE,Colombo,26.3,12.5,88.79166667,20.4
7/25/2021,651,3996.9624,7.014780712,74.40318182,null,null,null,null,null,null,55,13,23.90322581,FALSE,null,null,FALSE,Colombo,26.3,22,87.5,24
7/26/2021,562,3996.9624,7.014780712,74.40318182,199.5,2.688,2.664,276.173,234.223,30.48,55.28571429,13,23.77419355,FALSE,null,null,FALSE,Colombo,26.4,8.8,86.16666667,24.2
7/27/2021,592,3996.9624,7.014780712,74.40318182,199,2.694,2.664,276.61,234.8,30.58,55.57142857,13,23.64516129,FALSE,null,null,FALSE,Colombo,26.8,6,85.625,23.6
7/28/2021,592,3996.9624,7.014780712,74.40318182,199,2.703,2.68,278.562,234.508,30.82,55.85714286,13,23.51612903,FALSE,null,null,FALSE,Colombo,26.5,12.4,86.25,18.5
7/29/2021,592,3996.9624,7.014780712,74.40318182,199.5,2.718,2.677,277.365,235.064,30.8,56.14285714,13,23.38709677,FALSE,null,null,FALSE,Colombo,27.1,1.1,82.875,20
7/30/2021,592,3996.9624,7.014780712,74.40318182,199.5,2.72,2.676,276.966,236.531,30.79,56.42857143,13,23.25806452,FALSE,null,null,FALSE,Colombo,27.2,4,83.16666667,22
7/31/2021,621,3996.9624,7.014780712,74.40318182,null,null,null,null,null,null,56.71428571,13,23.12903226,FALSE,null,null,FALSE,Colombo,27.2,4.3,83.70833333,21.2
8/1/2021,618,3996.9624,7.014780712,70.58818182,null,null,null,null,null,null,57,13,23,FALSE,null,null,FALSE,Colombo,26.9,3.7,85.875,24.3
8/2/2021,534,3996.9624,7.014780712,70.58818182,199.5,2.724,2.68,277.625,236.213,30.75,56.14285714,13,23.09677419,FALSE,null,null,FALSE,Colombo,26.9,6.8,83.75,20.2
8/3/2021,562,3996.9624,7.014780712,70.58818182,199.5,2.713,2.682,277.126,236.153,30.77,55.28571429,13,23.19354839,FALSE,null,null,FALSE,Colombo,27.1,2.6,81.83333333,21
8/4/2021,562,3996.9624,7.014780712,70.58818182,199.5,2.719,2.686,277.904,236.014,30.8,54.42857143,13,23.29032258,FALSE,null,null,FALSE,Colombo,27.1,3.9,84.04166667,22.1
8/5/2021,562,3996.9624,7.014780712,70.58818182,199.5,2.706,2.68,276.767,235.517,30.69,53.57142857,13,23.38709677,FALSE,null,null,FALSE,Colombo,27,4.1,85.45833333,21.5
8/6/2021,562,3996.9624,7.014780712,70.58818182,199.5,2.698,2.671,276.228,235.457,30.68,52.71428571,13,23.48387097,FALSE,null,null,FALSE,Colombo,26.7,12.4,85.25,19.8
8/7/2021,590,3996.9624,7.014780712,70.58818182,null,null,null,null,null,null,51.85714286,13,23.58064516,FALSE,null,null,FALSE,Colombo,26.8,13.8,84.79166667,27.1
8/8/2021,618,3996.9624,7.014780712,70.58818182,null,null,null,null,null,null,51,13,23.67741935,FALSE,null,null,FALSE,Colombo,26.4,15.1,84.54166667,21.1
8/9/2021,534,3996.9624,7.014780712,70.58818182,199.5,2.687,2.673,276.208,234.024,30.68,51,13,23.77419355,FALSE,null,null,FALSE,Colombo,25.8,28.9,87.625,17.3
8/10/2021,562,3996.9624,7.014780712,70.58818182,199.5,2.704,2.679,276.787,233.566,30.71,51,13,23.87096774,FALSE,null,null,FALSE,Colombo,26.4,17.9,87.04166667,18
8/11/2021,562,3996.9624,7.014780712,70.58818182,199.5,2.701,2.678,275.45,233.188,30.71,51,13,23.96774194,FALSE,null,null,FALSE,Colombo,26.7,15,86.20833333,21.5
8/12/2021,562,3996.9624,7.014780712,70.58818182,199.5,2.715,2.687,276.953,233.566,30.8,51,13,24.06451613,FALSE,null,null,FALSE,Colombo,26.2,28.3,87.54166667,22.7
8/13/2021,562,3996.9624,7.014780712,70.58818182,199.75,2.707,2.683,276.347,233.407,30.73,51,13,24.16129032,FALSE,null,null,FALSE,Colombo,26.7,6,84.75,23
8/14/2021,590,3996.9624,7.014780712,70.58818182,null,null,null,null,null,null,51,13,24.25806452,FALSE,null,null,FALSE,Colombo,26.9,1.3,83.95833333,21
8/15/2021,618,3996.9624,7.014780712,70.58818182,null,null,null,null,null,null,51,13,24.35483871,FALSE,null,null,FALSE,Colombo,26.7,0.2,84.375,20.4
8/16/2021,541,3996.9624,7.014780712,70.58818182,199.5,2.7,2.676,274.113,235.23,30.68,51,13,24.4516129,FALSE,null,null,FALSE,Colombo,26.8,3.3,85.33333333,18.6
8/17/2021,562,3996.9624,7.014780712,70.58818182,199.5,2.684,2.678,274.453,234.362,30.68,51,13,24.5483871,FALSE,null,null,FALSE,Colombo,26.4,4.9,86.41666667,21.3
8/18/2021,562,3996.9624,7.014780712,70.58818182,199.5,2.668,2.675,272.118,233.009,30.64,51,13,24.64516129,FALSE,null,null,FALSE,Colombo,26.2,4.7,88.125,21.7
8/19/2021,562,3996.9624,7.014780712,70.58818182,199.5,2.679,2.676,271.769,233.029,30.61,51,13,24.74193548,FALSE,null,null,FALSE,Colombo,26.3,5.7,86.625,17.4
8/20/2021,562,3996.9624,7.014780712,70.58818182,199.5,2.688,2.691,274.037,232.313,30.78,51,13,24.83870968,FALSE,null,null,FALSE,Colombo,26.3,1.7,89.45833333,15.7
8/21/2021,590,3996.9624,7.014780712,70.58818182,null,null,null,null,null,null,51,13,24.93548387,FALSE,null,null,FALSE,Colombo,25.7,10.6,90.29166667,9
8/22/2021,618,3996.9624,7.014780712,70.58818182,null,null,null,null,null,null,51,13,25.03225806,TRUE,Nikini Full Moon Poya Day,null,FALSE,Colombo,26.3,5.2,87.25,13.8
8/23/2021,534,3996.9624,7.014780712,70.58818182,199.75,2.695,2.684,273.894,232.75,30.75,51,13,25.12903226,FALSE,null,null,FALSE,Colombo,26.5,1.4,85.875,16.7
8/24/2021,562,3996.9624,7.014780712,70.58818182,199.5,2.686,2.685,274.532,234.273,30.73,51,13,25.22580645,FALSE,null,null,FALSE,Colombo,26.1,1.5,87.375,16.1
8/25/2021,562,3996.9624,7.014780712,70.58818182,199.5,2.686,2.697,274.705,233.885,30.85,51,13,25.32258065,FALSE,null,null,FALSE,Colombo,25.7,11.9,89.5,18.2
8/26/2021,562,3996.9624,7.014780712,70.58818182,200.5,2.716,2.722,275.868,234.223,30.9,51,13,25.41935484,FALSE,null,null,FALSE,Colombo,26.2,17.6,86.25,20.8
8/27/2021,562,3996.9624,7.014780712,70.58818182,200.5,2.709,2.722,274.856,235,30.85,51,13,25.51612903,FALSE,null,null,FALSE,Colombo,26.6,12.4,85.04166667,21.6
8/28/2021,590,3996.9624,7.014780712,70.58818182,null,null,null,null,null,null,51,13,25.61290323,FALSE,null,null,FALSE,Colombo,26.5,15.6,84.58333333,22.9
8/29/2021,618,3996.9624,7.014780712,70.58818182,null,null,null,null,null,null,51,13,25.70967742,FALSE,null,null,FALSE,Colombo,26.2,14.9,87.16666667,24.6
8/30/2021,534,3996.9624,7.014780712,70.58818182,199.75,2.7,2.728,274.433,235.86,30.8,50.57142857,13,25.80645161,FALSE,null,null,FALSE,Colombo,26.4,2.8,87.66666667,15.1
8/31/2021,562,3996.9624,7.014780712,70.58818182,199.5,2.72,2.726,274.712,235.31,30.8,50.14285714,13,25.90322581,FALSE,null,null,FALSE,Colombo,26.9,2.1,85.54166667,18
9/1/2021,459,3996.9624,7.014780712,74.74954545,199.5,2.728,2.725,275.969,234.959,30.82,49.71428571,13,26,FALSE,null,null,FALSE,Colombo,26.4,7.9,89.70833333,16.6
9/2/2021,459,3996.9624,7.014780712,74.74954545,199.5,2.742,2.739,278.024,235.576,30.99,49.28571429,13,26,FALSE,null,null,FALSE,Colombo,26.5,12.8,85.33333333,18.3
9/3/2021,459,3996.9624,7.014780712,74.74954545,200.5,2.734,2.737,277.066,236.273,30.95,48.85714286,13,26,FALSE,null,null,FALSE,Colombo,26.3,5.7,86.20833333,14.9
9/4/2021,482,3996.9624,7.014780712,74.74954545,null,null,null,null,null,null,48.42857143,13,26,FALSE,null,null,FALSE,Colombo,26,6.2,88.375,20.3
9/5/2021,505,3996.9624,7.014780712,74.74954545,null,null,null,null,null,null,48,13,26,FALSE,null,null,FALSE,Colombo,25.7,16.2,89.5,20.8
9/6/2021,436,3996.9624,7.014780712,74.74954545,200.25,2.733,2.73,276.45,237.64,31.01,48.42857143,13,26,FALSE,null,null,FALSE,Colombo,26,31.7,87.29166667,21
9/7/2021,459,3996.9624,7.014780712,74.74954545,200.5,2.728,2.696,275.431,237.36,30.79,48.85714286,13,26,FALSE,null,null,FALSE,Colombo,26.4,6.8,88.33333333,17.8
9/8/2021,459,3996.9624,7.014780712,74.74954545,200,2.731,2.712,276.394,237.392,30.89,49.28571429,13,26,FALSE,null,null,FALSE,Colombo,26.4,6.1,87.95833333,18.2
9/9/2021,459,3996.9624,7.014780712,74.74954545,199.75,2.729,2.72,277.512,235.079,31.03,49.71428571,13,26,FALSE,null,null,FALSE,Colombo,27.1,0.9,82.08333333,15.8
9/10/2021,459,3996.9624,7.014780712,74.74954545,200.5,2.732,2.705,276.068,235.909,30.84,50.14285714,13,26,FALSE,null,null,FALSE,Colombo,26.7,3.9,86.08333333,17.3
9/11/2021,482,3996.9624,7.014780712,74.74954545,null,null,null,null,null,null,50.57142857,13,26,FALSE,null,null,FALSE,Colombo,27.3,3.6,80.91666667,22.3
9/12/2021,505,3996.9624,7.014780712,74.74954545,null,null,null,null,null,null,51,13,26,FALSE,null,null,FALSE,Colombo,27.3,2.5,78.375,23.3
9/13/2021,436,3996.9624,7.014780712,74.74954545,199.5,2.718,2.702,275.53,236.28,30.9,51.14285714,13,26,FALSE,null,null,FALSE,Colombo,26.9,5.7,84.375,20
9/14/2021,459,3996.9624,7.014780712,74.74954545,199.5,2.749,2.709,276.75,234.979,30.93,51.28571429,13,26,FALSE,null,null,FALSE,Colombo,26.9,6.4,86.66666667,17.6
9/15/2021,459,3996.9624,7.014780712,74.74954545,200,2.734,2.705,275.101,234.86,30.81,51.42857143,13,26,FALSE,null,null,FALSE,Colombo,26.3,15.7,88.29166667,22.5
9/16/2021,463,3996.9624,7.014780712,74.74954545,199.5,2.725,2.702,274.193,235.119,30.77,51.57142857,13,26,FALSE,null,null,FALSE,Colombo,26,13.4,89.125,16.9
9/17/2021,459,3996.9624,7.014780712,74.74954545,199.5,2.702,2.702,272.507,234.104,30.85,51.71428571,13,26,FALSE,null,null,FALSE,Colombo,26.7,14.2,88.625,15
9/18/2021,482,3996.9624,7.014780712,74.74954545,null,null,null,null,null,null,51.85714286,13,26,FALSE,null,null,FALSE,Colombo,26.7,8.2,87.79166667,15.1
9/19/2021,505,3996.9624,7.014780712,74.74954545,null,null,null,null,null,null,52,13,26,FALSE,null,null,FALSE,Colombo,27,2.4,88.58333333,14.2
9/20/2021,436,3996.9624,7.014780712,74.74954545,199.5,2.711,2.698,272.537,233.328,30.77,51.57142857,13,26,TRUE,Binara Full Moon Poya Day,null,FALSE,Colombo,26.7,5.5,86.95833333,12.4
9/21/2021,459,3996.9624,7.014780712,74.74954545,199.5,2.719,2.695,272.54,233.328,30.77,51.14285714,13,26,FALSE,null,null,FALSE,Colombo,26.4,11.3,87.33333333,15.2
9/22/2021,459,3996.9624,7.014780712,74.74954545,200,2.736,2.703,274.703,233.288,30.89,50.71428571,13,26,FALSE,null,null,FALSE,Colombo,27.1,3.7,85,17
9/23/2021,459,3996.9624,7.014780712,74.74954545,200.25,2.733,2.696,273.491,232.551,30.77,50.28571429,13,26,FALSE,null,null,FALSE,Colombo,27.3,9.7,85.125,20.1
9/24/2021,459,3996.9624,7.014780712,74.74954545,200,2.731,2.695,273.96,234.133,30.81,49.85714286,13,26,FALSE,null,null,FALSE,Colombo,27.5,4.4,83.5,18
9/25/2021,482,3996.9624,7.014780712,74.74954545,null,null,null,null,null,null,49.42857143,13,26,FALSE,null,null,FALSE,Colombo,26.8,10,85.95833333,19.9
9/26/2021,505,3996.9624,7.014780712,74.74954545,null,null,null,null,null,null,49,13,26,FALSE,null,null,FALSE,Colombo,26.5,25.3,86.66666667,27.6
9/27/2021,436,3996.9624,7.014780712,74.74954545,200,2.732,2.682,270.721,233.109,30.81,50,13,26,FALSE,null,null,FALSE,Colombo,27.4,3.7,77.375,28.2
9/28/2021,459,3996.9624,7.014780712,74.74954545,200,2.729,2.678,268.531,232.691,30.75,51,13,26,FALSE,null,null,FALSE,Colombo,26.3,13.6,85.91666667,25.5
9/29/2021,459,3996.9624,7.014780712,74.74954545,200,2.73,2.683,269.481,232.452,30.86,52,13,26,FALSE,null,null,FALSE,Colombo,26.9,0.8,85.58333333,16.8
9/30/2021,459,3996.9624,7.014780712,74.74954545,200,2.734,2.683,270.941,230.741,30.86,53,13,26,FALSE,null,null,FALSE,Colombo,26.4,5.8,88.58333333,15.5
10/1/2021,442,3996.9624,7.014780712,83.8652381,200,2.742,2.667,272.23,230.462,30.86,54,14,26,FALSE,null,null,FALSE,Colombo,25.5,26.5,91.16666667,9.7
10/2/2021,465,3996.9624,7.014780712,83.8652381,null,null,null,null,null,null,55,14,26.16129032,FALSE,null,null,FALSE,Colombo,25.5,3.6,89.625,15.7
10/3/2021,487,3996.9624,7.014780712,83.8652381,null,null,null,null,null,null,56,14,26.32258065,FALSE,null,null,FALSE,Colombo,26.2,4.1,88.66666667,13
10/4/2021,420,3996.9624,7.014780712,83.8652381,200,2.755,2.675,272.28,230.721,30.94,58.14285714,14,26.48387097,FALSE,null,null,FALSE,Colombo,26,14.1,90,12.4
10/5/2021,442,3996.9624,7.014780712,83.8652381,199.75,2.75,2.667,271.291,231.238,30.94,60.28571429,14,26.64516129,FALSE,null,null,FALSE,Colombo,25.4,37.8,91.79166667,18.8
10/6/2021,442,3996.9624,7.014780712,83.8652381,199.75,2.766,2.659,272.38,231.34,30.86,62.42857143,14,26.80645161,FALSE,null,null,FALSE,Colombo,26,21.7,88.33333333,20
10/7/2021,442,3996.9624,7.014780712,83.8652381,200,2.764,2.648,272.261,230.542,30.88,64.57142857,14,26.96774194,FALSE,null,null,FALSE,Colombo,26.8,4,85.875,20.7
10/8/2021,442,3996.9624,7.014780712,83.8652381,200,2.807,2.672,273.97,229.845,31.24,66.71428571,14,27.12903226,FALSE,null,null,FALSE,Colombo,26.9,1.8,85.5,19.5
10/9/2021,465,3996.9624,7.014780712,83.8652381,null,null,null,null,null,null,68.85714286,14,27.29032258,FALSE,null,null,FALSE,Colombo,27.2,3.2,82.45833333,20.2
10/10/2021,487,3996.9624,7.014780712,83.8652381,null,null,null,null,null,null,71,14,27.4516129,FALSE,null,null,FALSE,Colombo,27,13.7,85.45833333,17.6
10/11/2021,420,3996.9624,7.014780712,83.8652381,201.5,2.776,2.649,273.119,230.183,31.01,72,14,27.61290323,FALSE,null,null,FALSE,Colombo,26.5,35.2,86.5,21
10/12/2021,442,3996.9624,7.014780712,83.8652381,201,2.783,2.668,275.943,232.773,31.26,73,14,27.77419355,FALSE,null,null,FALSE,Colombo,27.4,2.7,81.625,21.6
10/13/2021,442,3996.9624,7.014780712,83.8652381,202,2.806,2.68,276.235,230.54,31.2,74,14,27.93548387,FALSE,null,null,FALSE,Colombo,27.2,3.3,81.45833333,20.9
10/14/2021,442,3996.9624,7.014780712,83.8652381,202,2.845,2.678,277.791,232.999,31.22,75,14,28.09677419,FALSE,null,null,FALSE,Colombo,27.5,3.2,81.04166667,18.3
10/15/2021,442,3996.9624,7.014780712,83.8652381,202,2.796,2.659,275.227,233.039,31.1,76,14,28.25806452,FALSE,null,null,FALSE,Colombo,27.2,6,83.79166667,22
10/16/2021,469,3996.9624,7.014780712,83.8652381,null,null,null,null,null,null,77,14,28.41935484,FALSE,null,null,FALSE,Colombo,27.3,10.7,81.08333333,26.6
10/17/2021,487,3996.9624,7.014780712,83.8652381,null,null,null,null,null,null,78,14,28.58064516,FALSE,null,null,FALSE,Colombo,27.5,1.2,79.75,26.1
10/18/2021,420,3996.9624,7.014780712,83.8652381,200.5,2.814,2.662,276.6,233.12,31.33,75.85714286,14,28.74193548,FALSE,null,null,FALSE,Colombo,27.3,6.3,79.875,21.6
10/19/2021,442,3996.9624,7.014780712,83.8652381,200.5,2.809,2.673,277.182,232.18,31.27,73.71428571,14,28.90322581,TRUE,Prophet's Birthday,null,FALSE,Colombo,27.2,1.1,79.79166667,16.7
10/20/2021,442,3996.9624,7.014780712,83.8652381,200.5,2.803,2.67,276.55,232.64,31.28,71.57142857,14,29.06451613,TRUE,Vap Full Moon Poya Day,null,FALSE,Colombo,26.1,18.3,86.5,11.6
10/21/2021,442,3996.9624,7.014780712,83.8652381,200.5,2.865,2.687,277.124,232.98,31.56,69.42857143,14,29.22580645,FALSE,null,null,FALSE,Colombo,25.6,5,88.16666667,11.5
10/22/2021,442,3996.9624,7.014780712,83.8652381,201.5,2.884,2.686,277.456,232.42,31.55,67.28571429,14,29.38709677,FALSE,null,null,FALSE,Colombo,26.1,5.5,87.16666667,11.8
10/23/2021,465,3996.9624,7.014780712,83.8652381,null,null,null,null,null,null,65.14285714,14,29.5483871,FALSE,null,null,FALSE,Colombo,26,1.7,85.875,16.1
10/24/2021,487,3996.9624,7.014780712,83.8652381,null,null,null,null,null,null,63,14,29.70967742,FALSE,null,null,FALSE,Colombo,25.6,15.6,87.16666667,13.6
10/25/2021,420,3996.9624,7.014780712,83.8652381,201.5,2.906,2.702,279.147,234.727,31.72,64,14,29.87096774,FALSE,null,null,FALSE,Colombo,26.1,15.5,88.29166667,14
10/26/2021,442,3996.9624,7.014780712,83.8652381,202.75,2.844,2.677,277.73,233.902,31.44,65,14,30.03225806,FALSE,null,null,FALSE,Colombo,25.3,14.3,89.33333333,12.1
10/27/2021,442,3996.9624,7.014780712,83.8652381,202,2.875,2.687,278.538,234.758,31.45,66,14,30.19354839,FALSE,null,null,FALSE,Colombo,25.6,5.6,87.54166667,12.7
10/28/2021,442,3996.9624,7.014780712,83.8652381,202,2.816,2.668,275.23,233.24,31.22,67,14,30.35483871,FALSE,null,null,FALSE,Colombo,25.3,10,89.79166667,13.4
10/29/2021,442,3996.9624,7.014780712,83.8652381,201,2.804,2.686,276.033,234.748,31.42,68,14,30.51612903,FALSE,null,null,FALSE,Colombo,25,16.7,90.45833333,13.4
10/30/2021,465,3996.9624,7.014780712,83.8652381,null,null,null,null,null,null,69,14,30.67741935,FALSE,null,null,FALSE,Colombo,25.2,11.1,90.70833333,10.5
10/31/2021,487,3996.9624,7.014780712,83.8652381,null,null,null,null,null,null,70,14,30.83870968,FALSE,null,null,FALSE,Colombo,25.1,13.4,91.45833333,16.1
11/1/2021,583,3996.9624,7.014780712,80.89045455,202,2.803,2.691,275.043,231.22,31.4,70.85714286,16,31,FALSE,null,null,FALSE,Colombo,25.2,31.1,90.625,18.9
11/2/2021,613,3996.9624,7.014780712,80.89045455,202,2.806,2.706,275.773,233.24,31.45,71.71428571,16,31.1,FALSE,null,null,FALSE,Colombo,25.4,9.9,89.625,10.2
11/3/2021,613,3996.9624,7.014780712,80.89045455,201.5,2.822,2.703,272.015,232.698,31.5,72.57142857,16,31.2,FALSE,null,null,FALSE,Colombo,25.4,13.8,89.75,15.6
11/4/2021,613,3996.9624,7.014780712,80.89045455,201.5,2.832,2.716,271.965,233.982,31.49,73.42857143,16,31.3,TRUE,Deepavali Festival Day,null,FALSE,Colombo,25.6,8.8,89,15.7
11/5/2021,613,3996.9624,7.014780712,80.89045455,201.5,2.826,2.726,273.255,232.814,31.52,74.28571429,16,31.4,FALSE,null,null,FALSE,Colombo,25.4,14.7,89.41666667,14.7
11/6/2021,644,3996.9624,7.014780712,80.89045455,null,null,null,null,null,null,75.14285714,16,31.5,FALSE,null,null,FALSE,Colombo,25,32.5,90.41666667,17.3
11/7/2021,675,3996.9624,7.014780712,80.89045455,null,null,null,null,null,null,76,16,31.6,FALSE,null,null,FALSE,Colombo,24.8,36.6,90.875,18
11/8/2021,583,3996.9624,7.014780712,80.89045455,201.5,2.847,2.717,273.154,233.085,31.52,76.57142857,16,31.7,FALSE,null,null,FALSE,Colombo,24.5,89.3,90.83333333,21.5
11/9/2021,613,3996.9624,7.014780712,80.89045455,201.5,2.818,2.701,270.761,233.508,31.46,77.14285714,16,31.8,FALSE,null,null,FALSE,Colombo,25.3,29.8,87.54166667,25.8
11/10/2021,613,3996.9624,7.014780712,80.89045455,202,2.822,2.704,270.135,233.6,31.45,77.71428571,16,31.9,FALSE,null,null,FALSE,Colombo,25.3,27.3,86.41666667,25.7
11/11/2021,613,3996.9624,7.014780712,80.89045455,202,2.752,2.703,270.983,230.708,31.5,78.28571429,16,32,FALSE,null,null,FALSE,Colombo,25.5,9.3,87.33333333,18.5
11/12/2021,613,3996.9624,7.014780712,80.89045455,202,2.767,2.7,271.085,230.145,31.49,78.85714286,16,32.1,FALSE,null,null,FALSE,Colombo,26.6,18,80.45833333,22.9
11/13/2021,644,3996.9624,7.014780712,80.89045455,null,null,null,null,null,null,79.42857143,16,32.2,FALSE,null,null,FALSE,Colombo,27.2,6.6,77.08333333,22.9
11/14/2021,675,3996.9624,7.014780712,80.89045455,null,null,null,null,null,null,80,16,32.3,FALSE,null,null,FALSE,Colombo,25.7,9.5,88.58333333,20.7
11/15/2021,583,3996.9624,7.014780712,80.89045455,202,2.746,2.699,271.266,230.145,31.44,79.85714286,16,32.4,FALSE,null,null,FALSE,Colombo,25.4,23.2,89.54166667,19.5
11/16/2021,613,3996.9624,7.014780712,80.89045455,202,2.782,2.706,272.337,228.477,31.51,79.71428571,16,32.5,FALSE,null,null,FALSE,Colombo,25.5,26.1,88.91666667,15.5
11/17/2021,613,3996.9624,7.014780712,80.89045455,202,2.746,2.71,272.589,227.512,31.47,79.57142857,16,32.6,FALSE,null,null,FALSE,Colombo,25.8,17.6,88.625,16.4
11/18/2021,613,3996.9624,7.014780712,80.89045455,202,2.748,2.703,271.771,227.512,31.47,79.42857143,16,32.7,TRUE,Il Full Moon Poya Day,null,FALSE,Colombo,25.9,10,88.66666667,14.3
11/19/2021,613,3996.9624,7.014780712,80.89045455,202,2.696,2.72,271.624,228.517,31.71,79.28571429,16,32.8,FALSE,null,null,FALSE,Colombo,25.6,19.4,88.04166667,19.4
11/20/2021,644,3996.9624,7.014780712,80.89045455,null,null,null,null,null,null,79.14285714,16,32.9,FALSE,null,null,FALSE,Colombo,26.7,0.8,77.33333333,18.8
11/21/2021,675,3996.9624,7.014780712,80.89045455,null,null,null,null,null,null,79,16,33,FALSE,null,null,FALSE,Colombo,26,0,77.95833333,9.9
11/22/2021,583,3996.9624,7.014780712,80.89045455,202.75,2.719,2.719,271.24,226.889,31.68,78.71428571,16,33.1,FALSE,null,null,FALSE,Colombo,26.2,0,81.95833333,17.1
11/23/2021,613,3996.9624,7.014780712,80.89045455,202.75,2.693,2.713,270.215,227.489,31.68,78.42857143,16,33.2,FALSE,null,null,FALSE,Colombo,25.7,15.1,88.20833333,16.3
11/24/2021,613,3996.9624,7.014780712,80.89045455,202.75,2.7,2.71,269.77,227.732,31.63,78.14285714,16,33.3,FALSE,null,null,FALSE,Colombo,25.1,18.2,90.20833333,21.2
11/25/2021,613,3996.9624,7.014780712,80.89045455,202.5,2.664,2.69,270.105,226.719,31.59,77.85714286,16,33.4,FALSE,null,null,FALSE,Colombo,24.2,27.8,93.83333333,9.4
11/26/2021,613,3996.9624,7.014780712,80.89045455,202.5,2.709,2.698,269.942,226.361,31.7,77.57142857,16,33.5,FALSE,null,null,FALSE,Colombo,25.3,3.9,89.91666667,10.7
11/27/2021,644,3996.9624,7.014780712,80.89045455,null,null,null,null,null,null,77.28571429,16,33.6,FALSE,null,null,FALSE,Colombo,25.2,9.3,91.66666667,12.4
11/28/2021,675,3996.9624,7.014780712,80.89045455,null,null,null,null,null,null,77,16,33.7,FALSE,null,null,FALSE,Colombo,24.5,33.9,93.25,11
11/29/2021,583,3996.9624,7.014780712,80.89045455,202.75,2.732,2.696,269.628,228.603,31.82,77.85714286,16,33.8,FALSE,null,null,FALSE,Colombo,24.3,14.6,92.5,10.9
11/30/2021,613,3996.9624,7.014780712,80.89045455,202.75,2.728,2.679,268.256,228.602,31.56,78.71428571,16,33.9,FALSE,null,null,FALSE,Colombo,24.9,7.1,90.625,9.8
12/1/2021,800,3996.9624,7.014780712,74.67826087,202,2.739,2.693,269.497,229.554,31.67,79.57142857,16,34,FALSE,null,null,FALSE,Colombo,25.3,0.8,88.25,10.8
12/2/2021,800,3996.9624,7.014780712,74.67826087,202.5,2.731,2.671,267.307,227.512,31.52,80.42857143,16,34.12903226,FALSE,null,null,FALSE,Colombo,25.6,0.6,87.91666667,11.6
12/3/2021,800,3996.9624,7.014780712,74.67826087,202,2.72,2.686,268.958,228.24,31.75,81.28571429,16,34.25806452,FALSE,null,null,FALSE,Colombo,25.6,2.1,87.33333333,12.3
12/4/2021,840,3996.9624,7.014780712,74.67826087,null,null,null,null,null,null,82.14285714,16,34.38709677,FALSE,null,null,FALSE,Colombo,25.6,2.2,88.45833333,14.5
12/5/2021,880,3996.9624,7.014780712,74.67826087,null,null,null,null,null,null,83,16,34.51612903,FALSE,null,Lanka Premier League (Cricket),TRUE,Colombo,26,0.3,87.54166667,11.9
12/6/2021,760,3996.9624,7.014780712,74.67826087,202.75,2.722,2.685,268.523,227.391,31.8,83.57142857,16,34.64516129,FALSE,null,Lanka Premier League (Cricket),TRUE,Colombo,25.4,6,89.83333333,11.2
12/7/2021,800,3996.9624,7.014780712,74.67826087,202.75,2.751,2.689,268.018,228.521,31.95,84.14285714,16,34.77419355,FALSE,null,Lanka Premier League (Cricket),TRUE,Colombo,26.7,0,83.875,13.6
12/8/2021,800,3996.9624,7.014780712,74.67826087,202.875,2.729,2.671,267.726,228.137,31.67,84.71428571,16,34.90322581,FALSE,null,Lanka Premier League (Cricket),TRUE,Colombo,26.1,0.7,86.91666667,15.5
12/9/2021,800,3996.9624,7.014780712,74.67826087,202.5,2.741,2.667,268.759,229.959,31.7,85.28571429,16,35.03225806,FALSE,null,Lanka Premier League (Cricket),TRUE,Colombo,26,1.7,87.33333333,12.6
12/10/2021,800,3996.9624,7.014780712,74.67826087,202.5,2.728,2.652,267.014,228.098,31.55,85.85714286,16,35.16129032,FALSE,null,Lanka Premier League (Cricket),TRUE,Colombo,26.4,2.4,83.125,10
12/11/2021,840,3996.9624,7.014780712,74.67826087,null,null,null,null,null,null,86.42857143,16,35.29032258,FALSE,null,Lanka Premier League (Cricket),TRUE,Colombo,26.6,1.9,80.08333333,10.9
12/12/2021,880,3996.9624,7.014780712,74.67826087,null,null,null,null,null,null,87,16,35.41935484,FALSE,null,Lanka Premier League (Cricket),TRUE,Colombo,26.1,0.9,84.58333333,10.2
12/13/2021,760,3996.9624,7.014780712,74.67826087,202,2.734,2.656,268.111,228.482,31.72,88.71428571,16,35.5483871,FALSE,null,Lanka Premier League (Cricket),TRUE,Colombo,25.4,22.9,89.66666667,7.8
12/14/2021,800,3996.9624,7.014780712,74.67826087,202.5,2.728,2.632,267.943,226.788,31.57,90.42857143,16,35.67741935,FALSE,null,Lanka Premier League (Cricket),TRUE,Colombo,25.7,2.3,88.66666667,14.3
12/15/2021,800,3996.9624,7.014780712,74.67826087,202,2.733,2.637,269.085,227.391,31.56,92.14285714,16,35.80645161,FALSE,null,Lanka Premier League (Cricket),TRUE,Colombo,25.1,6.8,90.75,15.9
12/16/2021,806,3996.9624,7.014780712,74.67826087,202,2.705,2.643,267.438,226.829,31.52,93.85714286,16,35.93548387,FALSE,null,Lanka Premier League (Cricket),TRUE,Colombo,25.5,7.1,88.91666667,15.2
12/17/2021,800,3996.9624,7.014780712,74.67826087,202,2.712,2.667,267.452,227.693,31.68,95.57142857,16,36.06451613,FALSE,null,Lanka Premier League (Cricket),TRUE,Colombo,25.5,9.6,87.5,12.5
12/18/2021,840,3996.9624,7.014780712,74.67826087,null,null,null,null,null,null,97.28571429,16,36.19354839,TRUE,Unduvap Full Moon Poya Day,Lanka Premier League (Cricket),TRUE,Colombo,25.8,6.7,85.45833333,14.8
12/19/2021,880,3996.9624,7.014780712,74.67826087,null,null,null,null,null,null,99,16,36.32258065,FALSE,null,Lanka Premier League (Cricket),TRUE,Colombo,26.4,11.7,79.5,21.5
12/20/2021,760,3996.9624,7.014780712,74.67826087,202.5,2.728,2.668,268.688,225.884,31.7,99.14285714,16,36.4516129,FALSE,null,Lanka Premier League (Cricket),TRUE,Colombo,26.5,0,76.5,21.6
12/21/2021,800,3996.9624,7.014780712,74.67826087,202.5,2.734,2.676,270.358,227.755,31.71,99.28571429,16,36.58064516,FALSE,null,Lanka Premier League (Cricket),TRUE,Colombo,26.2,1.2,81.20833333,17.2
12/22/2021,800,3996.9624,7.014780712,74.67826087,202.5,2.745,2.692,271.543,227.917,31.71,99.42857143,16,36.70967742,FALSE,null,Lanka Premier League (Cricket),TRUE,Colombo,26.2,0.1,80.5,17.4
12/23/2021,800,3996.9624,7.014780712,74.67826087,202.5,2.74,2.692,271.087,228.745,31.72,99.57142857,16,36.83870968,FALSE,null,Lanka Premier League (Cricket),TRUE,Colombo,25.6,0.2,82.08333333,15
12/24/2021,800,3996.9624,7.014780712,74.67826087,202.5,2.753,2.7,272.547,228.826,31.78,99.71428571,16,36.96774194,FALSE,null,null,FALSE,Colombo,25.2,0,77.5,17.3
12/25/2021,840,3996.9624,7.014780712,74.67826087,null,null,null,null,null,null,99.85714286,16,37.09677419,TRUE,Christmas Day,null,FALSE,Colombo,24.7,0,74.33333333,13.4
12/26/2021,880,3996.9624,7.014780712,74.67826087,null,null,null,null,null,null,100,16,37.22580645,FALSE,null,null,FALSE,Colombo,24.5,0.4,78.125,12.1
12/27/2021,760,3996.9624,7.014780712,74.67826087,202.75,2.753,2.713,272.583,228.603,31.83,98.57142857,16,37.35483871,FALSE,null,null,FALSE,Colombo,24.9,0,76,16.3
12/28/2021,800,3996.9624,7.014780712,74.67826087,202.875,2.726,2.715,273.49,229.352,31.8,97.14285714,16,37.48387097,FALSE,null,null,FALSE,Colombo,25.6,0,75.83333333,18.5
12/29/2021,800,3996.9624,7.014780712,74.67826087,202.75,2.712,2.724,273.8,229.29,31.79,95.71428571,16,37.61290323,FALSE,null,null,FALSE,Colombo,26.4,0,75.70833333,22.8
12/30/2021,800,3996.9624,7.014780712,74.67826087,202.875,2.703,2.721,274.51,229.797,31.88,94.28571429,16,37.74193548,FALSE,null,null,FALSE,Colombo,25.5,8.4,85.20833333,11.4
12/31/2021,800,3996.9624,7.014780712,74.67826087,202.875,2.713,2.724,273.334,229.554,31.88,92.85714286,16,37.87096774,FALSE,null,null,FALSE,Colombo,25.3,2.3,86.66666667,10.4
1/1/2022,2067,3342.636503,49.72110211,85.62238095,null,null,null,null,null,null,91.42857143,16,38,FALSE,null,null,FALSE,Colombo,25.7,3.5,83.91666667,11.6
1/2/2022,2165,3342.636503,49.72110211,85.62238095,null,null,null,null,null,null,90,16,38.03225806,FALSE,null,null,FALSE,Colombo,26.2,8,80.29166667,14.6
1/3/2022,1870,3342.636503,49.72110211,85.62238095,202.875,2.686,2.719,274.49,230.486,31.81,90.14285714,16,38.06451613,FALSE,null,null,FALSE,Colombo,25.7,14.2,82.125,15.9
1/4/2022,1968,3342.636503,49.72110211,85.62238095,202.875,2.615,2.706,273.831,228.986,31.58,90.28571429,16,38.09677419,FALSE,null,null,FALSE,Colombo,26.3,4,76.79166667,22.6
1/5/2022,1968,3342.636503,49.72110211,85.62238095,202,2.631,2.702,273.337,228.803,31.49,90.42857143,16,38.12903226,FALSE,null,null,FALSE,Colombo,25.8,3,78.04166667,19.8
1/6/2022,1968,3342.636503,49.72110211,85.62238095,202,2.667,2.729,275.677,227.391,31.79,90.57142857,16,38.16129032,FALSE,null,null,FALSE,Colombo,26.6,0.8,79.29166667,20.8
1/7/2022,1968,3342.636503,49.72110211,85.62238095,202.875,2.696,2.739,275.474,226.949,31.79,90.71428571,16,38.19354839,FALSE,null,null,FALSE,Colombo,26.2,3.7,84.41666667,11.6
1/8/2022,2067,3342.636503,49.72110211,85.62238095,null,null,null,null,null,null,90.85714286,16,38.22580645,FALSE,null,null,FALSE,Colombo,26.5,0.8,78.45833333,12.5
1/9/2022,2165,3342.636503,49.72110211,85.62238095,null,null,null,null,null,null,91,16,38.25806452,FALSE,null,null,FALSE,Colombo,26.4,1.4,78.25,15.2
1/10/2022,1870,3342.636503,49.72110211,85.62238095,202.875,2.718,2.746,276.62,230.304,31.81,89.28571429,16,38.29032258,FALSE,null,null,FALSE,Colombo,25.9,0.9,82.875,13.8
1/11/2022,1968,3342.636503,49.72110211,85.62238095,202.875,2.71,2.747,278,229.594,31.88,87.57142857,16,38.32258065,FALSE,null,null,FALSE,Colombo,26.3,2.1,80.91666667,19.2
1/12/2022,1968,3342.636503,49.72110211,85.62238095,202.875,2.645,2.74,278.071,230.425,31.88,85.85714286,16,38.35483871,FALSE,null,null,FALSE,Colombo,25.7,3.8,84.08333333,12.5
1/13/2022,1968,3342.636503,49.72110211,85.62238095,202.875,2.657,2.734,277.432,231.987,31.91,84.14285714,16,38.38709677,FALSE,null,null,FALSE,Colombo,26,2.2,84.375,13.5
1/14/2022,1968,3342.636503,49.72110211,85.62238095,202.875,2.653,2.728,276.407,232.21,31.9,82.42857143,16,38.41935484,TRUE,Tamil Thai Pongal Day,null,FALSE,Colombo,26.3,0.1,84.875,12.6
1/15/2022,2067,3342.636503,49.72110211,85.62238095,null,null,null,null,null,null,80.71428571,16,38.4516129,FALSE,null,null,FALSE,Colombo,26.3,2.5,87.125,11.3
1/16/2022,2174,3342.636503,49.72110211,85.62238095,null,null,null,null,null,null,79,16,38.48387097,FALSE,null,null,FALSE,Colombo,26.5,1.2,81.875,13.6
1/17/2022,1870,3342.636503,49.72110211,85.62238095,202.54,2.612,2.703,275.235,231.419,31.72,78.71428571,16,38.51612903,TRUE,Duruthu Full Moon Poya Day,null,FALSE,Colombo,26.3,4.1,77.29166667,15.1
1/18/2022,1968,3342.636503,49.72110211,85.62238095,202.445,2.656,2.72,276.039,231.079,31.92,78.42857143,16,38.5483871,FALSE,null,null,FALSE,Colombo,26.9,1.6,73.91666667,16.8
1/19/2022,1968,3342.636503,49.72110211,85.62238095,202.85,2.628,2.71,275.352,228.267,31.83,78.14285714,16,38.58064516,FALSE,null,null,FALSE,Colombo,27.5,0,66.08333333,22.3
1/20/2022,1968,3342.636503,49.72110211,85.62238095,202.48,2.597,2.714,274.509,229.712,31.86,77.85714286,16,38.61290323,FALSE,null,null,FALSE,Colombo,26.4,0,65.95833333,19.2
1/21/2022,1968,3342.636503,49.72110211,85.62238095,202.5,2.562,2.705,272.31,228.281,31.89,77.57142857,16,38.64516129,FALSE,null,null,FALSE,Colombo,25.1,0,66.20833333,18.7
1/22/2022,2067,3342.636503,49.72110211,85.62238095,null,null,null,null,null,null,77.28571429,16,38.67741935,FALSE,null,null,FALSE,Colombo,24.8,0,77.70833333,17.2
1/23/2022,2165,3342.636503,49.72110211,85.62238095,null,null,null,null,null,null,77,16,38.70967742,FALSE,null,null,FALSE,Colombo,25.4,0.1,80.20833333,13
1/24/2022,1870,3342.636503,49.72110211,85.62238095,201.905,2.566,2.7,272.667,229.068,31.92,77.71428571,16,38.74193548,FALSE,null,null,FALSE,Colombo,25.9,0.3,76.91666667,15.3
1/25/2022,1968,3342.636503,49.72110211,85.62238095,201.915,2.542,2.695,272.99,228.658,31.94,78.42857143,16,38.77419355,FALSE,null,null,FALSE,Colombo,25.5,1.7,76.625,13.7
1/26/2022,1968,3342.636503,49.72110211,85.62238095,202.77,2.575,2.672,270.418,228.184,31.54,79.14285714,16,38.80645161,FALSE,null,null,FALSE,Colombo,25.2,2.8,78.91666667,14.8
1/27/2022,1968,3342.636503,49.72110211,85.62238095,202,2.567,2.678,270.791,226.886,31.6,79.85714286,16,38.83870968,FALSE,null,null,FALSE,Colombo,26.3,1.1,69.79166667,18.5
1/28/2022,1968,3342.636503,49.72110211,85.62238095,202,2.6,2.698,272.198,223.974,31.63,80.57142857,16,38.87096774,FALSE,null,null,FALSE,Colombo,25.7,0.6,75,18.2
1/29/2022,2067,3342.636503,49.72110211,85.62238095,null,null,null,null,null,null,81.28571429,16,38.90322581,FALSE,null,null,FALSE,Colombo,26.8,0.4,78.625,14
1/30/2022,2165,3342.636503,49.72110211,85.62238095,null,null,null,null,null,null,82,16,38.93548387,FALSE,null,null,FALSE,Colombo,26.9,0.3,82.45833333,15.9
1/31/2022,1870,3342.636503,49.72110211,85.62238095,202.4,2.633,2.692,273.689,223.974,31.64,82.42857143,16,38.96774194,FALSE,null,null,FALSE,Colombo,25.1,9.5,88.95833333,10.4
2/1/2022,2062,3342.636503,49.72110211,94.267,202.41,2.642,2.697,275.349,226.008,31.73,82.85714286,17,39,FALSE,null,null,FALSE,Colombo,25.6,0,85.33333333,17.5
2/2/2022,2062,3342.636503,49.72110211,94.267,202.76,2.658,2.706,275.611,226.822,31.75,83.28571429,17,38.92857143,FALSE,null,null,FALSE,Colombo,25.8,0.5,80.70833333,13.3
2/3/2022,2062,3342.636503,49.72110211,94.267,202.685,2.673,2.712,273.899,228.108,31.82,83.71428571,17,38.85714286,FALSE,null,null,FALSE,Colombo,25.5,0,82.5,14.2
2/4/2022,2062,3342.636503,49.72110211,94.267,202.43,2.669,2.7,274.423,231.025,31.67,84.14285714,17,38.78571429,TRUE,Independence Day,null,FALSE,Colombo,25.4,0,80.16666667,13
2/5/2022,2165,3342.636503,49.72110211,94.267,null,null,null,null,null,null,84.57142857,17,38.71428571,FALSE,null,null,FALSE,Colombo,26.1,0,81.66666667,16.1
2/6/2022,2268,3342.636503,49.72110211,94.267,null,null,null,null,null,null,85,17,38.64285714,FALSE,null,null,FALSE,Colombo,26.2,0,72.58333333,18.4
2/7/2022,1959,3342.636503,49.72110211,94.267,202.735,2.691,2.683,273.477,231.742,31.49,86,17,38.57142857,FALSE,null,null,FALSE,Colombo,26.9,0.2,66.79166667,26
2/8/2022,2062,3342.636503,49.72110211,94.267,201.94,2.698,2.699,273.205,230.705,31.73,87,17,38.5,FALSE,null,null,FALSE,Colombo,26.9,0,67.04166667,24.3
2/9/2022,2062,3342.636503,49.72110211,94.267,201.865,2.688,2.689,274.899,228.874,31.78,88,17,38.42857143,FALSE,null,null,FALSE,Colombo,27.1,0,62.58333333,21.7
2/10/2022,2062,3342.636503,49.72110211,94.267,202.78,2.607,2.68,274.631,230.611,31.79,89,17,38.35714286,FALSE,null,null,FALSE,Colombo,26.7,0.9,69.04166667,20.2
2/11/2022,2062,3342.636503,49.72110211,94.267,202.5,2.628,2.665,273.909,230.814,31.74,90,17,38.28571429,FALSE,null,null,FALSE,Colombo,26.3,2.7,80.5,13.1
2/12/2022,2165,3342.636503,49.72110211,94.267,null,null,null,null,null,null,91,17,38.21428571,FALSE,null,null,FALSE,Colombo,25.5,24,86.75,10.4
2/13/2022,2268,3342.636503,49.72110211,94.267,null,null,null,null,null,null,92,17,38.14285714,FALSE,null,null,FALSE,Colombo,25.1,6.9,84.54166667,17.4
2/14/2022,1959,3342.636503,49.72110211,94.267,202.475,2.682,2.679,274.037,229.25,31.78,91.42857143,17,38.07142857,FALSE,null,null,FALSE,Colombo,26.7,3.5,74.125,17.8
2/15/2022,2064,3342.636503,49.72110211,94.267,202.435,2.691,2.694,274.706,228.135,31.91,90.85714286,17,38,FALSE,null,null,FALSE,Colombo,26.8,0,67.375,23.7
2/16/2022,2062,3342.636503,49.72110211,94.267,202.205,2.657,2.682,275.922,228.801,31.78,90.28571429,17,37.92857143,TRUE,Nawam Full Moon Poya Day,null,FALSE,Colombo,26.6,0,67.70833333,20.9
2/17/2022,2062,3342.636503,49.72110211,94.267,202.615,2.605,2.704,275.238,229.988,31.93,89.71428571,17,37.85714286,FALSE,null,null,FALSE,Colombo,26.5,0,68.29166667,20.9
2/18/2022,2062,3342.636503,49.72110211,94.267,202.5,2.508,2.708,275.38,228.813,31.86,89.14285714,17,37.78571429,FALSE,null,null,FALSE,Colombo,26.6,1.2,75.79166667,15.6
2/19/2022,2165,3342.636503,49.72110211,94.267,null,null,null,null,null,null,88.57142857,17,37.71428571,FALSE,null,null,FALSE,Colombo,26.7,1.3,79.79166667,14
2/20/2022,2268,3342.636503,49.72110211,94.267,null,null,null,null,null,null,88,17,37.64285714,FALSE,null,null,FALSE,Colombo,26.8,0.8,82.33333333,13.6
2/21/2022,1959,3342.636503,49.72110211,94.267,202.485,2.562,2.713,275.467,228.684,32.01,87.71428571,17,37.57142857,FALSE,null,null,FALSE,Colombo,27.3,1,81.875,13.1
2/22/2022,2062,3342.636503,49.72110211,94.267,202.75,2.489,2.706,274.266,228.326,31.98,87.42857143,17,37.5,FALSE,null,null,FALSE,Colombo,26.9,2.1,82.45833333,14.8
2/23/2022,2062,3342.636503,49.72110211,94.267,202.5,2.401,2.662,270.778,229.331,31.81,87.14285714,17,37.42857143,FALSE,null,null,FALSE,Colombo,27,0,76.20833333,14.5
2/24/2022,2062,3342.636503,49.72110211,94.267,202.42,2.408,2.69,271.492,228.442,31.97,86.85714286,17,37.35714286,FALSE,null,null,FALSE,Colombo,27.1,1.9,76.33333333,10.8
2/25/2022,2062,3342.636503,49.72110211,94.267,202.5,1.91,2.66,271.091,225.342,31.84,86.57142857,17,37.28571429,FALSE,null,null,FALSE,Colombo,27.1,0.4,73.66666667,13.9
2/26/2022,2165,3342.636503,49.72110211,94.267,null,null,null,null,null,null,86.28571429,17,37.21428571,FALSE,null,null,FALSE,Colombo,26.4,2.2,77.79166667,12.9
2/27/2022,2268,3342.636503,49.72110211,94.267,null,null,null,null,null,null,86,17,37.14285714,FALSE,null,null,FALSE,Colombo,27.2,1,74.75,19.3
2/28/2022,1959,3342.636503,49.72110211,94.267,201.99,1.861,2.662,268.833,227.593,31.96,86.57142857,17,37.07142857,FALSE,null,null,FALSE,Colombo,27.9,0,65.04166667,24.9
3/1/2022,1975,3342.636503,49.72110211,112.44,201.735,1.976,2.666,271.69,225.412,31.91,87.14285714,16,37,TRUE,Maha Sivarathri Day,null,FALSE,Colombo,28.6,0.6,61.29166667,21.2
3/2/2022,1975,3342.636503,49.72110211,112.44,202.655,1.843,2.658,270.338,224.471,31.96,87.71428571,16,36.96774194,FALSE,null,null,FALSE,Colombo,27.8,1.6,64.875,20.9
3/3/2022,1975,3342.636503,49.72110211,112.44,202.5,1.645,2.637,266.525,224.355,31.88,88.28571429,16,36.93548387,FALSE,null,null,FALSE,Colombo,28.3,0.2,63.20833333,21.9
3/4/2022,1975,3342.636503,49.72110211,112.44,201.5,1.416,2.623,264.535,223.493,31.94,88.85714286,16,36.90322581,FALSE,null,null,FALSE,Colombo,27.1,1.9,74.45833333,24.3
3/5/2022,2074,3342.636503,49.72110211,112.44,null,null,null,null,null,null,89.42857143,16,36.87096774,FALSE,null,null,FALSE,Colombo,27.1,0.7,76,24.6
3/6/2022,2172,3342.636503,49.72110211,112.44,null,null,null,null,null,null,90,16,36.83870968,FALSE,null,null,FALSE,Colombo,27.5,0,72.70833333,22
3/7/2022,1876,3342.636503,49.72110211,112.44,201.865,1.792,2.958,298.133,220.179,36,89.71428571,16,36.80645161,FALSE,null,null,FALSE,Colombo,27,1.6,78.875,15.3
3/8/2022,1975,3342.636503,49.72110211,112.44,227.495,1.66,2.976,299.671,219.105,35.99,89.42857143,16,36.77419355,FALSE,null,null,FALSE,Colombo,26.9,2.5,81.54166667,17.8
3/9/2022,1975,3342.636503,49.72110211,112.44,227.35,1.918,3.34,333.492,247.993,40.31,89.14285714,16,36.74193548,FALSE,null,null,FALSE,Colombo,26.8,0.1,80.5,16.6
3/10/2022,1975,3342.636503,49.72110211,112.44,254.855,1.911,3.333,332.47,251.825,40.22,88.85714286,16,36.70967742,FALSE,null,null,FALSE,Colombo,27,0.5,78.16666667,16.3
3/11/2022,1975,3342.636503,49.72110211,112.44,255,2.101,3.336,331.552,279.96,40.06,88.57142857,16,36.67741935,FALSE,null,null,FALSE,Colombo,26.9,5.5,80.58333333,16.5
3/12/2022,2074,3342.636503,49.72110211,112.44,null,null,null,null,null,null,88.28571429,16,36.64516129,FALSE,null,null,FALSE,Colombo,26.2,1.3,83.20833333,15.1
3/13/2022,2172,3342.636503,49.72110211,112.44,null,null,null,null,null,null,88,16,36.61290323,FALSE,null,null,FALSE,Colombo,26.8,2.9,83.75,18.7
3/14/2022,1876,3342.636503,49.72110211,112.44,255,2.573,3.566,355.341,278.232,42.78,88.57142857,16,36.58064516,FALSE,null,null,FALSE,Colombo,26.8,1.8,84.58333333,16.2
3/15/2022,1975,3342.636503,49.72110211,112.44,272.5,2.724,3.478,348.464,278.97,41.72,89.14285714,16,36.5483871,FALSE,null,null,FALSE,Colombo,26.6,0,84.66666667,14.8
3/16/2022,1970,3342.636503,49.72110211,112.44,265,2.594,3.483,347.76,298.47,41.67,89.71428571,16,36.51612903,FALSE,null,null,FALSE,Colombo,27.6,0,77.79166667,14.4
3/17/2022,1975,3342.636503,49.72110211,112.44,264.495,2.62,3.648,365.69,292.375,43.62,90.28571429,16,36.48387097,TRUE,Medin Full Moon Poya Day,null,FALSE,Colombo,27.4,1.5,80.20833333,15.5
3/18/2022,1975,3342.636503,49.72110211,112.44,277.5,2.642,3.67,368.735,293.353,44.05,90.85714286,16,36.4516129,FALSE,null,null,FALSE,Colombo,26.5,1.9,86.08333333,12.8
3/19/2022,2074,3342.636503,49.72110211,112.44,null,null,null,null,null,null,91.42857143,16,36.41935484,FALSE,null,null,FALSE,Colombo,26.5,7.5,85.95833333,13.7
3/20/2022,2172,3342.636503,49.72110211,112.44,null,null,null,null,null,null,92,16,36.38709677,FALSE,null,null,FALSE,Colombo,26.9,3,82.83333333,16.6
3/21/2022,1876,3342.636503,49.72110211,112.44,280,2.704,3.742,377.983,306.638,44.77,90.28571429,16,36.35483871,FALSE,null,null,FALSE,Colombo,27.6,1.4,81.875,19.2
3/22/2022,1975,3342.636503,49.72110211,112.44,285,2.94,3.691,373.042,308.449,44.33,88.57142857,16,36.32258065,FALSE,null,null,FALSE,Colombo,27.5,2.2,82.70833333,17.6
3/23/2022,1975,3342.636503,49.72110211,112.44,282.5,2.829,3.768,379.128,314.356,45.15,86.85714286,16,36.29032258,FALSE,null,null,FALSE,Colombo,27.5,1,82.54166667,18.2
3/24/2022,1975,3342.636503,49.72110211,112.44,287.5,2.829,3.834,385.56,310.892,45.95,85.14285714,16,36.25806452,FALSE,null,null,FALSE,Colombo,27.3,0.9,79.41666667,14
3/25/2022,1975,3342.636503,49.72110211,112.44,292.5,3.076,3.811,379.474,316.164,45.51,83.42857143,16,36.22580645,FALSE,null,null,FALSE,Colombo,27.4,1.4,78.5,17.6
3/26/2022,2074,3342.636503,49.72110211,112.44,null,null,null,null,null,null,81.71428571,16,36.19354839,FALSE,null,null,FALSE,Colombo,27.7,3,77.66666667,14.1
3/27/2022,2172,3342.636503,49.72110211,112.44,null,null,null,null,null,null,80,16,36.16129032,FALSE,null,null,FALSE,Colombo,27.2,0.8,82.29166667,14.8
3/28/2022,1876,3342.636503,49.72110211,112.44,289.995,3.385,3.879,384.252,321.254,46.12,79.28571429,16,36.12903226,FALSE,null,null,FALSE,Colombo,26.6,3,84.54166667,11.7
3/29/2022,1975,3342.636503,49.72110211,112.44,293.5,3.577,3.904,388.738,318.415,46.63,78.57142857,16,36.09677419,FALSE,null,null,FALSE,Colombo,27.2,2.4,82.125,14.8
3/30/2022,1975,3342.636503,49.72110211,112.44,296,3.602,3.872,386.2,325.405,46.37,77.85714286,16,36.06451613,FALSE,null,null,FALSE,Colombo,27.1,0.8,81.70833333,15.9
3/31/2022,1975,3342.636503,49.72110211,112.44,294,3.439,3.875,386.208,330.307,46.28,77.14285714,16,36.03225806,FALSE,null,null,FALSE,Colombo,27,1.3,81.45833333,17.4
4/1/2022,1810,3342.636503,49.72110211,106.1557143,294.5,3.544,3.941,390.008,325.371,46.73,76.42857143,11,36,FALSE,null,null,FALSE,Colombo,27.4,1.8,79.5,17.2
4/2/2022,1901,3342.636503,49.72110211,106.1557143,null,null,null,null,null,null,75.71428571,11,35.93333333,FALSE,null,null,FALSE,Colombo,27.7,0.8,78.08333333,14.3
4/3/2022,1991,3342.636503,49.72110211,106.1557143,null,null,null,null,null,null,75,11,35.86666667,FALSE,null,null,FALSE,Colombo,27.1,3.4,80.125,14
4/4/2022,1720,3342.636503,49.72110211,106.1557143,297.375,3.534,3.941,388.715,325.57,46.73,78.57142857,11,35.8,FALSE,null,null,FALSE,Colombo,26.3,14.3,84.66666667,13.8
4/5/2022,1810,3342.636503,49.72110211,106.1557143,297.375,3.702,4.016,398.636,326.28,47.96,82.14285714,11,35.73333333,FALSE,null,null,FALSE,Colombo,25.3,21.4,88.33333333,19.2
4/6/2022,1810,3342.636503,49.72110211,106.1557143,305,3.981,4.15,411.847,324.288,49.53,85.71428571,11,35.66666667,FALSE,null,null,FALSE,Colombo,25.2,10.2,88.70833333,15.8
4/7/2022,1810,3342.636503,49.72110211,106.1557143,315,3.931,4.147,410.525,332.329,49.49,89.28571429,11,35.6,FALSE,null,null,FALSE,Colombo,26.1,3.8,86.875,12.3
4/8/2022,1810,3342.636503,49.72110211,106.1557143,315,3.868,4.253,420.155,342.689,50.63,92.85714286,11,35.53333333,FALSE,null,null,FALSE,Colombo,25,14.5,90.08333333,10
4/9/2022,1901,3342.636503,49.72110211,106.1557143,null,null,null,null,null,null,96.42857143,11,35.46666667,FALSE,null,null,FALSE,Colombo,25.7,9.7,87.08333333,12.9
4/10/2022,1991,3342.636503,49.72110211,106.1557143,null,null,null,null,null,null,100,11,35.4,FALSE,null,null,FALSE,Colombo,25.3,27.2,89.33333333,12
4/11/2022,1720,3342.636503,49.72110211,106.1557143,322.5,3.783,4.239,419.269,342.658,50.66,96.57142857,11,35.33333333,TRUE,Special Public Holiday,null,FALSE,Colombo,26.4,9.2,86.875,13
4/12/2022,1810,3342.636503,49.72110211,106.1557143,322.5,3.914,4.234,422.75,350.993,50.61,93.14285714,11,35.26666667,TRUE,Special Public Holiday,null,FALSE,Colombo,26.1,11.4,90.04166667,14
4/13/2022,1810,3342.636503,49.72110211,106.1557143,322.285,3.907,4.224,421.115,349.204,50.53,89.71428571,11,35.2,TRUE,Day Before Sinhala and Tamil New Year,null,FALSE,Colombo,26.1,6,88.875,18.1
4/14/2022,1810,3342.636503,49.72110211,106.1557143,322.285,3.998,4.222,420.906,350.879,50.58,86.28571429,11,35.13333333,TRUE,Sinhala and Tamil New Year,null,FALSE,Colombo,26.8,2.1,85.25,15.5
4/15/2022,1810,3342.636503,49.72110211,106.1557143,322.285,4.044,4.293,426.146,349.02,51.44,82.85714286,11,35.06666667,TRUE,Good Friday,null,FALSE,Colombo,27.5,0.4,85,17.3
4/16/2022,1900,3342.636503,49.72110211,106.1557143,null,null,null,null,null,null,79.42857143,11,35,TRUE,Bak Full Moon Poya Day,null,FALSE,Colombo,27.7,1,83.66666667,18.8
4/17/2022,1991,3342.636503,49.72110211,106.1557143,null,null,null,null,null,null,76,11,34.93333333,FALSE,null,null,FALSE,Colombo,27.5,1.3,83.41666667,17.4
4/18/2022,1720,3342.636503,49.72110211,106.1557143,327.5,4.155,4.382,435.468,348.327,52.4,76,11,34.86666667,FALSE,null,null,FALSE,Colombo,26.9,2.7,86.83333333,14.6
4/19/2022,1810,3342.636503,49.72110211,106.1557143,335,4.079,4.392,437.779,353.112,52.19,76,11,34.8,FALSE,null,null,FALSE,Colombo,26.2,16.3,87.5,13.4
4/20/2022,1810,3342.636503,49.72110211,106.1557143,335,4.148,4.393,436.439,361.399,51.93,76,11,34.73333333,FALSE,null,null,FALSE,Colombo,27.3,1.7,86.875,12.9
4/21/2022,1810,3342.636503,49.72110211,106.1557143,335,4.336,4.381,430.107,363.577,51.53,76,11,34.66666667,FALSE,null,null,FALSE,Colombo,26.9,6,88.08333333,11
4/22/2022,1810,3342.636503,49.72110211,106.1557143,335,4.472,4.365,426.841,363.074,51.07,76,11,34.6,FALSE,null,null,FALSE,Colombo,26.3,9.3,88.58333333,15
4/23/2022,1901,3342.636503,49.72110211,106.1557143,null,null,null,null,null,null,76,11,34.53333333,FALSE,null,null,FALSE,Colombo,26.7,0.7,86.95833333,9.7
4/24/2022,1991,3342.636503,49.72110211,106.1557143,null,null,null,null,null,null,76,11,34.46666667,FALSE,null,null,FALSE,Colombo,27.4,5.5,82.5,11.1
4/25/2022,1720,3342.636503,49.72110211,106.1557143,335,4.535,4.467,430.729,361.633,52.24,75.42857143,11,34.4,FALSE,null,null,FALSE,Colombo,26.5,8.4,88.25,9
4/26/2022,1810,3342.636503,49.72110211,106.1557143,342.5,4.821,4.632,445.514,358.887,54.11,74.85714286,11,34.33333333,FALSE,null,null,FALSE,Colombo,26.9,3.6,87.625,9.5
4/27/2022,1810,3342.636503,49.72110211,106.1557143,354.99,4.819,4.565,436.014,364.318,52.82,74.28571429,11,34.26666667,FALSE,null,null,FALSE,Colombo,27.2,9.9,86.25,13.3
4/28/2022,1810,3342.636503,49.72110211,106.1557143,350,4.852,4.639,446.343,374.764,53.72,73.71428571,11,34.2,FALSE,null,null,FALSE,Colombo,27,3.7,84.75,11.2
4/29/2022,1810,3342.636503,49.72110211,106.1557143,355,5.024,4.632,442.617,367.501,53.61,73.14285714,11,34.13333333,FALSE,null,null,FALSE,Colombo,27.1,2.2,85.45833333,11.6
4/30/2022,1901,3342.636503,49.72110211,106.1557143,null,null,null,null,null,null,72.57142857,11,34.06666667,FALSE,null,null,FALSE,Colombo,27.9,2.1,83.625,12
5/1/2022,1446,3342.636503,49.72110211,112.1136364,null,null,null,null,null,null,72,14,34,TRUE,International Workers' Day,null,FALSE,Colombo,27.3,11.9,85.16666667,21.1
5/2/2022,1249,3342.636503,49.72110211,112.1136364,354.29,5.203,4.633,442.846,374.277,53.61,70.85714286,14,33.93548387,TRUE,Special Public Holiday,null,FALSE,Colombo,27.3,16.6,86.58333333,18.1
5/3/2022,1314,3342.636503,49.72110211,112.1136364,354.29,5.343,4.621,444.963,372.148,53.34,69.71428571,14,33.87096774,TRUE,Eid al-Fitr,null,FALSE,Colombo,27.9,2.6,85.83333333,17
5/4/2022,1314,3342.636503,49.72110211,112.1136364,352.5,5.704,4.836,457.543,372.786,55.59,68.57142857,14,33.80645161,FALSE,null,null,FALSE,Colombo,27.7,1.7,83.125,16.8
5/5/2022,1314,3342.636503,49.72110211,112.1136364,370,5.227,4.677,444.206,374.462,54,67.42857143,14,33.74193548,FALSE,null,null,FALSE,Colombo,26.9,8.6,86.125,14.8
5/6/2022,1314,3342.636503,49.72110211,112.1136364,360,5.224,4.718,450.155,390.055,54.23,66.28571429,14,33.67741935,FALSE,null,null,FALSE,Colombo,27.7,4.2,82.125,16.6
5/7/2022,1380,3342.636503,49.72110211,112.1136364,null,null,null,null,null,null,65.14285714,14,33.61290323,FALSE,null,null,FALSE,Colombo,28.7,2.2,77.625,22.7
5/8/2022,1446,3342.636503,49.72110211,112.1136364,null,null,null,null,null,null,64,14,33.5483871,FALSE,null,null,FALSE,Colombo,29.1,10.3,78.08333333,23.8
5/9/2022,1249,3342.636503,49.72110211,112.1136364,365,5.214,4.726,449.809,379.909,54.2,64.57142857,14,33.48387097,FALSE,null,null,FALSE,Colombo,27.7,11.9,84.375,20.2
5/10/2022,1314,3342.636503,49.72110211,112.1136364,364.985,5.479,4.714,447.181,385.332,54.31,65.14285714,14,33.41935484,FALSE,null,null,FALSE,Colombo,27.7,21.3,83.04166667,26.7
5/11/2022,1314,3342.636503,49.72110211,112.1136364,365,5.726,4.778,451.439,384.294,54.52,65.71428571,14,33.35483871,FALSE,null,null,FALSE,Colombo,28.2,13.6,78.125,28.9
5/12/2022,1314,3342.636503,49.72110211,112.1136364,370,5.424,4.646,441.47,383.725,53.03,66.28571429,14,33.29032258,FALSE,null,null,FALSE,Colombo,26.1,25.9,87.125,19.7
5/13/2022,1314,3342.636503,49.72110211,112.1136364,360,5.574,4.616,442.599,384.061,52.94,66.85714286,14,33.22580645,FALSE,null,null,FALSE,Colombo,26,61.7,88.91666667,25.7
5/14/2022,1380,3342.636503,49.72110211,112.1136364,null,null,null,null,null,null,67.42857143,14,33.16129032,FALSE,null,null,FALSE,Colombo,25.9,70.5,89.875,28
5/15/2022,1446,3342.636503,49.72110211,112.1136364,null,null,null,null,null,null,68,14,33.09677419,TRUE,Vesak Full Moon Poya Day,null,FALSE,Colombo,26.4,30.6,87.54166667,20.3
5/16/2022,1254,3342.636503,49.72110211,112.1136364,359.28,5.518,4.647,449.713,374.87,53.43,67.85714286,14,33.03225806,TRUE,Day Following Vesak Full Moon Poya Day,null,FALSE,Colombo,27,17.6,83.625,24.6
5/17/2022,1314,3342.636503,49.72110211,112.1136364,360,5.571,4.627,444.278,374.839,53.3,67.71428571,14,32.96774194,FALSE,null,null,FALSE,Colombo,26.9,19.5,84.66666667,28.5
5/18/2022,1314,3342.636503,49.72110211,112.1136364,360,5.793,4.648,448.459,379.766,53.61,67.57142857,14,32.90322581,FALSE,null,null,FALSE,Colombo,26.6,17.2,85.79166667,29.3
5/19/2022,1314,3342.636503,49.72110211,112.1136364,359.86,5.815,4.62,449.257,376.849,53.75,67.42857143,14,32.83870968,FALSE,null,null,FALSE,Colombo,26.8,13.4,84.83333333,25.5
5/20/2022,1314,3342.636503,49.72110211,112.1136364,359.75,6.152,4.636,452.576,381.056,54.05,67.28571429,14,32.77419355,FALSE,null,null,FALSE,Colombo,27.4,2.7,82.875,21
5/21/2022,1380,3342.636503,49.72110211,112.1136364,null,null,null,null,null,null,67.14285714,14,32.70967742,FALSE,null,null,FALSE,Colombo,27.5,1.9,82.33333333,22
5/22/2022,1446,3342.636503,49.72110211,112.1136364,null,null,null,null,null,null,67,14,32.64516129,FALSE,null,null,FALSE,Colombo,27.5,3,82.375,22.5
5/23/2022,1249,3342.636503,49.72110211,112.1136364,359.5,6.214,4.64,450.509,379.969,54.03,68.28571429,14,32.58064516,FALSE,null,null,FALSE,Colombo,27.3,6.1,84.04166667,20.7
5/24/2022,1314,3342.636503,49.72110211,112.1136364,359.5,6.011,4.669,454.89,384.342,54.09,69.57142857,14,32.51612903,FALSE,null,null,FALSE,Colombo,25,63.1,92.16666667,14
5/25/2022,1314,3342.636503,49.72110211,112.1136364,362,5.611,4.666,456.291,385.923,53.76,70.85714286,14,32.4516129,FALSE,null,null,FALSE,Colombo,25.8,10.5,89.95833333,14.9
5/26/2022,1314,3342.636503,49.72110211,112.1136364,362.25,5.453,4.664,456.772,386.689,54.04,72.14285714,14,32.38709677,FALSE,null,null,FALSE,Colombo,26,17.6,88.25,17.1
5/27/2022,1314,3342.636503,49.72110211,112.1136364,362,5.667,4.668,457.991,388.55,54.35,73.42857143,14,32.32258065,FALSE,null,null,FALSE,Colombo,26,8.1,87.41666667,17.5
5/28/2022,1380,3342.636503,49.72110211,112.1136364,null,null,null,null,null,null,74.71428571,14,32.25806452,FALSE,null,null,FALSE,Colombo,26.1,16.1,87.5,22.5
5/29/2022,1446,3342.636503,49.72110211,112.1136364,null,null,null,null,null,null,76,14,32.19354839,FALSE,null,null,FALSE,Colombo,25.2,28.6,90.20833333,22.4
5/30/2022,1249,3342.636503,49.72110211,112.1136364,361.99,5.749,4.639,453.673,388.391,53.96,76.85714286,14,32.12903226,FALSE,null,null,FALSE,Colombo,25.6,32.6,88.16666667,22.8
5/31/2022,1314,3342.636503,49.72110211,112.1136364,360,5.674,4.635,449.053,390.19,53.77,77.71428571,14,32.06451613,FALSE,null,null,FALSE,Colombo,25.6,41,87.5,25.7
6/1/2022,1360,3342.636503,49.72110211,117.6927273,359.5,5.685,4.645,452.18,386.461,53.98,78.57142857,14,32,FALSE,null,null,FALSE,Colombo,26.1,33.6,85.66666667,23.6
6/2/2022,1360,3342.636503,49.72110211,117.6927273,359.5,5.669,4.585,447.767,382.868,53.45,79.42857143,14,31.96666667,FALSE,null,null,FALSE,Colombo,27.1,6.7,81.29166667,22.9
6/3/2022,1360,3342.636503,49.72110211,117.6927273,358.5,5.909,4.649,455.55,386.392,54.38,80.28571429,14,31.93333333,FALSE,null,null,FALSE,Colombo,26.9,8.6,82.91666667,22.1
6/4/2022,1428,3342.636503,49.72110211,117.6927273,null,null,null,null,null,null,81.14285714,14,31.9,FALSE,null,null,FALSE,Colombo,26.5,10.2,85.75,18.9
6/5/2022,1496,3342.636503,49.72110211,117.6927273,null,null,null,null,null,null,82,14,31.86666667,FALSE,null,null,FALSE,Colombo,26.6,5,84.33333333,21.3
6/6/2022,1292,3342.636503,49.72110211,117.6927273,363.48,5.833,4.596,452.611,381.596,53.5,81.28571429,14,31.83333333,FALSE,null,null,FALSE,Colombo,26.2,6.1,86.45833333,18.3
6/7/2022,1360,3342.636503,49.72110211,117.6927273,359.5,5.937,4.593,449.595,386.952,53.4,80.57142857,14,31.8,FALSE,null,null,FALSE,Colombo,25.9,8,87.41666667,18.6
6/8/2022,1360,3342.636503,49.72110211,117.6927273,358.5,6.248,4.626,449.749,381.954,53.79,79.85714286,14,31.76666667,FALSE,null,null,FALSE,Colombo,26.8,5.4,84.08333333,20
6/9/2022,1360,3342.636503,49.72110211,117.6927273,360,6.195,4.607,443.377,382.49,53.66,79.14285714,14,31.73333333,FALSE,null,null,FALSE,Colombo,26.7,7.7,83.125,21.6
6/10/2022,1360,3342.636503,49.72110211,117.6927273,360,6.276,4.609,436.681,382.177,53.3,78.42857143,14,31.7,FALSE,null,null,FALSE,Colombo,27.3,3.1,79,21.7
6/11/2022,1428,3342.636503,49.72110211,117.6927273,null,null,null,null,null,null,77.71428571,14,31.66666667,FALSE,null,null,FALSE,Colombo,26.6,8.3,83.25,18.7
6/12/2022,1496,3342.636503,49.72110211,117.6927273,null,null,null,null,null,null,77,14,31.63333333,FALSE,null,null,FALSE,Colombo,26.3,12.8,85.66666667,18.1
6/13/2022,1292,3342.636503,49.72110211,117.6927273,360,6.16,4.605,431.066,378.613,53.3,75.14285714,14,31.6,FALSE,null,null,FALSE,Colombo,26.9,6.4,84.25,17.5
6/14/2022,1360,3342.636503,49.72110211,117.6927273,359.28,6.504,4.605,438.481,374.654,53.62,73.28571429,14,31.56666667,TRUE,Poson Full Moon Poya Day,null,FALSE,Colombo,27,13.4,85.41666667,20.8
6/15/2022,1360,3342.636503,49.72110211,117.6927273,360,6.325,4.642,447.198,374.264,54,71.42857143,14,31.53333333,FALSE,null,null,FALSE,Colombo,25.9,12.7,88.95833333,15.9
6/16/2022,1355,3342.636503,49.72110211,117.6927273,362,6.424,4.644,442.546,375.985,53.9,69.57142857,14,31.5,FALSE,null,null,FALSE,Colombo,25.6,20.8,89.70833333,14.9
6/17/2022,1360,3342.636503,49.72110211,117.6927273,362,6.483,4.58,439.847,381.911,53.32,67.71428571,14,31.46666667,FALSE,null,null,FALSE,Colombo,26.2,7.1,86.95833333,14.8
6/18/2022,1428,3342.636503,49.72110211,117.6927273,null,null,null,null,null,null,65.85714286,14,31.43333333,FALSE,null,null,FALSE,Colombo,25.9,3.1,86.54166667,15.8
6/19/2022,1496,3342.636503,49.72110211,117.6927273,null,null,null,null,null,null,64,14,31.4,FALSE,null,null,FALSE,Colombo,26.5,10.9,83.91666667,16.4
6/20/2022,1292,3342.636503,49.72110211,117.6927273,359,6.698,4.581,441.991,380.101,53.5,65.42857143,14,31.36666667,FALSE,null,null,FALSE,Colombo,26.6,6.7,84.875,17.2
6/21/2022,1360,3342.636503,49.72110211,117.6927273,360,6.593,4.605,441.649,375.171,53.71,66.85714286,14,31.33333333,FALSE,null,null,FALSE,Colombo,26.7,10,86.20833333,16.1
6/22/2022,1360,3342.636503,49.72110211,117.6927273,360,6.603,4.568,440.206,376.795,53.29,68.28571429,14,31.3,FALSE,null,null,FALSE,Colombo,26.7,6,83.5,15.3
6/23/2022,1360,3342.636503,49.72110211,117.6927273,359,6.739,4.561,440.278,380.395,53.35,69.71428571,14,31.26666667,FALSE,null,null,FALSE,Colombo,26.9,6.7,82.83333333,17.5
6/24/2022,1360,3342.636503,49.72110211,117.6927273,359,6.717,4.55,440.332,375.707,53.33,71.14285714,14,31.23333333,FALSE,null,null,FALSE,Colombo,26.2,16,86.58333333,24
6/25/2022,1428,3342.636503,49.72110211,117.6927273,null,null,null,null,null,null,72.57142857,14,31.2,FALSE,null,null,FALSE,Colombo,26.9,24.7,84.54166667,20.2
6/26/2022,1496,3342.636503,49.72110211,117.6927273,null,null,null,null,null,null,74,14,31.16666667,FALSE,null,null,FALSE,Colombo,27.2,7,83.79166667,20.5
6/27/2022,1292,3342.636503,49.72110211,117.6927273,359,6.677,4.505,436.17,376.778,53.06,72.71428571,14,31.13333333,FALSE,null,null,FALSE,Colombo,27.8,0.7,81.33333333,20.7
6/28/2022,1360,3342.636503,49.72110211,117.6927273,358,6.836,4.508,434.147,377.813,53.13,71.42857143,14,31.1,FALSE,null,null,FALSE,Colombo,27.5,5.5,81.33333333,20.6
6/29/2022,1360,3342.636503,49.72110211,117.6927273,358,6.524,4.508,435.937,374.441,53.13,70.14285714,14,31.06666667,FALSE,null,null,FALSE,Colombo,27.5,6,83.66666667,24.1
6/30/2022,1360,3342.636503,49.72110211,117.6927273,358,6.646,4.507,433.037,371.628,53.11,68.85714286,14,31.03333333,FALSE,null,null,FALSE,Colombo,26.9,7.2,83.25,27.7
7/1/2022,2184,3342.636503,49.72110211,105.2528571,358,6.517,4.611,440.641,373.159,54.33,67.57142857,13,31,FALSE,null,null,FALSE,Colombo,27.6,0.7,80.83333333,29.5
7/2/2022,2293,3342.636503,49.72110211,105.2528571,null,null,null,null,null,null,66.28571429,13,31.03225806,FALSE,null,null,FALSE,Colombo,27.7,4.6,80.66666667,23.8
7/3/2022,2402,3342.636503,49.72110211,105.2528571,null,null,null,null,null,null,65,13,31.06451613,FALSE,null,null,FALSE,Colombo,26.6,26,84.33333333,33.1
7/4/2022,2075,3342.636503,49.72110211,105.2528571,364,5.772,4.54,430.507,371.237,53.57,66,13,31.09677419,FALSE,null,null,FALSE,Colombo,27.2,0,81.5,19.7
7/5/2022,2184,3342.636503,49.72110211,105.2528571,360,5.611,4.605,434.035,379.398,54.26,67,13,31.12903226,FALSE,null,null,FALSE,Colombo,26.8,6.5,84.125,21.3
7/6/2022,2184,3342.636503,49.72110211,105.2528571,364,5.708,4.547,432.83,369.649,53.72,68,13,31.16129032,FALSE,null,null,FALSE,Colombo,26.3,6.8,86.79166667,19.8
7/7/2022,2184,3342.636503,49.72110211,105.2528571,360,5.631,4.6,438.759,370.59,54.48,69,13,31.19354839,FALSE,null,null,FALSE,Colombo,26.5,1.2,84.45833333,17.5
7/8/2022,2184,3342.636503,49.72110211,105.2528571,364.75,5.554,4.532,428.078,365.797,53.59,70,13,31.22580645,FALSE,null,null,FALSE,Colombo,26.7,0,82.91666667,28.4
7/9/2022,2293,3342.636503,49.72110211,105.2528571,null,null,null,null,null,null,71,13,31.25806452,FALSE,null,null,FALSE,Colombo,26.8,0,83,22.4
7/10/2022,2402,3342.636503,49.72110211,105.2528571,null,null,null,null,null,null,72,13,31.29032258,TRUE,Eid al-Adha,Esala Perahera,TRUE,Colombo,27,3.1,81.5,24
7/11/2022,2075,3342.636503,49.72110211,105.2528571,360,6.136,4.511,426.15,371.499,53.31,70.71428571,13,31.32258065,FALSE,null,Esala Perahera,TRUE,Colombo,26.7,4,84.20833333,22.5
7/12/2022,2184,3342.636503,49.72110211,105.2528571,358.5,6.115,4.488,425.146,361.478,53.22,69.42857143,13,31.35483871,FALSE,null,Esala Perahera,TRUE,Colombo,26.9,1.3,84,21
7/13/2022,2184,3342.636503,49.72110211,105.2528571,357.565,6.272,4.574,432.168,359.899,54.1,68.14285714,13,31.38709677,TRUE,Esala Full Moon Poya Day,Esala Perahera,TRUE,Colombo,27,2.5,81.66666667,20.6
7/14/2022,2184,3342.636503,49.72110211,105.2528571,365.5,6.332,4.512,426.745,359.784,53.27,66.85714286,13,31.41935484,FALSE,null,Esala Perahera,TRUE,Colombo,27.1,3.6,80.95833333,24.6
7/15/2022,2184,3342.636503,49.72110211,105.2528571,360,6.332,4.499,430.28,366.159,53.39,65.57142857,13,31.4516129,FALSE,null,Esala Perahera,TRUE,Colombo,27,2,83.08333333,22.6
7/16/2022,2288,3342.636503,49.72110211,105.2528571,null,null,null,null,null,null,64.28571429,13,31.48387097,FALSE,null,Esala Perahera,TRUE,Colombo,26.7,4.4,84.83333333,17.7
7/17/2022,2402,3342.636503,49.72110211,105.2528571,null,null,null,null,null,null,63,13,31.51612903,FALSE,null,Esala Perahera,TRUE,Colombo,26.9,2.8,85.75,16.5
7/18/2022,2075,3342.636503,49.72110211,105.2528571,359.99,6.388,4.508,431.804,363.206,53.38,64,13,31.5483871,FALSE,null,Esala Perahera,TRUE,Colombo,26.8,2.2,84.625,22.8
7/19/2022,2184,3342.636503,49.72110211,105.2528571,360,6.445,4.5,430.945,365.138,53.29,65,13,31.58064516,FALSE,null,null,FALSE,Colombo,26.8,0.2,85.41666667,18.1
7/20/2022,2184,3342.636503,49.72110211,105.2528571,359.99,6.335,4.48,431.79,368.137,52.88,66,13,31.61290323,FALSE,null,null,FALSE,Colombo,26.3,7.5,86,20.9
7/21/2022,2184,3342.636503,49.72110211,105.2528571,359.99,6.209,4.509,432.145,366.435,53.32,67,13,31.64516129,FALSE,null,null,FALSE,Colombo,26.5,9.7,85.41666667,20.1
7/22/2022,2184,3342.636503,49.72110211,105.2528571,360,6.167,4.489,433.585,366.081,53.02,68,13,31.67741935,FALSE,null,null,FALSE,Colombo,26.4,9.9,84.54166667,24.5
7/23/2022,2293,3342.636503,49.72110211,105.2528571,null,null,null,null,null,null,69,13,31.70967742,FALSE,null,null,FALSE,Colombo,26.6,6.6,84.16666667,22.7
7/24/2022,2402,3342.636503,49.72110211,105.2528571,null,null,null,null,null,null,70,13,31.74193548,FALSE,null,null,FALSE,Colombo,26.5,0.4,83.75,19.5
7/25/2022,2075,3342.636503,49.72110211,105.2528571,360,5.991,4.469,432.371,367.633,52.77,70.71428571,13,31.77419355,FALSE,null,null,FALSE,Colombo,26.4,1.7,86.91666667,18.4
7/26/2022,2184,3342.636503,49.72110211,105.2528571,359.5,6.01,4.47,436.992,365.876,52.81,71.42857143,13,31.80645161,FALSE,null,null,FALSE,Colombo,26.5,0.8,86.95833333,15.3
7/27/2022,2184,3342.636503,49.72110211,105.2528571,359.5,5.843,4.545,443.907,361.07,53.65,72.14285714,13,31.83870968,FALSE,null,null,FALSE,Colombo,26,29.2,89.875,14.3
7/28/2022,2184,3342.636503,49.72110211,105.2528571,364.5,5.778,4.498,436.814,364.211,52.93,72.85714286,13,31.87096774,FALSE,null,null,FALSE,Colombo,25.7,4.8,88.83333333,12
7/29/2022,2184,3342.636503,49.72110211,105.2528571,359,5.868,4.597,444.67,369.023,53.63,73.57142857,13,31.90322581,FALSE,null,Kataragama Esala Festival (Uva/Southern),TRUE,Colombo,25.8,2.7,90.29166667,11.2
7/30/2022,2293,3342.636503,49.72110211,105.2528571,null,null,null,null,null,null,74.28571429,13,31.93548387,FALSE,null,Kataragama Esala Festival (Uva/Southern),TRUE,Colombo,26.1,4.4,87.91666667,17.4
7/31/2022,2402,3342.636503,49.72110211,105.2528571,null,null,null,null,null,null,75,13,31.96774194,FALSE,null,Kataragama Esala Festival (Uva/Southern),TRUE,Colombo,26.1,3.6,86.58333333,19.7
8/1/2022,1983,3342.636503,49.72110211,97.64304348,362.995,5.937,4.552,438.174,364.783,52.98,76.42857143,17,32,FALSE,null,Kataragama Esala Festival (Uva/Southern),TRUE,Colombo,25.4,31.2,87.79166667,30.6
8/2/2022,2088,3342.636503,49.72110211,97.64304348,359.985,5.872,4.512,436.024,372.543,52.83,77.85714286,17,32.06451613,FALSE,null,Kandy Esala Perahera (Kandy) | Kataragama Esala Festival (Uva/Southern),TRUE,Colombo,25.6,38.3,84.16666667,30.1
8/3/2022,2088,3342.636503,49.72110211,97.64304348,359,5.801,4.509,436.688,363.821,52.89,79.28571429,17,32.12903226,FALSE,null,Kandy Esala Perahera (Kandy) | Kataragama Esala Festival (Uva/Southern),TRUE,Colombo,25.5,28.9,84.875,30.1
8/4/2022,2088,3342.636503,49.72110211,97.64304348,359,5.896,4.498,433.403,362.819,52.79,80.71428571,17,32.19354839,FALSE,null,Kandy Esala Perahera (Kandy) | Kataragama Esala Festival (Uva/Southern),TRUE,Colombo,26.1,21.7,83,27.2
8/5/2022,2088,3342.636503,49.72110211,97.64304348,359,5.912,4.586,440.941,365.782,54.07,82.14285714,17,32.25806452,FALSE,null,Kandy Esala Perahera (Kandy) | Kataragama Esala Festival (Uva/Southern),TRUE,Colombo,26.3,5.9,83.41666667,24.2
8/6/2022,2192,3342.636503,49.72110211,97.64304348,null,null,null,null,null,null,83.57142857,17,32.32258065,FALSE,null,Kandy Esala Perahera (Kandy) | Kataragama Esala Festival (Uva/Southern),TRUE,Colombo,26.1,5.3,84.66666667,21.5
8/7/2022,2297,3342.636503,49.72110211,97.64304348,null,null,null,null,null,null,85,17,32.38709677,FALSE,null,Kandy Esala Perahera (Kandy) | Kataragama Esala Festival (Uva/Southern),TRUE,Colombo,26.5,2.6,83.70833333,23
8/8/2022,1983,3342.636503,49.72110211,97.64304348,365,5.901,4.486,433.744,363.462,52.87,84.85714286,17,32.4516129,FALSE,null,Kandy Esala Perahera (Kandy) | Kataragama Esala Festival (Uva/Southern),TRUE,Colombo,26.6,2.7,82.29166667,24.3
8/9/2022,2088,3342.636503,49.72110211,97.64304348,359,5.904,4.589,443.823,372.191,53.99,84.71428571,17,32.51612903,FALSE,null,Kandy Esala Perahera (Kandy) | Kataragama Esala Festival (Uva/Southern),TRUE,Colombo,26.3,2.4,85.45833333,21.4
8/10/2022,2088,3342.636503,49.72110211,97.64304348,363,5.988,4.561,443.363,364.533,53.82,84.57142857,17,32.58064516,FALSE,null,Kandy Esala Perahera (Kandy) | Kataragama Esala Festival (Uva/Southern),TRUE,Colombo,26.1,0.4,86.58333333,13.5
8/11/2022,2088,3342.636503,49.72110211,97.64304348,362.995,5.857,4.52,436.753,373.855,53.39,84.42857143,17,32.64516129,TRUE,Nikini Full Moon Poya Day,Kandy Esala Perahera (Kandy) | Kataragama Esala Festival (Uva/Southern),TRUE,Colombo,26.4,0.1,86.79166667,14.9
8/12/2022,2088,3342.636503,49.72110211,97.64304348,360,5.857,4.526,434.017,374.557,53.15,84.28571429,17,32.70967742,FALSE,null,Kandy Esala Perahera (Kandy),TRUE,Colombo,27,1.9,86.08333333,16.7
8/13/2022,2192,3342.636503,49.72110211,97.64304348,null,null,null,null,null,null,84.14285714,17,32.77419355,FALSE,null,null,FALSE,Colombo,26.7,1.8,86.83333333,17.8
8/14/2022,2297,3342.636503,49.72110211,97.64304348,null,null,null,null,null,null,84,17,32.83870968,FALSE,null,null,FALSE,Colombo,26.6,4.4,84.5,21.3
8/15/2022,1983,3342.636503,49.72110211,97.64304348,360,5.857,4.542,435.422,369.361,53.03,83,17,32.90322581,FALSE,null,null,FALSE,Colombo,26.7,0,85.45833333,15.8
8/16/2022,2086,3342.636503,49.72110211,97.64304348,360,5.954,4.536,433.747,365.833,53.09,82,17,32.96774194,FALSE,null,null,FALSE,Colombo,26.7,1.6,84.04166667,21.6
8/17/2022,2088,3342.636503,49.72110211,97.64304348,360,6.003,4.514,429.553,366.193,53.05,81,17,33.03225806,FALSE,null,null,FALSE,Colombo,26.6,2.4,82.375,20.2
8/18/2022,2088,3342.636503,49.72110211,97.64304348,360,6.054,4.504,425.846,366.535,52.81,80,17,33.09677419,FALSE,null,null,FALSE,Colombo,26.5,6.5,82.41666667,21.3
8/19/2022,2088,3342.636503,49.72110211,97.64304348,360,5.973,4.47,422.436,363.241,52.12,79,17,33.16129032,FALSE,null,null,FALSE,Colombo,26.5,6.6,83.83333333,24.1
8/20/2022,2192,3342.636503,49.72110211,97.64304348,null,null,null,null,null,null,78,17,33.22580645,FALSE,null,null,FALSE,Colombo,26.8,4.2,83.58333333,23.7
8/21/2022,2297,3342.636503,49.72110211,97.64304348,null,null,null,null,null,null,77,17,33.29032258,FALSE,null,null,FALSE,Colombo,26.9,3.1,81.79166667,22.9
8/22/2022,1983,3342.636503,49.72110211,97.64304348,359,5.978,4.508,425.99,361.297,52.67,76,17,33.35483871,FALSE,null,null,FALSE,Colombo,25.7,27.2,85.91666667,21.4
8/23/2022,2088,3342.636503,49.72110211,97.64304348,360,5.965,4.473,424.283,354.894,52.03,75,17,33.41935484,FALSE,null,null,FALSE,Colombo,26.4,8,83.91666667,24.2
8/24/2022,2088,3342.636503,49.72110211,97.64304348,359.5,5.957,4.468,425.379,358.885,52.11,74,17,33.48387097,FALSE,null,null,FALSE,Colombo,26.3,12.2,83.66666667,22.7
8/25/2022,2088,3342.636503,49.72110211,97.64304348,359.5,5.956,4.464,421.79,355.751,51.95,73,17,33.5483871,FALSE,null,null,FALSE,Colombo,26.3,4.3,83.70833333,21.6
8/26/2022,2088,3342.636503,49.72110211,97.64304348,359,5.834,4.502,421.544,356.036,52.11,72,17,33.61290323,FALSE,null,null,FALSE,Colombo,25.4,14.1,86.95833333,21.6
8/27/2022,2192,3342.636503,49.72110211,97.64304348,null,null,null,null,null,null,71,17,33.67741935,FALSE,null,null,FALSE,Colombo,25.8,13.3,84.375,24.5
8/28/2022,2297,3342.636503,49.72110211,97.64304348,null,null,null,null,null,null,70,17,33.74193548,FALSE,null,null,FALSE,Colombo,26.4,3.1,82.875,21.4
8/29/2022,1983,3342.636503,49.72110211,97.64304348,360,6.003,4.518,419.617,355.608,52.08,70.71428571,17,33.80645161,FALSE,null,null,FALSE,Colombo,26,5.9,85.41666667,18.6
8/30/2022,2088,3342.636503,49.72110211,97.64304348,360,5.955,4.5,418.429,359.893,51.93,71.42857143,17,33.87096774,FALSE,null,null,FALSE,Colombo,25.4,28.2,89.75,13.5
8/31/2022,2088,3342.636503,49.72110211,97.64304348,359.985,5.977,4.49,415.65,360.505,51.82,72.14285714,17,33.93548387,FALSE,null,null,FALSE,Colombo,24.7,25.8,90.41666667,16.6
9/1/2022,1700,3342.636503,49.72110211,90.60818182,359.995,5.973,4.516,414.326,359.92,52.17,72.85714286,16,34,FALSE,null,null,FALSE,Colombo,24.9,31.4,88.29166667,19.8
9/2/2022,1700,3342.636503,49.72110211,90.60818182,360,5.904,4.512,414.542,355.955,51.92,73.57142857,16,34.06666667,FALSE,null,null,FALSE,Colombo,25.7,6.7,85.29166667,20.9
9/3/2022,1785,3342.636503,49.72110211,90.60818182,null,null,null,null,null,null,74.28571429,16,34.13333333,FALSE,null,null,FALSE,Colombo,25.5,17.6,87.875,18.4
9/4/2022,1870,3342.636503,49.72110211,90.60818182,null,null,null,null,null,null,75,16,34.2,FALSE,null,null,FALSE,Colombo,25.6,22.2,88.33333333,19.6
9/5/2022,1615,3342.636503,49.72110211,90.60818182,360,5.878,4.506,414.614,358.31,51.77,75.57142857,16,34.26666667,FALSE,null,null,FALSE,Colombo,25.1,29,89.58333333,23.4
9/6/2022,1700,3342.636503,49.72110211,90.60818182,360,5.924,4.52,415.081,357.445,51.68,76.14285714,16,34.33333333,FALSE,null,null,FALSE,Colombo,26.1,4.1,84.04166667,21.6
9/7/2022,1700,3342.636503,49.72110211,90.60818182,360,5.922,4.568,418.747,356.582,52.32,76.71428571,16,34.4,FALSE,null,null,FALSE,Colombo,26.2,1.9,85.25,25.4
9/8/2022,1700,3342.636503,49.72110211,90.60818182,364,5.857,4.52,417.206,360.073,51.97,77.28571429,16,34.46666667,FALSE,null,null,FALSE,Colombo,26.3,1.1,85.83333333,18.6
9/9/2022,1700,3342.636503,49.72110211,90.60818182,360,5.941,4.537,420.547,363.892,51.97,77.85714286,16,34.53333333,FALSE,null,null,FALSE,Colombo,26.3,5.3,85.83333333,21
9/10/2022,1785,3342.636503,49.72110211,90.60818182,null,null,null,null,null,null,78.42857143,16,34.6,TRUE,Binara Full Moon Poya Day,null,FALSE,Colombo,26.4,4.4,85.41666667,23.3
9/11/2022,1870,3342.636503,49.72110211,90.60818182,null,null,null,null,null,null,79,16,34.66666667,FALSE,null,null,FALSE,Colombo,26.4,3.4,84.83333333,19.7
9/12/2022,1615,3342.636503,49.72110211,90.60818182,359.995,6.129,4.579,418.921,361.478,52.63,78.42857143,16,34.73333333,FALSE,null,null,FALSE,Colombo,26.4,2,84.95833333,17.3
9/13/2022,1700,3342.636503,49.72110211,90.60818182,364.5,6.118,4.598,421.498,364.316,52.48,77.85714286,16,34.8,FALSE,null,null,FALSE,Colombo,26.2,2.4,85.33333333,16.7
9/14/2022,1700,3342.636503,49.72110211,90.60818182,365.375,6.069,4.533,416.216,363.408,51.75,77.28571429,16,34.86666667,FALSE,null,null,FALSE,Colombo,26.1,2.7,85.25,19.1
9/15/2022,1700,3342.636503,49.72110211,90.60818182,363,6.042,4.584,417.04,364.754,52.35,76.71428571,16,34.93333333,FALSE,null,null,FALSE,Colombo,25.8,2.9,85.95833333,16.1
9/16/2022,1694,3342.636503,49.72110211,90.60818182,365.375,6.059,4.566,416.181,362,51.95,76.14285714,16,35,FALSE,null,null,FALSE,Colombo,26.2,2.8,83.41666667,18.5
9/17/2022,1785,3342.636503,49.72110211,90.60818182,null,null,null,null,null,null,75.57142857,16,35.06666667,FALSE,null,null,FALSE,Colombo,26.3,2.8,82.83333333,21.9
9/18/2022,1870,3342.636503,49.72110211,90.60818182,null,null,null,null,null,null,75,16,35.13333333,FALSE,null,null,FALSE,Colombo,26.4,2.7,83.20833333,20
9/19/2022,1615,3342.636503,49.72110211,90.60818182,364,5.923,4.557,413.7,365.997,51.79,74.28571429,16,35.2,FALSE,null,null,FALSE,Colombo,26.3,5.1,84.375,19.2
9/20/2022,1700,3342.636503,49.72110211,90.60818182,363.5,5.977,4.566,411.338,364.839,51.78,73.57142857,16,35.26666667,FALSE,null,null,FALSE,Colombo,26.6,2.4,83.70833333,20.7
9/21/2022,1700,3342.636503,49.72110211,90.60818182,365,6.012,4.416,405.18,362.447,50.57,72.85714286,16,35.33333333,FALSE,null,null,FALSE,Colombo,26.8,2.2,83.16666667,19.3
9/22/2022,1700,3342.636503,49.72110211,90.60818182,360,6.293,4.48,395.232,359.052,51.06,72.14285714,16,35.4,FALSE,null,null,FALSE,Colombo,26.6,3.6,84.08333333,17.4
9/23/2022,1700,3342.636503,49.72110211,90.60818182,364,6.225,4.459,389.003,351.986,51.02,71.42857143,16,35.46666667,FALSE,null,null,FALSE,Colombo,26.5,3,83.66666667,14.8
9/24/2022,1785,3342.636503,49.72110211,90.60818182,null,null,null,null,null,null,70.71428571,16,35.53333333,FALSE,null,null,FALSE,Colombo,26.6,0.8,84.54166667,15.1
9/25/2022,1870,3342.636503,49.72110211,90.60818182,null,null,null,null,null,null,70,16,35.6,FALSE,null,null,FALSE,Colombo,27.1,2.3,82,17.1
9/26/2022,1615,3342.636503,49.72110211,90.60818182,363.995,6.183,4.454,390.664,352.79,50.71,70.42857143,16,35.66666667,FALSE,null,null,FALSE,Colombo,25.9,2.6,85.95833333,17.2
9/27/2022,1700,3342.636503,49.72110211,90.60818182,364,6.29,4.47,396.397,349.764,50.55,70.85714286,16,35.73333333,FALSE,null,null,FALSE,Colombo,26.9,5.3,82.20833333,22
9/28/2022,1700,3342.636503,49.72110211,90.60818182,364,6.337,4.467,404.66,349.223,51.09,71.28571429,16,35.8,FALSE,null,null,FALSE,Colombo,27.3,2,77.75,22.7
9/29/2022,1700,3342.636503,49.72110211,90.60818182,364,6.074,4.484,407.972,354.373,51.36,71.71428571,16,35.86666667,FALSE,null,null,FALSE,Colombo,27,4.9,79.41666667,24.1
9/30/2022,1700,3342.636503,49.72110211,90.60818182,365.5,6.165,4.39,407.612,357.322,50.27,72.14285714,16,35.93333333,FALSE,null,null,FALSE,Colombo,26.2,8.8,82.41666667,25.7
10/1/2022,1722,3342.636503,49.72110211,93.71857143,null,null,null,null,null,null,72.57142857,17,36,FALSE,null,Wildlife Conservation Week,TRUE,Colombo,26.3,21.4,82.875,25.5
10/2/2022,1804,3342.636503,49.72110211,93.71857143,null,null,null,null,null,null,73,17,35.93548387,FALSE,null,Wildlife Conservation Week,TRUE,Colombo,26.8,4.8,81.125,31
10/3/2022,1558,3342.636503,49.72110211,93.71857143,359.985,6.201,4.492,419.986,358.228,51.43,72.71428571,17,35.87096774,FALSE,null,Wildlife Conservation Week,TRUE,Colombo,26.4,20.9,82.625,30.3
10/4/2022,1640,3342.636503,49.72110211,93.71857143,366,6.027,4.483,414.606,351.581,51.43,72.42857143,17,35.80645161,FALSE,null,Wildlife Conservation Week,TRUE,Colombo,26.3,12,83.95833333,22.7
10/5/2022,1640,3342.636503,49.72110211,93.71857143,366,6.047,4.459,408.53,365.452,51.43,72.14285714,17,35.74193548,FALSE,null,Wildlife Conservation Week,TRUE,Colombo,27,4.8,81.04166667,21.4
10/6/2022,1640,3342.636503,49.72110211,93.71857143,366,5.934,4.419,405.748,361.719,51.43,71.85714286,17,35.67741935,FALSE,null,Wildlife Conservation Week,TRUE,Colombo,26.6,6.2,81.875,21.7
10/7/2022,1640,3342.636503,49.72110211,93.71857143,366,5.738,4.443,404.645,358.388,51.16,71.57142857,17,35.61290323,FALSE,null,Wildlife Conservation Week,TRUE,Colombo,26.1,7.5,84.45833333,21.5
10/8/2022,1722,3342.636503,49.72110211,93.71857143,null,null,null,null,null,null,71.28571429,17,35.5483871,FALSE,null,null,FALSE,Colombo,26.1,3.6,84.45833333,20.9
10/9/2022,1804,3342.636503,49.72110211,93.71857143,null,null,null,null,null,null,71,17,35.48387097,TRUE,Prophet's Birthday; Vap Full Moon Poya Day,null,FALSE,Colombo,26.4,2,86.04166667,15.4
10/10/2022,1558,3342.636503,49.72110211,93.71857143,365.995,5.59,4.449,401.394,356.595,51.08,70.57142857,17,35.41935484,FALSE,null,null,FALSE,Colombo,26.6,1.8,83.75,17.8
10/11/2022,1640,3342.636503,49.72110211,93.71857143,366,5.751,4.46,406.724,355.089,51.08,70.14285714,17,35.35483871,FALSE,null,null,FALSE,Colombo,26,0.9,87.04166667,14.2
10/12/2022,1640,3342.636503,49.72110211,93.71857143,366.5,5.706,4.441,413.491,355.203,50.9,69.71428571,17,35.29032258,FALSE,null,null,FALSE,Colombo,25.1,16.2,89.70833333,16.2
10/13/2022,1640,3342.636503,49.72110211,93.71857143,365,5.828,4.406,407.76,355.726,50.47,69.28571429,17,35.22580645,FALSE,null,null,FALSE,Colombo,24.9,27.5,90.375,16.7
10/14/2022,1640,3342.636503,49.72110211,93.71857143,365,5.917,4.465,416.968,356.824,51,68.85714286,17,35.16129032,FALSE,null,null,FALSE,Colombo,24.8,31.3,90.33333333,15.2
10/15/2022,1722,3342.636503,49.72110211,93.71857143,null,null,null,null,null,null,68.42857143,17,35.09677419,FALSE,null,null,FALSE,Colombo,25.1,20.7,88.70833333,12.1
10/16/2022,1817,3342.636503,49.72110211,93.71857143,null,null,null,null,null,null,68,17,35.03225806,FALSE,null,null,FALSE,Colombo,25.2,14,90.08333333,16.1
10/17/2022,1558,3342.636503,49.72110211,93.71857143,367,5.97,4.459,415.445,352.8,50.96,67.85714286,17,34.96774194,FALSE,null,null,FALSE,Colombo,25.1,21.3,90,13.7
10/18/2022,1640,3342.636503,49.72110211,93.71857143,367,6.019,4.421,411.722,361.129,50.77,67.71428571,17,34.90322581,FALSE,null,null,FALSE,Colombo,25.1,16.3,88.79166667,17.1
10/19/2022,1640,3342.636503,49.72110211,93.71857143,367,5.956,4.431,412.619,361.716,50.85,67.57142857,17,34.83870968,FALSE,null,null,FALSE,Colombo,26.4,28.1,84.29166667,20.5
10/20/2022,1640,3342.636503,49.72110211,93.71857143,367,5.956,4.446,414.858,358.67,50.66,67.42857143,17,34.77419355,FALSE,null,null,FALSE,Colombo,25.4,31.6,87.66666667,20.1
10/21/2022,1640,3342.636503,49.72110211,93.71857143,367,5.922,4.435,413.867,359.111,50.53,67.28571429,17,34.70967742,FALSE,null,null,FALSE,Colombo,24.8,31.4,91.58333333,19.3
10/22/2022,1722,3342.636503,49.72110211,93.71857143,null,null,null,null,null,null,67.14285714,17,34.64516129,FALSE,null,null,FALSE,Colombo,25.2,7.8,90.25,12.7
10/23/2022,1804,3342.636503,49.72110211,93.71857143,null,null,null,null,null,null,67,17,34.58064516,FALSE,null,null,FALSE,Colombo,25.2,7.4,89.33333333,14.6
10/24/2022,1558,3342.636503,49.72110211,93.71857143,367,5.897,4.398,419.285,361.936,49.93,67,17,34.51612903,TRUE,Deepavali Festival Day,null,FALSE,Colombo,25.1,28.9,90.08333333,16.5
10/25/2022,1640,3342.636503,49.72110211,93.71857143,365.5,5.922,4.429,424.441,362.413,50.59,67,17,34.4516129,FALSE,null,null,FALSE,Colombo,25.9,7,87.91666667,13.9
10/26/2022,1640,3342.636503,49.72110211,93.71857143,365,5.917,4.404,422.16,361.693,50.18,67,17,34.38709677,FALSE,null,null,FALSE,Colombo,25.8,4.5,88.41666667,12.3
10/27/2022,1640,3342.636503,49.72110211,93.71857143,365,5.898,4.412,424.456,365.795,50.03,67,17,34.32258065,FALSE,null,null,FALSE,Colombo,25.6,0.6,87.41666667,12.2
10/28/2022,1640,3342.636503,49.72110211,93.71857143,365.5,5.893,4.385,419.248,361.621,49.7,67,17,34.25806452,FALSE,null,null,FALSE,Colombo,25.9,0.1,84.25,16.6
10/29/2022,1722,3342.636503,49.72110211,93.71857143,null,null,null,null,null,null,67,17,34.19354839,FALSE,null,null,FALSE,Colombo,25.8,1.1,87.16666667,12.4
10/30/2022,1804,3342.636503,49.72110211,93.71857143,null,null,null,null,null,null,67,17,34.12903226,FALSE,null,null,FALSE,Colombo,25.5,7,87.625,15.3
10/31/2022,1558,3342.636503,49.72110211,93.71857143,365.5,5.946,4.44,421.501,361.657,50.43,67.57142857,17,34.06451613,FALSE,null,null,FALSE,Colombo,25.5,19.8,87.375,17.8
11/1/2022,2266,3342.636503,49.72110211,90.93863636,367,6.019,4.436,418.088,358.753,50.34,68.14285714,17,34,FALSE,null,null,FALSE,Colombo,24.8,44.2,91.375,19.2
11/2/2022,2266,3342.636503,49.72110211,90.93863636,367,5.897,4.442,410.389,362.395,50.33,68.71428571,17,33.93333333,FALSE,null,null,FALSE,Colombo,25.2,17.9,89.58333333,13.3
11/3/2022,2266,3342.636503,49.72110211,90.93863636,367.5,5.881,4.415,414.711,360.358,50.36,69.28571429,17,33.86666667,FALSE,null,null,FALSE,Colombo,25.1,20.7,90.16666667,13.1
11/4/2022,2266,3342.636503,49.72110211,90.93863636,364.5,5.939,4.422,419.686,358.423,50.05,69.85714286,17,33.8,FALSE,null,null,FALSE,Colombo,25.2,15,90.33333333,15.1
11/5/2022,2380,3342.636503,49.72110211,90.93863636,null,null,null,null,null,null,70.42857143,17,33.73333333,FALSE,null,null,FALSE,Colombo,24.4,42.8,91.125,9.2
11/6/2022,2493,3342.636503,49.72110211,90.93863636,null,null,null,null,null,null,71,17,33.66666667,FALSE,null,null,FALSE,Colombo,24.6,10.1,91.08333333,9
11/7/2022,2153,3342.636503,49.72110211,90.93863636,364.5,5.984,4.485,421.714,360.552,50.34,70.71428571,17,33.6,TRUE,Il Full Moon Poya Day,null,FALSE,Colombo,24.2,26.8,90.5,13.8
11/8/2022,2266,3342.636503,49.72110211,90.93863636,365.5,6.027,4.517,417.426,362.688,50.75,70.42857143,17,33.53333333,FALSE,null,null,FALSE,Colombo,24.8,14.7,90.08333333,9.8
11/9/2022,2266,3342.636503,49.72110211,90.93863636,367.5,6.081,4.57,431.698,367.628,51.27,70.14285714,17,33.46666667,FALSE,null,null,FALSE,Colombo,24.9,9.4,91.29166667,8.7
11/10/2022,2266,3342.636503,49.72110211,90.93863636,368.5,6.072,4.565,435.011,368.016,51.7,69.85714286,17,33.4,FALSE,null,null,FALSE,Colombo,25.3,0.4,87.41666667,13.6
11/11/2022,2266,3342.636503,49.72110211,90.93863636,367.5,5.957,4.48,429.61,376.202,51.29,69.57142857,17,33.33333333,FALSE,null,null,FALSE,Colombo,25.1,2.7,86.375,20.9
11/12/2022,2380,3342.636503,49.72110211,90.93863636,null,null,null,null,null,null,69.28571429,17,33.26666667,FALSE,null,null,FALSE,Colombo,25.1,20.1,89.375,14.8
11/13/2022,2493,3342.636503,49.72110211,90.93863636,null,null,null,null,null,null,69,17,33.2,FALSE,null,null,FALSE,Colombo,24.8,20.6,91,8.2
11/14/2022,2153,3342.636503,49.72110211,90.93863636,365.5,6.077,4.532,435.856,380.51,52.17,68.85714286,17,33.13333333,FALSE,null,null,FALSE,Colombo,24.7,12.8,90.75,13.5
11/15/2022,2266,3342.636503,49.72110211,90.93863636,367.5,6.05,4.509,437.693,374.798,51.84,68.71428571,17,33.06666667,FALSE,null,null,FALSE,Colombo,25.3,5.9,88,13.4
11/16/2022,2271,3342.636503,49.72110211,90.93863636,367.5,6.08,4.507,436.003,380.327,51.35,68.57142857,17,33,FALSE,null,null,FALSE,Colombo,25.5,2.4,85.91666667,19.7
11/17/2022,2266,3342.636503,49.72110211,90.93863636,367.5,6.042,4.501,436.886,381.98,51.62,68.42857143,17,32.93333333,FALSE,null,null,FALSE,Colombo,25.5,0.3,78.625,19.3
11/18/2022,2266,3342.636503,49.72110211,90.93863636,367.5,6.003,4.497,434.515,380.805,51.29,68.28571429,17,32.86666667,FALSE,null,null,FALSE,Colombo,25.2,0,77.95833333,19.5
11/19/2022,2380,3342.636503,49.72110211,90.93863636,null,null,null,null,null,null,68.14285714,17,32.8,FALSE,null,null,FALSE,Colombo,25,0.4,84.75,20.5
11/20/2022,2493,3342.636503,49.72110211,90.93863636,null,null,null,null,null,null,68,17,32.73333333,FALSE,null,null,FALSE,Colombo,25.1,0.2,82.29166667,21
11/21/2022,2153,3342.636503,49.72110211,90.93863636,367.5,6.058,4.497,436.775,379.426,51.47,68.42857143,17,32.66666667,FALSE,null,null,FALSE,Colombo,25.1,0,79.45833333,11.6
11/22/2022,2266,3342.636503,49.72110211,90.93863636,367.5,6.014,4.445,440.575,376.431,50.68,68.85714286,17,32.6,FALSE,null,null,FALSE,Colombo,25.9,0.8,81.16666667,15.2
11/23/2022,2266,3342.636503,49.72110211,90.93863636,365.5,6.105,4.514,446.328,378.673,51.52,69.28571429,17,32.53333333,FALSE,null,null,FALSE,Colombo,26.1,0.6,79.66666667,15.1
11/24/2022,2266,3342.636503,49.72110211,90.93863636,368.5,6.077,4.498,444.492,377.339,51.29,69.71428571,17,32.46666667,FALSE,null,null,FALSE,Colombo,26.2,0.4,80.83333333,14.2
11/25/2022,2266,3342.636503,49.72110211,90.93863636,367.5,5.961,4.513,440.58,383.572,51.12,70.14285714,17,32.4,FALSE,null,null,FALSE,Colombo,25.8,0.4,84,11.8
11/26/2022,2380,3342.636503,49.72110211,90.93863636,null,null,null,null,null,null,70.57142857,17,32.33333333,FALSE,null,null,FALSE,Colombo,25.8,0.3,84.95833333,12.2
11/27/2022,2493,3342.636503,49.72110211,90.93863636,null,null,null,null,null,null,71,17,32.26666667,FALSE,null,null,FALSE,Colombo,25.7,0.6,84.91666667,11.4
11/28/2022,2153,3342.636503,49.72110211,90.93863636,368.5,6.04,4.502,439.347,382.091,51.33,70.42857143,17,32.2,FALSE,null,null,FALSE,Colombo,26,0.4,83.66666667,10.9
11/29/2022,2266,3342.636503,49.72110211,90.93863636,367.5,5.994,4.529,444.32,380.993,51.96,69.85714286,17,32.13333333,FALSE,null,null,FALSE,Colombo,26,1.7,84.5,11.5
11/30/2022,2266,3342.636503,49.72110211,90.93863636,368.5,6.02,4.542,451.156,379.591,52.31,69.28571429,17,32.06666667,FALSE,null,null,FALSE,Colombo,26,0.2,81.79166667,17
12/1/2022,2957,3342.636503,49.72110211,81.50318182,368.5,5.898,4.525,452.944,383.499,52.5,68.71428571,18,32,FALSE,null,null,FALSE,Colombo,26.2,2.7,83.08333333,8.9
12/2/2022,2957,3342.636503,49.72110211,81.50318182,368.5,5.876,4.487,447.983,387.81,52.79,68.14285714,18,32.12903226,FALSE,null,null,FALSE,Colombo,25.1,20.4,89.58333333,11.1
12/3/2022,3105,3342.636503,49.72110211,81.50318182,null,null,null,null,null,null,67.57142857,18,32.25806452,FALSE,null,null,FALSE,Colombo,24.4,18.9,90.625,9.4
12/4/2022,3253,3342.636503,49.72110211,81.50318182,null,null,null,null,null,null,67,18,32.38709677,FALSE,null,null,FALSE,Colombo,24.5,27.3,90.375,14.3
12/5/2022,2810,3342.636503,49.72110211,81.50318182,367.5,5.799,4.455,446.091,388.4,52.53,67.71428571,18,32.51612903,FALSE,null,null,FALSE,Colombo,25,19.6,89.58333333,10.9
12/6/2022,2957,3342.636503,49.72110211,81.50318182,367.5,5.93,4.47,448.388,385.582,52.71,68.42857143,18,32.64516129,FALSE,null,Lanka Premier League (Cricket),TRUE,Colombo,25.6,0.6,84.58333333,17.4
12/7/2022,2957,3342.636503,49.72110211,81.50318182,367.5,5.799,4.466,449.637,384.773,52.75,69.14285714,18,32.77419355,TRUE,Unduvap Full Moon Poya Day,Lanka Premier League (Cricket),TRUE,Colombo,25.1,0,82.29166667,19.7
12/8/2022,2957,3342.636503,49.72110211,81.50318182,367.5,5.879,4.459,450.446,386.096,52.81,69.85714286,18,32.90322581,FALSE,null,Lanka Premier League (Cricket),TRUE,Colombo,24.6,0.1,79.16666667,17.7
12/9/2022,2957,3342.636503,49.72110211,81.50318182,367.5,5.813,4.447,450.997,387.97,52.67,70.57142857,18,33.03225806,FALSE,null,Lanka Premier League (Cricket),TRUE,Colombo,25.9,0.9,75.625,20.6
12/10/2022,3105,3342.636503,49.72110211,81.50318182,null,null,null,null,null,null,71.28571429,18,33.16129032,FALSE,null,Lanka Premier League (Cricket),TRUE,Colombo,25.3,7.2,86.375,20.1
12/11/2022,3253,3342.636503,49.72110211,81.50318182,null,null,null,null,null,null,72,18,33.29032258,FALSE,null,Lanka Premier League (Cricket),TRUE,Colombo,26.3,1.5,81.08333333,18.4
12/12/2022,2810,3342.636503,49.72110211,81.50318182,367.5,5.814,4.46,454.084,387.052,52.92,72.85714286,18,33.41935484,FALSE,null,Lanka Premier League (Cricket),TRUE,Colombo,25.8,2.5,80.75,12.9
12/13/2022,2957,3342.636503,49.72110211,81.50318182,367.5,5.647,4.399,454.061,387.217,52.22,73.71428571,18,33.5483871,FALSE,null,Lanka Premier League (Cricket),TRUE,Colombo,25.8,0.5,83.16666667,11.4
12/14/2022,2957,3342.636503,49.72110211,81.50318182,365.5,5.687,4.435,447.543,390.727,52.7,74.57142857,18,33.67741935,FALSE,null,Lanka Premier League (Cricket),TRUE,Colombo,25.3,11.5,84.70833333,9.8
12/15/2022,2957,3342.636503,49.72110211,81.50318182,367.5,5.667,4.442,446.238,387.757,52.7,75.42857143,18,33.80645161,FALSE,null,Lanka Premier League (Cricket),TRUE,Colombo,25.6,0.4,82.25,14.3
12/16/2022,2965,3342.636503,49.72110211,81.50318182,367.5,5.384,4.415,443.458,390.58,52.29,76.28571429,18,33.93548387,FALSE,null,Lanka Premier League (Cricket),TRUE,Colombo,25.2,0.4,80.04166667,12.1
12/17/2022,3105,3342.636503,49.72110211,81.50318182,null,null,null,null,null,null,77.14285714,18,34.06451613,FALSE,null,Lanka Premier League (Cricket),TRUE,Colombo,25.6,2,77.875,21.9
12/18/2022,3253,3342.636503,49.72110211,81.50318182,null,null,null,null,null,null,78,18,34.19354839,FALSE,null,Lanka Premier League (Cricket),TRUE,Colombo,25.2,0.6,78.91666667,23.9
12/19/2022,2810,3342.636503,49.72110211,81.50318182,365,5.204,4.394,445.289,388.963,52.13,78,18,34.32258065,FALSE,null,Lanka Premier League (Cricket),TRUE,Colombo,24.2,24.1,89.75,18.6
12/20/2022,2957,3342.636503,49.72110211,81.50318182,365.5,5.048,4.379,441.689,387.156,51.99,78,18,34.4516129,FALSE,null,Lanka Premier League (Cricket),TRUE,Colombo,25.5,3.5,85.5,22.9
12/21/2022,2957,3342.636503,49.72110211,81.50318182,365.5,5.358,4.373,440.208,385.542,51.96,78,18,34.58064516,FALSE,null,Lanka Premier League (Cricket),TRUE,Colombo,25.2,5.4,86.41666667,17.7
12/22/2022,2957,3342.636503,49.72110211,81.50318182,365.5,5.204,4.384,440.794,384.889,51.92,78,18,34.70967742,FALSE,null,Lanka Premier League (Cricket),TRUE,Colombo,25.3,9.6,86,18
12/23/2022,2957,3342.636503,49.72110211,81.50318182,365.5,5.309,4.39,440.959,384.526,52.13,78,18,34.83870968,FALSE,null,Lanka Premier League (Cricket),TRUE,Colombo,25.3,1.5,83.70833333,24
12/24/2022,3105,3342.636503,49.72110211,81.50318182,null,null,null,null,null,null,78,18,34.96774194,FALSE,null,null,FALSE,Colombo,25.4,0.6,86.66666667,20.3
12/25/2022,3253,3342.636503,49.72110211,81.50318182,null,null,null,null,null,null,78,18,35.09677419,TRUE,Christmas Day,null,FALSE,Colombo,24.4,23.5,92.04166667,20.4
12/26/2022,2810,3342.636503,49.72110211,81.50318182,365.5,5.223,4.382,439.441,385.288,52.15,78.28571429,18,35.22580645,FALSE,null,null,FALSE,Colombo,25.4,2.5,87.75,23.1
12/27/2022,2957,3342.636503,49.72110211,81.50318182,365.5,5.026,4.385,439.259,386.051,52.01,78.57142857,18,35.35483871,FALSE,null,null,FALSE,Colombo,25.5,2.3,85.95833333,11.2
12/28/2022,2957,3342.636503,49.72110211,81.50318182,365.5,5.008,4.383,440.611,386.159,52.12,78.85714286,18,35.48387097,FALSE,null,null,FALSE,Colombo,25.4,5.8,87.375,8.9
12/29/2022,2957,3342.636503,49.72110211,81.50318182,365.5,4.986,4.441,444.639,385.143,53.27,79.14285714,18,35.61290323,FALSE,null,null,FALSE,Colombo,25.3,1.3,88.5,12.5
12/30/2022,2957,3342.636503,49.72110211,81.50318182,367.5,5.112,4.384,440.3,386.994,52.61,79.42857143,18,35.74193548,FALSE,null,null,FALSE,Colombo,25.4,1.4,81.79166667,14.4
12/31/2022,3105,3342.636503,49.72110211,81.50318182,null,null,null,null,null,null,79.71428571,18,35.87096774,FALSE,null,null,FALSE,Colombo,25.2,0,71.5,13.7
1/1/2023,4518,3798.890166,16.54117423,84.08181818,null,null,null,null,null,null,80,17,36,FALSE,null,null,FALSE,Colombo,24.7,0,73.08333333,17.1
1/2/2023,3902,3798.890166,16.54117423,84.08181818,365.5,5.017,4.385,437.322,393.373,52.48,79.85714286,17,36.12903226,FALSE,null,null,FALSE,Colombo,24.9,0,76,14.8
1/3/2023,4108,3798.890166,16.54117423,84.08181818,365.5,5.043,4.39,440.611,387.031,52.69,79.71428571,17,36.25806452,FALSE,null,null,FALSE,Colombo,25.6,0.1,70.625,19.8
1/4/2023,4108,3798.890166,16.54117423,84.08181818,365.5,5.067,4.393,435.238,382.965,52.73,79.57142857,17,36.38709677,FALSE,null,null,FALSE,Colombo,25.7,0,70.66666667,18.5
1/5/2023,4108,3798.890166,16.54117423,84.08181818,365.5,5.007,4.412,442.037,384.744,53.07,79.42857143,17,36.51612903,FALSE,null,null,FALSE,Colombo,26.3,1.2,73.70833333,17.8
1/6/2023,4108,3798.890166,16.54117423,84.08181818,365.5,5.256,4.472,447.799,381.876,54.26,79.28571429,17,36.64516129,TRUE,Duruthu Full Moon Poya Day,null,FALSE,Colombo,25.1,8.2,84.91666667,15.7
1/7/2023,4313,3798.890166,16.54117423,84.08181818,null,null,null,null,null,null,79.14285714,17,36.77419355,FALSE,null,null,FALSE,Colombo,25,12.4,86.875,16.3
1/8/2023,4518,3798.890166,16.54117423,84.08181818,null,null,null,null,null,null,79,17,36.90322581,FALSE,null,null,FALSE,Colombo,25.7,3.4,79.25,19.2
1/9/2023,3902,3798.890166,16.54117423,84.08181818,367.5,5.275,4.502,446.771,386.377,54.22,78.57142857,17,37.03225806,FALSE,null,null,FALSE,Colombo,26,0,70.41666667,20.3
1/10/2023,4108,3798.890166,16.54117423,84.08181818,367.5,5.366,4.489,445.079,394.328,54.13,78.14285714,17,37.16129032,FALSE,null,null,FALSE,Colombo,25.1,0,68.58333333,22.9
1/11/2023,4108,3798.890166,16.54117423,84.08181818,366.5,5.422,4.531,448.682,394.549,54.54,77.71428571,17,37.29032258,FALSE,null,null,FALSE,Colombo,24.8,0,70.375,20.5
1/12/2023,4108,3798.890166,16.54117423,84.08181818,367.5,5.547,4.503,447.638,394.245,54.6,77.28571429,17,37.41935484,FALSE,null,null,FALSE,Colombo,24.8,0,70.08333333,20
1/13/2023,4108,3798.890166,16.54117423,84.08181818,366,5.324,4.482,446.265,398.738,54.35,76.85714286,17,37.5483871,FALSE,null,null,FALSE,Colombo,24.5,0,73.54166667,16.5
1/14/2023,4313,3798.890166,16.54117423,84.08181818,null,null,null,null,null,null,76.42857143,17,37.67741935,FALSE,null,null,FALSE,Colombo,25.4,0,78,20.9
1/15/2023,4518,3798.890166,16.54117423,84.08181818,null,null,null,null,null,null,76,17,37.80645161,TRUE,Tamil Thai Pongal Day,null,FALSE,Colombo,24.8,1.3,83.95833333,12.3
1/16/2023,3901,3798.890166,16.54117423,84.08181818,366,5.328,4.471,451.658,396.379,53.87,75.57142857,17,37.93548387,FALSE,null,null,FALSE,Colombo,24.8,8.9,88.45833333,9.7
1/17/2023,4108,3798.890166,16.54117423,84.08181818,367.5,5.257,4.444,449.468,395.94,53.61,75.14285714,17,38.06451613,FALSE,null,null,FALSE,Colombo,24.8,5.1,88.83333333,10.9
1/18/2023,4108,3798.890166,16.54117423,84.08181818,364,5.288,4.517,454.714,393.762,54.15,74.71428571,17,38.19354839,FALSE,null,null,FALSE,Colombo,25.4,0.1,81.41666667,16.7
1/19/2023,4108,3798.890166,16.54117423,84.08181818,367,5.363,4.519,453.713,390.67,53.95,74.28571429,17,38.32258065,FALSE,null,null,FALSE,Colombo,25.3,0,65.75,23.2
1/20/2023,4108,3798.890166,16.54117423,84.08181818,366,5.248,4.442,450.523,397.425,53.34,73.85714286,17,38.4516129,FALSE,null,null,FALSE,Colombo,25.6,0,66.08333333,21.4
1/21/2023,4313,3798.890166,16.54117423,84.08181818,null,null,null,null,null,null,73.42857143,17,38.58064516,FALSE,null,null,FALSE,Colombo,25.3,0.8,71.58333333,26.1
1/22/2023,4518,3798.890166,16.54117423,84.08181818,null,null,null,null,null,null,73,17,38.70967742,FALSE,null,null,FALSE,Colombo,25.1,1.9,79.08333333,22.4
1/23/2023,3902,3798.890166,16.54117423,84.08181818,364,5.212,4.436,448.958,397.33,53.34,74.14285714,17,38.83870968,FALSE,null,null,FALSE,Colombo,24.9,16.7,87.08333333,10
1/24/2023,4108,3798.890166,16.54117423,84.08181818,364,5.229,4.439,451.415,393.422,53.34,75.28571429,17,38.96774194,FALSE,null,null,FALSE,Colombo,24.2,13.8,91.20833333,8.4
1/25/2023,4108,3798.890166,16.54117423,84.08181818,364,5.197,4.443,451.615,393.82,53.34,76.42857143,17,39.09677419,FALSE,null,null,FALSE,Colombo,25.1,0.1,82.08333333,11.4
1/26/2023,4108,3798.890166,16.54117423,84.08181818,364,5.148,4.441,451.324,395.123,53.34,77.57142857,17,39.22580645,FALSE,null,null,FALSE,Colombo,25.1,0.5,81.54166667,11.2
1/27/2023,4108,3798.890166,16.54117423,84.08181818,364,5.235,4.489,452.102,394.182,54.23,78.71428571,17,39.35483871,FALSE,null,null,FALSE,Colombo,25.5,0.3,80.45833333,10.6
1/28/2023,4313,3798.890166,16.54117423,84.08181818,null,null,null,null,null,null,79.85714286,17,39.48387097,FALSE,null,null,FALSE,Colombo,25.6,0,75.33333333,23
1/29/2023,4518,3798.890166,16.54117423,84.08181818,null,null,null,null,null,null,81,17,39.61290323,FALSE,null,null,FALSE,Colombo,24.8,0.1,74.16666667,20.2
1/30/2023,3902,3798.890166,16.54117423,84.08181818,366,5.17,4.462,452.779,393.385,54.03,81.28571429,17,39.74193548,FALSE,null,null,FALSE,Colombo,24.8,5.7,85.20833333,16.3
1/31/2023,4108,3798.890166,16.54117423,84.08181818,367.5,5.237,4.477,453.036,396.964,54.29,81.57142857,17,39.87096774,FALSE,null,null,FALSE,Colombo,24.9,5.3,85.5,21.9
2/1/2023,4296,3798.890166,16.54117423,83.6325,366,5.224,4.461,447.436,396.463,54.37,81.85714286,18,40,FALSE,null,null,FALSE,Colombo,25.1,3.1,85.83333333,25.3
2/2/2023,4296,3798.890166,16.54117423,83.6325,366,5.166,4.439,439.972,402.253,53.88,82.14285714,18,39.82142857,FALSE,null,null,FALSE,Colombo,25,2.7,87.41666667,14.2
2/3/2023,4296,3798.890166,16.54117423,83.6325,365,5.108,4.414,438.995,399.38,53.75,82.42857143,18,39.64285714,FALSE,null,null,FALSE,Colombo,24.7,5.3,91.45833333,14.8
2/4/2023,4511,3798.890166,16.54117423,83.6325,null,null,null,null,null,null,82.71428571,18,39.46428571,TRUE,Independence Day,null,FALSE,Colombo,24.9,6.9,89.25,14
2/5/2023,4726,3798.890166,16.54117423,83.6325,null,null,null,null,null,null,83,18,39.28571429,TRUE,Nawam Full Moon Poya Day,null,FALSE,Colombo,25.9,0.5,84.875,14.3
2/6/2023,4081,3798.890166,16.54117423,83.6325,365.25,5.092,4.411,440.356,394.018,53.81,82.57142857,18,39.10714286,FALSE,null,null,FALSE,Colombo,25.5,1,82.625,17.3
2/7/2023,4296,3798.890166,16.54117423,83.6325,365.5,5.041,4.422,441.232,391.987,53.84,82.14285714,18,38.92857143,FALSE,null,null,FALSE,Colombo,25.3,4.8,88,8.8
2/8/2023,4296,3798.890166,16.54117423,83.6325,365.5,5.003,4.428,443.078,392.073,53.9,81.71428571,18,38.75,FALSE,null,null,FALSE,Colombo,26.1,0.2,84.33333333,13.4
2/9/2023,4296,3798.890166,16.54117423,83.6325,365.5,4.993,4.423,440.008,391.488,53.6,81.28571429,18,38.57142857,FALSE,null,null,FALSE,Colombo,25.6,0.2,84.625,16.6
2/10/2023,4296,3798.890166,16.54117423,83.6325,365,4.986,4.419,443.038,392.475,53.5,80.85714286,18,38.39285714,FALSE,null,null,FALSE,Colombo,25.7,0.3,81.5,16.9
2/11/2023,4511,3798.890166,16.54117423,83.6325,null,null,null,null,null,null,80.42857143,18,38.21428571,FALSE,null,null,FALSE,Colombo,25.3,0,81.625,14
2/12/2023,4726,3798.890166,16.54117423,83.6325,null,null,null,null,null,null,80,18,38.03571429,FALSE,null,null,FALSE,Colombo,25.4,0,83.75,15.7
2/13/2023,4081,3798.890166,16.54117423,83.6325,365,4.959,4.402,444.261,389.784,53.47,80,18,37.85714286,FALSE,null,null,FALSE,Colombo,25.4,0.2,84.5,17.8
2/14/2023,4296,3798.890166,16.54117423,83.6325,365,4.932,4.41,439.06,391.353,53.26,80,18,37.67857143,FALSE,null,null,FALSE,Colombo,25.5,0.8,83.5,15.9
2/15/2023,4297,3798.890166,16.54117423,83.6325,365,4.885,4.413,437.874,391.901,53.2,80,18,37.5,FALSE,null,null,FALSE,Colombo,25.9,0,74.66666667,16.6
2/16/2023,4296,3798.890166,16.54117423,83.6325,365,4.939,4.416,439.953,390.185,53.22,80,18,37.32142857,FALSE,null,null,FALSE,Colombo,25.3,0,73.41666667,16.1
2/17/2023,4296,3798.890166,16.54117423,83.6325,365.5,4.909,4.375,435.734,389.456,52.41,80,18,37.14285714,FALSE,null,null,FALSE,Colombo,26,0,74.83333333,22.6
2/18/2023,4511,3798.890166,16.54117423,83.6325,null,null,null,null,null,null,80,18,36.96428571,TRUE,Maha Sivarathri Day,null,FALSE,Colombo,27.1,0,74.5,20.2
2/19/2023,4726,3798.890166,16.54117423,83.6325,null,null,null,null,null,null,80,18,36.78571429,FALSE,null,null,FALSE,Colombo,25.7,9.7,83.41666667,13.1
2/20/2023,4081,3798.890166,16.54117423,83.6325,361.92,4.872,4.406,442.089,390.884,53.1,80,18,36.60714286,FALSE,null,null,FALSE,Colombo,25.1,10.4,89.25,12.9
2/21/2023,4296,3798.890166,16.54117423,83.6325,365,4.838,4.406,439.68,383.826,52.96,80,18,36.42857143,FALSE,null,null,FALSE,Colombo,25.3,3.1,90.58333333,14.6
2/22/2023,4296,3798.890166,16.54117423,83.6325,365,4.82,4.418,438.548,388.653,52.84,80,18,36.25,FALSE,null,null,FALSE,Colombo,25.5,0.1,80.75,14.5
2/23/2023,4296,3798.890166,16.54117423,83.6325,365,4.802,4.402,435.939,387.01,52.47,80,18,36.07142857,FALSE,null,null,FALSE,Colombo,25.4,1.1,82.41666667,12.5
2/24/2023,4296,3798.890166,16.54117423,83.6325,365,4.845,4.392,437.924,386.773,52.27,80,18,35.89285714,FALSE,null,null,FALSE,Colombo,25.7,0.9,83.91666667,10.5
2/25/2023,4511,3798.890166,16.54117423,83.6325,null,null,null,null,null,null,80,18,35.71428571,FALSE,null,null,FALSE,Colombo,26.1,7.3,84.625,10.2
2/26/2023,4726,3798.890166,16.54117423,83.6325,null,null,null,null,null,null,80,18,35.53571429,FALSE,null,null,FALSE,Colombo,25.5,0,75.375,21.2
2/27/2023,4081,3798.890166,16.54117423,83.6325,363,4.824,4.38,435.197,385.003,52.21,80.42857143,18,35.35714286,FALSE,null,null,FALSE,Colombo,26,0.1,71.08333333,21.6
2/28/2023,4296,3798.890166,16.54117423,83.6325,362,4.757,4.343,430.621,385.108,52.12,80.85714286,18,35.17857143,FALSE,null,null,FALSE,Colombo,25.9,8.6,84.45833333,16.8
3/1/2023,4114,3798.890166,16.54117423,79.25652174,358,4.583,4.201,413.229,382.924,50.03,81.28571429,16,35,FALSE,null,null,FALSE,Colombo,25.6,4.7,86.95833333,12.7
3/2/2023,4114,3798.890166,16.54117423,79.25652174,346,4.504,4.155,408.81,381.951,49.15,81.71428571,16,35.22580645,FALSE,null,null,FALSE,Colombo,26.2,0,80.45833333,16.8
3/3/2023,4114,3798.890166,16.54117423,79.25652174,339.5,4.492,4.15,408.165,366.692,48.99,82.14285714,16,35.4516129,FALSE,null,null,FALSE,Colombo,26.5,2.8,77.54166667,17.9
3/4/2023,4320,3798.890166,16.54117423,79.25652174,null,null,null,null,null,null,82.57142857,16,35.67741935,FALSE,null,null,FALSE,Colombo,25.8,19.4,84.95833333,17.1
3/5/2023,4526,3798.890166,16.54117423,79.25652174,null,null,null,null,null,null,83,16,35.90322581,FALSE,null,null,FALSE,Colombo,26.1,2.1,84.91666667,11
3/6/2023,3909,3798.890166,16.54117423,79.25652174,339.5,4.267,3.932,381.647,361.026,46.32,81.71428571,16,36.12903226,TRUE,Medin Full Moon Poya Day,null,FALSE,Colombo,25.9,8.1,86.08333333,13.8
3/7/2023,4114,3798.890166,16.54117423,79.25652174,322.5,4.241,3.935,381.971,362.552,46.39,80.42857143,16,36.35483871,FALSE,null,null,FALSE,Colombo,26,7.9,87.5,10.1
3/8/2023,4114,3798.890166,16.54117423,79.25652174,322.5,4.252,3.932,384.582,340.206,46.3,79.14285714,16,36.58064516,FALSE,null,null,FALSE,Colombo,26.6,1.7,81.54166667,14.1
3/9/2023,4114,3798.890166,16.54117423,79.25652174,322.5,4.2,3.904,384.961,340.11,46.34,77.85714286,16,36.80645161,FALSE,null,null,FALSE,Colombo,26.6,0.3,80.33333333,18
3/10/2023,4114,3798.890166,16.54117423,79.25652174,320,4.335,3.981,398.994,341.27,47.83,76.57142857,16,37.03225806,FALSE,null,null,FALSE,Colombo,26.2,1.4,84.75,10
3/11/2023,4320,3798.890166,16.54117423,79.25652174,null,null,null,null,null,null,75.28571429,16,37.25806452,FALSE,null,null,FALSE,Colombo,26,12.5,86.41666667,9.7
3/12/2023,4526,3798.890166,16.54117423,79.25652174,null,null,null,null,null,null,74,16,37.48387097,FALSE,null,null,FALSE,Colombo,26,16.3,87.16666667,13
3/13/2023,3909,3798.890166,16.54117423,79.25652174,327.5,4.423,4.073,407.31,340.609,48.75,74.71428571,16,37.70967742,FALSE,null,null,FALSE,Colombo,26,11.4,87.5,12.7
3/14/2023,4114,3798.890166,16.54117423,79.25652174,335,4.409,4.071,407.262,351.441,48.86,75.42857143,16,37.93548387,FALSE,null,null,FALSE,Colombo,26,3.2,87.41666667,12.2
3/15/2023,4114,3798.890166,16.54117423,79.25652174,337.5,4.345,4.078,411.101,359.539,49.22,76.14285714,16,38.16129032,FALSE,null,null,FALSE,Colombo,26.5,2.7,84.41666667,11.1
3/16/2023,4114,3798.890166,16.54117423,79.25652174,339.5,4.366,4.07,410.974,356.974,48.78,76.85714286,16,38.38709677,FALSE,null,null,FALSE,Colombo,25.8,2.6,88.95833333,13
3/17/2023,4114,3798.890166,16.54117423,79.25652174,337.5,4.403,4.12,417.352,360.108,49.43,77.57142857,16,38.61290323,FALSE,null,null,FALSE,Colombo,26.5,0.8,84.625,11.5
3/18/2023,4320,3798.890166,16.54117423,79.25652174,null,null,null,null,null,null,78.28571429,16,38.83870968,FALSE,null,null,FALSE,Colombo,26.7,8.9,85.41666667,11.7
3/19/2023,4526,3798.890166,16.54117423,79.25652174,null,null,null,null,null,null,79,16,39.06451613,FALSE,null,null,FALSE,Colombo,26.2,4.6,86.41666667,16.9
3/20/2023,3909,3798.890166,16.54117423,79.25652174,340,4.142,3.868,392.745,358.378,46.47,78.42857143,16,39.29032258,FALSE,null,null,FALSE,Colombo,25.9,10,84.70833333,15.3
3/21/2023,4114,3798.890166,16.54117423,79.25652174,321.5,4.147,3.871,393.739,364.532,46.43,77.85714286,16,39.51612903,FALSE,null,null,FALSE,Colombo,26.7,3.1,84.25,13
3/22/2023,4114,3798.890166,16.54117423,79.25652174,321,4.184,3.864,391.956,344.576,46.62,77.28571429,16,39.74193548,FALSE,null,null,FALSE,Colombo,26.8,0.8,84.875,14.1
3/23/2023,4114,3798.890166,16.54117423,79.25652174,319,4.141,3.886,393.243,346.817,46.59,76.71428571,16,39.96774194,FALSE,null,null,FALSE,Colombo,26.1,5.1,85.45833333,10.5
3/24/2023,4114,3798.890166,16.54117423,79.25652174,321.5,4.214,3.923,396.224,344.394,46.84,76.14285714,16,40.19354839,FALSE,null,null,FALSE,Colombo,26.5,0.5,83.25,14.5
3/25/2023,4320,3798.890166,16.54117423,79.25652174,null,null,null,null,null,null,75.57142857,16,40.41935484,FALSE,null,null,FALSE,Colombo,26.7,0.6,83.25,12.7
3/26/2023,4526,3798.890166,16.54117423,79.25652174,null,null,null,null,null,null,75,16,40.64516129,FALSE,null,null,FALSE,Colombo,26.9,2.4,82.58333333,11.2
3/27/2023,3909,3798.890166,16.54117423,79.25652174,322.5,4.239,3.948,400.434,344.288,47.2,76.14285714,16,40.87096774,FALSE,null,null,FALSE,Colombo,27.2,0.2,83.83333333,12
3/28/2023,4114,3798.890166,16.54117423,79.25652174,324.5,4.217,3.952,401.388,348.22,47.18,77.28571429,16,41.09677419,FALSE,null,null,FALSE,Colombo,27.3,2.5,81.91666667,11.9
3/29/2023,4114,3798.890166,16.54117423,79.25652174,326,4.206,3.958,404.42,351.888,47.29,78.42857143,16,41.32258065,FALSE,null,Colombo Fashion Week (Main Week),TRUE,Colombo,27.3,1.8,81.375,11.7
3/30/2023,4114,3798.890166,16.54117423,79.25652174,326.5,4.154,3.941,402.121,352.398,47.16,79.57142857,16,41.5483871,FALSE,null,Colombo Fashion Week (Main Week),TRUE,Colombo,26.9,1.7,83.04166667,13.8
3/31/2023,4114,3798.890166,16.54117423,79.25652174,326,4.133,3.929,403.423,354.283,46.96,80.71428571,16,41.77419355,FALSE,null,Colombo Fashion Week (Main Week),TRUE,Colombo,27.1,1.1,82.125,12.5
4/1/2023,3947,3798.890166,16.54117423,83.536,null,null,null,null,null,null,81.85714286,18,42,FALSE,null,Colombo Fashion Week (Main Week),TRUE,Colombo,26.9,0.5,82.75,14.1
4/2/2023,4135,3798.890166,16.54117423,83.536,null,null,null,null,null,null,83,18,41.93333333,FALSE,null,null,FALSE,Colombo,27.1,0.3,81.58333333,13.7
4/3/2023,3571,3798.890166,16.54117423,83.536,325,4.067,3.928,403.158,351.184,46.88,84.14285714,18,41.86666667,FALSE,null,null,FALSE,Colombo,27.1,3.2,79.79166667,14.7
4/4/2023,3759,3798.890166,16.54117423,83.536,322.5,4.021,3.936,401.868,351.876,46.88,85.28571429,18,41.8,FALSE,null,null,FALSE,Colombo,26.2,2.5,83.95833333,14.3
4/5/2023,3759,3798.890166,16.54117423,83.536,322.5,3.945,3.909,398.391,353.234,46.53,86.42857143,18,41.73333333,TRUE,Bak Full Moon Poya Day,null,FALSE,Colombo,27,0.8,79.95833333,14.7
4/6/2023,3759,3798.890166,16.54117423,83.536,320.25,3.95,3.907,397.591,351.767,46.56,87.57142857,18,41.66666667,FALSE,null,null,FALSE,Colombo,27.1,1.6,79.16666667,11.4
4/7/2023,3759,3798.890166,16.54117423,83.536,320.25,3.894,3.878,396.257,349.472,46.2,88.71428571,18,41.6,TRUE,Good Friday,null,FALSE,Colombo,27.2,2.7,78.04166667,14.1
4/8/2023,3947,3798.890166,16.54117423,83.536,null,null,null,null,null,null,89.85714286,18,41.53333333,FALSE,null,null,FALSE,Colombo,26.1,5.4,84.83333333,12.1
4/9/2023,4135,3798.890166,16.54117423,83.536,null,null,null,null,null,null,91,18,41.46666667,FALSE,null,null,FALSE,Colombo,27.3,0,80.20833333,13.1
4/10/2023,3571,3798.890166,16.54117423,83.536,320,3.933,3.886,398.222,348.704,46.32,89.71428571,18,41.4,FALSE,null,null,FALSE,Colombo,27.6,1.5,78.83333333,13.1
4/11/2023,3759,3798.890166,16.54117423,83.536,320.5,3.905,3.891,400.705,345.316,46.39,88.42857143,18,41.33333333,FALSE,null,null,FALSE,Colombo,27.7,0,74.625,14.2
4/12/2023,3759,3798.890166,16.54117423,83.536,321,3.904,3.905,401.989,348.061,46.44,87.14285714,18,41.26666667,FALSE,null,null,FALSE,Colombo,27.8,0.7,79.375,16.8
4/13/2023,3759,3798.890166,16.54117423,83.536,321,3.937,3.896,398.506,350.549,46.41,85.85714286,18,41.2,TRUE,Day Before Sinhala and Tamil New Year,null,FALSE,Colombo,27.9,0.9,79.91666667,14.4
4/14/2023,3759,3798.890166,16.54117423,83.536,321,3.895,3.889,396.033,352.208,46.36,84.57142857,18,41.13333333,TRUE,Sinhala and Tamil New Year,null,FALSE,Colombo,27.3,3.5,81.91666667,12.3
4/15/2023,3947,3798.890166,16.54117423,83.536,null,null,null,null,null,null,83.28571429,18,41.06666667,FALSE,null,null,FALSE,Colombo,27.3,3.9,81.75,14.7
4/16/2023,4130,3798.890166,16.54117423,83.536,null,null,null,null,null,null,82,18,41,FALSE,null,null,FALSE,Colombo,27.2,4,81.5,15.7
4/17/2023,3571,3798.890166,16.54117423,83.536,320,3.886,3.872,397.6,350.868,46.24,81.42857143,18,40.93333333,FALSE,null,null,FALSE,Colombo,28.3,0.5,76.91666667,12.1
4/18/2023,3759,3798.890166,16.54117423,83.536,320,3.898,3.87,398.08,348.539,46.25,80.85714286,18,40.86666667,FALSE,null,null,FALSE,Colombo,28.5,0.9,79.29166667,11.3
4/19/2023,3759,3798.890166,16.54117423,83.536,320,3.913,3.871,398.192,348.846,46.26,80.28571429,18,40.8,FALSE,null,null,FALSE,Colombo,28.7,1.4,78.25,15.8
4/20/2023,3759,3798.890166,16.54117423,83.536,320,3.93,3.874,397.825,348.885,46.12,79.71428571,18,40.73333333,FALSE,null,null,FALSE,Colombo,28,2.8,79.54166667,13.5
4/21/2023,3759,3798.890166,16.54117423,83.536,320,3.928,3.904,399.538,348.751,46.4,79.14285714,18,40.66666667,FALSE,null,null,FALSE,Colombo,27.8,0.9,79.54166667,16.4
4/22/2023,3947,3798.890166,16.54117423,83.536,null,null,null,null,null,null,78.57142857,18,40.6,TRUE,Eid al-Fitr,null,FALSE,Colombo,28.2,1.8,79.83333333,12.6
4/23/2023,4135,3798.890166,16.54117423,83.536,null,null,null,null,null,null,78,18,40.53333333,FALSE,null,null,FALSE,Colombo,28.6,2.4,78.75,13.9
4/24/2023,3571,3798.890166,16.54117423,83.536,320,3.939,3.92,399.26,349.387,46.37,78.71428571,18,40.46666667,FALSE,null,null,FALSE,Colombo,27.3,18.7,83.125,13.3
4/25/2023,3759,3798.890166,16.54117423,83.536,321.75,3.896,3.913,401.502,353.378,46.19,79.42857143,18,40.4,FALSE,null,null,FALSE,Colombo,27,2.2,83.83333333,13.6
4/26/2023,3759,3798.890166,16.54117423,83.536,322,3.921,3.915,402.42,352.75,46.21,80.14285714,18,40.33333333,FALSE,null,null,FALSE,Colombo,26.7,15.9,85.875,10.2
4/27/2023,3759,3798.890166,16.54117423,83.536,322,3.991,3.913,403.256,353.28,46.29,80.85714286,18,40.26666667,FALSE,null,null,FALSE,Colombo,26.9,2.7,84.95833333,13
4/28/2023,3759,3798.890166,16.54117423,83.536,321,3.979,3.912,401.154,352.864,46.44,81.57142857,18,40.2,FALSE,null,null,FALSE,Colombo,26.2,24.6,87.95833333,12
4/29/2023,3947,3798.890166,16.54117423,83.536,null,null,null,null,null,null,82.28571429,18,40.13333333,FALSE,null,null,FALSE,Colombo,25.9,22.1,90.33333333,13.8
4/30/2023,4135,3798.890166,16.54117423,83.536,null,null,null,null,null,null,83,18,40.06666667,FALSE,null,null,FALSE,Colombo,26.4,9.8,88.20833333,16.4
5/1/2023,2610,3798.890166,16.54117423,75.7473913,321,3.994,3.913,400.159,352.64,46.29,81.14285714,18,40,TRUE,International Workers' Day,null,FALSE,Colombo,26.1,27,89.75,19.6
5/2/2023,2747,3798.890166,16.54117423,75.7473913,321,4.02,3.906,401.547,351.2,46.22,79.28571429,18,39.90322581,FALSE,null,null,FALSE,Colombo,26.5,9.1,88.58333333,13.2
5/3/2023,2747,3798.890166,16.54117423,75.7473913,319.55,4.064,3.903,401.692,352,46.18,77.42857143,18,39.80645161,FALSE,null,null,FALSE,Colombo,26,28.1,89.625,15.4
5/4/2023,2747,3798.890166,16.54117423,75.7473913,319.5,4.1,3.902,403.609,353.335,46.16,75.57142857,18,39.70967742,FALSE,null,null,FALSE,Colombo,26.7,30.5,90.04166667,9.7
5/5/2023,2747,3798.890166,16.54117423,75.7473913,319.5,4.091,3.888,402.547,351.251,46,73.71428571,18,39.61290323,TRUE,Vesak Full Moon Poya Day,null,FALSE,Colombo,26.2,10.4,89.08333333,8.4
5/6/2023,2885,3798.890166,16.54117423,75.7473913,null,null,null,null,null,null,71.85714286,18,39.51612903,TRUE,Day Following Vesak Full Moon Poya Day,null,FALSE,Colombo,26.4,13,86.54166667,15
5/7/2023,3022,3798.890166,16.54117423,75.7473913,null,null,null,null,null,null,70,18,39.41935484,FALSE,null,null,FALSE,Colombo,26.7,12.6,86.58333333,18.9
5/8/2023,2610,3798.890166,16.54117423,75.7473913,319,4.08,3.859,401.979,351.474,45.8,70.28571429,18,39.32258065,FALSE,null,null,FALSE,Colombo,27.2,11.3,86.58333333,14.1
5/9/2023,2747,3798.890166,16.54117423,75.7473913,318.5,4.15,3.855,399.108,349.927,45.55,70.57142857,18,39.22580645,FALSE,null,null,FALSE,Colombo,26.6,13,88.08333333,16.6
5/10/2023,2747,3798.890166,16.54117423,75.7473913,316.1,4.065,3.812,391.907,347.432,45.04,70.85714286,18,39.12903226,FALSE,null,null,FALSE,Colombo,26.7,9.7,87.375,18.9
5/11/2023,2747,3798.890166,16.54117423,75.7473913,313.25,4.04,3.794,389.344,346.858,44.83,71.14285714,18,39.03225806,FALSE,null,null,FALSE,Colombo,26.6,8.2,88.20833333,20.7
5/12/2023,2747,3798.890166,16.54117423,75.7473913,312.5,3.923,3.803,392.456,341.64,45.02,71.42857143,18,38.93548387,FALSE,null,null,FALSE,Colombo,27.3,5.6,85.58333333,20.5
5/13/2023,2885,3798.890166,16.54117423,75.7473913,null,null,null,null,null,null,71.71428571,18,38.83870968,FALSE,null,null,FALSE,Colombo,27.8,7.7,83.75,21.7
5/14/2023,3022,3798.890166,16.54117423,75.7473913,null,null,null,null,null,null,72,18,38.74193548,FALSE,null,null,FALSE,Colombo,27.5,4.2,85.54166667,17.9
5/15/2023,2610,3798.890166,16.54117423,75.7473913,313.25,3.844,3.754,386.317,338.458,44.28,71.71428571,18,38.64516129,FALSE,null,Yala Safari Season,TRUE,Colombo,28.5,3.5,82.5,20
5/16/2023,2747,3798.890166,16.54117423,75.7473913,309.375,3.798,3.701,381.509,340.294,43.58,71.42857143,18,38.5483871,FALSE,null,Yala Safari Season,TRUE,Colombo,28.5,3.9,85.66666667,20.5
5/17/2023,2747,3798.890166,16.54117423,75.7473913,305.5,3.806,3.699,380.988,335.605,43.49,71.14285714,18,38.4516129,FALSE,null,Yala Safari Season,TRUE,Colombo,28.5,5,87.08333333,15.1
5/18/2023,2747,3798.890166,16.54117423,75.7473913,307,3.833,3.696,382.093,330.59,43.72,70.85714286,18,38.35483871,FALSE,null,Yala Safari Season,TRUE,Colombo,27.7,3.1,85.66666667,15.9
5/19/2023,2747,3798.890166,16.54117423,75.7473913,307,3.789,3.681,379.92,329.531,43.35,70.57142857,18,38.25806452,FALSE,null,Yala Safari Season,TRUE,Colombo,27.3,1.1,86.04166667,17.4
5/20/2023,2885,3798.890166,16.54117423,75.7473913,null,null,null,null,null,null,70.28571429,18,38.16129032,FALSE,null,Yala Safari Season,TRUE,Colombo,27.1,2.9,85.95833333,17.3
5/21/2023,3022,3798.890166,16.54117423,75.7473913,null,null,null,null,null,null,70,18,38.06451613,FALSE,null,Yala Safari Season,TRUE,Colombo,27,3.2,84.91666667,19.3
5/22/2023,2610,3798.890166,16.54117423,75.7473913,305.5,3.798,3.676,378.627,331.081,43.15,70.57142857,18,37.96774194,FALSE,null,Yala Safari Season,TRUE,Colombo,27.1,2.2,86.04166667,17.7
5/23/2023,2747,3798.890166,16.54117423,75.7473913,305,3.785,3.665,375.308,329.736,42.9,71.14285714,18,37.87096774,FALSE,null,Yala Safari Season,TRUE,Colombo,27.6,0.5,84.58333333,14.8
5/24/2023,2747,3798.890166,16.54117423,75.7473913,303.5,3.774,3.65,372.711,327.947,42.66,71.71428571,18,37.77419355,FALSE,null,Yala Safari Season,TRUE,Colombo,27.9,0.7,83.375,17.3
5/25/2023,2747,3798.890166,16.54117423,75.7473913,302.5,3.759,3.597,366.941,325.664,42.03,72.28571429,18,37.67741935,FALSE,null,Yala Safari Season,TRUE,Colombo,28.2,0.6,82,18.6
5/26/2023,2747,3798.890166,16.54117423,75.7473913,297.25,3.702,3.582,366.885,323.714,41.84,72.85714286,18,37.58064516,FALSE,null,Yala Safari Season,TRUE,Colombo,28.4,4.7,79.70833333,19.7
5/27/2023,2885,3798.890166,16.54117423,75.7473913,null,null,null,null,null,null,73.42857143,18,37.48387097,FALSE,null,Yala Safari Season,TRUE,Colombo,27.9,4.7,82.91666667,14.8
5/28/2023,3022,3798.890166,16.54117423,75.7473913,null,null,null,null,null,null,74,18,37.38709677,FALSE,null,Yala Safari Season,TRUE,Colombo,27.8,3.1,82.79166667,18.6
5/29/2023,2610,3798.890166,16.54117423,75.7473913,297,3.91,3.554,365.593,318.503,41.52,73.71428571,18,37.29032258,FALSE,null,Yala Safari Season,TRUE,Colombo,28,3,84.66666667,14.4
5/30/2023,2747,3798.890166,16.54117423,75.7473913,294.5,3.556,3.507,361.071,316.868,40.77,73.42857143,18,37.19354839,FALSE,null,Yala Safari Season,TRUE,Colombo,27.1,2.5,88.83333333,15.5
5/31/2023,2747,3798.890166,16.54117423,75.7473913,290.25,3.623,3.567,368.397,315.55,41.36,73.14285714,18,37.09677419,FALSE,null,Yala Safari Season,TRUE,Colombo,27.5,3.2,85.54166667,18.2
6/1/2023,2833,3798.890166,16.54117423,74.975,294,3.589,3.519,362.295,309.952,40.92,72.85714286,17,37,FALSE,null,Yala Safari Season,TRUE,Colombo,26.6,10.1,88.41666667,22.5
6/2/2023,2833,3798.890166,16.54117423,74.975,291,3.602,3.514,361.028,315.806,40.82,72.57142857,17,37,FALSE,null,Yala Safari Season,TRUE,Colombo,26.9,3.3,86.45833333,19.1
6/3/2023,2975,3798.890166,16.54117423,74.975,null,null,null,null,null,null,72.28571429,17,37,TRUE,Poson Full Moon Poya Day,Yala Safari Season,TRUE,Colombo,27.6,8.8,84.66666667,18.8
6/4/2023,3116,3798.890166,16.54117423,74.975,null,null,null,null,null,null,72,17,37,FALSE,null,Yala Safari Season,TRUE,Colombo,27,6.6,85.5,17.9
6/5/2023,2691,3798.890166,16.54117423,74.975,290.25,3.59,3.533,362.781,310.474,40.94,71.71428571,17,37,FALSE,null,Yala Safari Season,TRUE,Colombo,26.5,9.5,87,20.7
6/6/2023,2833,3798.890166,16.54117423,74.975,292,3.575,3.526,362.553,310.648,40.81,71.42857143,17,37,FALSE,null,Yala Safari Season,TRUE,Colombo,27.1,12.5,86.79166667,20.4
6/7/2023,2833,3798.890166,16.54117423,74.975,291.5,3.585,3.562,370.373,311.701,41.33,71.14285714,17,37,FALSE,null,Yala Safari Season,TRUE,Colombo,27,11.7,87.66666667,20
6/8/2023,2833,3798.890166,16.54117423,74.975,295,3.572,3.584,372.087,311.283,41.45,70.85714286,17,37,FALSE,null,Yala Safari Season,TRUE,Colombo,27.4,7.8,85.66666667,18.4
6/9/2023,2833,3798.890166,16.54117423,74.975,296,3.583,3.646,376.001,316.961,42.05,70.57142857,17,37,FALSE,null,Yala Safari Season,TRUE,Colombo,27.2,5.9,84.91666667,19.6
6/10/2023,2975,3798.890166,16.54117423,74.975,null,null,null,null,null,null,70.28571429,17,37,FALSE,null,Yala Safari Season,TRUE,Colombo,27.2,8.4,86.29166667,21.2
6/11/2023,3116,3798.890166,16.54117423,74.975,null,null,null,null,null,null,70,17,37,FALSE,null,Yala Safari Season,TRUE,Colombo,27.4,11.7,84.16666667,13.8
6/12/2023,2691,3798.890166,16.54117423,74.975,300.5,3.658,3.72,387.189,317.574,42.68,70,17,37,FALSE,null,Yala Safari Season,TRUE,Colombo,27.1,15.5,87.29166667,17.5
6/13/2023,2833,3798.890166,16.54117423,74.975,307,3.75,3.843,398.886,323.263,43.97,70,17,37,FALSE,null,Yala Safari Season,TRUE,Colombo,26.9,19.3,85.79166667,15.9
6/14/2023,2833,3798.890166,16.54117423,74.975,315,3.666,3.736,391.16,330.205,42.97,70,17,37,FALSE,null,Yala Safari Season,TRUE,Colombo,27.1,18.9,86.875,18.7
6/15/2023,2833,3798.890166,16.54117423,74.975,306,3.684,3.754,394.185,341.241,43.15,70,17,37,FALSE,null,Yala Safari Season,TRUE,Colombo,27.7,8.6,86.125,20.3
6/16/2023,2835,3798.890166,16.54117423,74.975,307.5,3.649,3.735,392.075,334.918,42.73,70,17,37,FALSE,null,Yala Safari Season,TRUE,Colombo,28.1,9.3,83.58333333,22.7
6/17/2023,2975,3798.890166,16.54117423,74.975,null,null,null,null,null,null,70,17,37,FALSE,null,Yala Safari Season,TRUE,Colombo,27.7,6.7,80.95833333,23.9
6/18/2023,3116,3798.890166,16.54117423,74.975,null,null,null,null,null,null,70,17,37,FALSE,null,Yala Safari Season,TRUE,Colombo,27.6,8.6,81.83333333,22.9
6/19/2023,2691,3798.890166,16.54117423,74.975,306.5,3.662,3.731,391.871,336.375,42.61,70.71428571,17,37,FALSE,null,Yala Safari Season,TRUE,Colombo,27.7,3.9,81.20833333,20.6
6/20/2023,2833,3798.890166,16.54117423,74.975,307,3.671,3.734,392.039,334.183,42.61,71.42857143,17,37,FALSE,null,Yala Safari Season,TRUE,Colombo,27,9.5,86.83333333,19.7
6/21/2023,2833,3798.890166,16.54117423,74.975,307,3.778,3.733,391.364,333.999,42.61,72.14285714,17,37,FALSE,null,Yala Safari Season,TRUE,Colombo,25.9,23.3,89.70833333,19.1
6/22/2023,2833,3798.890166,16.54117423,74.975,307,3.676,3.751,391.227,336.11,42.82,72.85714286,17,37,FALSE,null,Yala Safari Season,TRUE,Colombo,27,8.6,86.66666667,17.4
6/23/2023,2833,3798.890166,16.54117423,74.975,307.75,3.643,3.751,391.592,335.254,42.48,73.57142857,17,37,FALSE,null,Yala Safari Season,TRUE,Colombo,27.3,4.9,84.70833333,20.7
6/24/2023,2975,3798.890166,16.54117423,74.975,null,null,null,null,null,null,74.28571429,17,37,FALSE,null,Yala Safari Season,TRUE,Colombo,27.5,9.8,82.875,19.2
6/25/2023,3116,3798.890166,16.54117423,74.975,null,null,null,null,null,null,75,17,37,FALSE,null,Yala Safari Season,TRUE,Colombo,26.2,24.2,86.91666667,23.2
6/26/2023,2691,3798.890166,16.54117423,74.975,308,3.603,3.754,393.276,334.837,42.65,75.57142857,17,37,FALSE,null,Yala Safari Season,TRUE,Colombo,26,33.1,88.29166667,18.8
6/27/2023,2833,3798.890166,16.54117423,74.975,308.5,3.575,3.748,388.904,335.298,42.44,76.14285714,17,37,FALSE,null,Yala Safari Season,TRUE,Colombo,25.9,35.4,88.79166667,18.2
6/28/2023,2833,3798.890166,16.54117423,74.975,307.75,3.54,3.745,388.15,337.537,42.39,76.71428571,17,37,FALSE,null,Yala Safari Season,TRUE,Colombo,26.2,8.8,87.83333333,15.5
6/29/2023,2833,3798.890166,16.54117423,74.975,307.75,3.5,3.745,391.027,335.513,42.39,77.28571429,17,37,TRUE,Eid al-Adha,Yala Safari Season,TRUE,Colombo,25.8,30.2,89.41666667,18.3
6/30/2023,2833,3798.890166,16.54117423,74.975,307.75,3.436,3.752,390.597,334.068,42.46,77.85714286,17,37,FALSE,null,Yala Safari Season,TRUE,Colombo,27.1,4.4,86.125,18.7
7/1/2023,4785,3798.890166,16.54117423,80.10904762,null,null,null,null,null,null,78.42857143,17,37,FALSE,null,Yala Safari Season,TRUE,Colombo,26,9.1,88.66666667,17.1
7/2/2023,5013,3798.890166,16.54117423,80.10904762,null,null,null,null,null,null,79,17,37.09677419,FALSE,null,Yala Safari Season,TRUE,Colombo,25.9,25.1,89.66666667,22.9
7/3/2023,4329,3798.890166,16.54117423,80.10904762,307.75,3.363,3.732,390.32,335.483,42.41,78.57142857,17,37.19354839,TRUE,Adhi Esala Full Moon Poya Day,Yala Safari Season,TRUE,Colombo,26.9,20.1,84.625,24.4
7/4/2023,4557,3798.890166,16.54117423,80.10904762,307,3.382,3.713,390.028,335.483,42.22,78.14285714,17,37.29032258,FALSE,null,Yala Safari Season,TRUE,Colombo,26.3,17.8,85.70833333,25.8
7/5/2023,4557,3798.890166,16.54117423,80.10904762,307,3.386,3.733,394.956,332.836,42.61,77.71428571,17,37.38709677,FALSE,null,Yala Safari Season,TRUE,Colombo,26.2,18.8,86.79166667,25.4
7/6/2023,4557,3798.890166,16.54117423,80.10904762,310,3.386,3.74,398.62,332.071,42.79,77.28571429,17,37.48387097,FALSE,null,Yala Safari Season,TRUE,Colombo,26.6,9.3,86.625,17.4
7/7/2023,4557,3798.890166,16.54117423,80.10904762,310.5,3.42,3.756,400.59,336.408,42.86,76.85714286,17,37.58064516,FALSE,null,Yala Safari Season,TRUE,Colombo,26.2,12.7,88.375,15.6
7/8/2023,4785,3798.890166,16.54117423,80.10904762,null,null,null,null,null,null,76.42857143,17,37.67741935,FALSE,null,Yala Safari Season,TRUE,Colombo,26.4,5.7,89,21.3
7/9/2023,5013,3798.890166,16.54117423,80.10904762,null,null,null,null,null,null,76,17,37.77419355,FALSE,null,Yala Safari Season,TRUE,Colombo,26.8,1.7,87.79166667,19.2
7/10/2023,4329,3798.890166,16.54117423,80.10904762,311.5,3.47,3.799,406.097,338.88,43.4,76.71428571,17,37.87096774,FALSE,null,Yala Safari Season,TRUE,Colombo,27.2,5.7,84.29166667,19.3
7/11/2023,4557,3798.890166,16.54117423,80.10904762,314,3.469,3.83,409.122,340.969,43.81,77.42857143,17,37.96774194,FALSE,null,Yala Safari Season,TRUE,Colombo,26.9,2.6,85.95833333,14
7/12/2023,4557,3798.890166,16.54117423,80.10904762,315,3.517,3.863,417.201,344.488,44.32,78.14285714,17,38.06451613,FALSE,null,Yala Safari Season,TRUE,Colombo,27.3,1.5,84,19.4
7/13/2023,4557,3798.890166,16.54117423,80.10904762,317.625,3.523,3.873,417.572,349.419,44.52,78.85714286,17,38.16129032,FALSE,null,Yala Safari Season,TRUE,Colombo,26.3,7.6,86.70833333,16.9
7/14/2023,4557,3798.890166,16.54117423,80.10904762,319,3.57,3.912,421.605,355.801,44.75,79.57142857,17,38.25806452,FALSE,null,Yala Safari Season,TRUE,Colombo,26.7,14.1,85.54166667,18.6
7/15/2023,4785,3798.890166,16.54117423,80.10904762,null,null,null,null,null,null,80.28571429,17,38.35483871,FALSE,null,Yala Safari Season,TRUE,Colombo,27.4,2.6,85.16666667,20.6
7/16/2023,5007,3798.890166,16.54117423,80.10904762,null,null,null,null,null,null,81,17,38.4516129,FALSE,null,Yala Safari Season,TRUE,Colombo,27.4,7.8,84,25.1
7/17/2023,4329,3798.890166,16.54117423,80.10904762,322.5,3.548,3.924,420.737,357.019,44.84,81.85714286,17,38.5483871,FALSE,null,Yala Safari Season,TRUE,Colombo,27.3,5.4,84.25,22.2
7/18/2023,4557,3798.890166,16.54117423,80.10904762,322.75,3.521,3.936,419.224,360.708,44.69,82.71428571,17,38.64516129,FALSE,null,Yala Safari Season,TRUE,Colombo,27.2,5.2,82.83333333,24.4
7/19/2023,4557,3798.890166,16.54117423,80.10904762,324,3.596,3.947,418.178,361.477,45.13,83.57142857,17,38.74193548,FALSE,null,Yala Safari Season,TRUE,Colombo,27.9,0.5,77.54166667,25.4
7/20/2023,4557,3798.890166,16.54117423,80.10904762,325,3.619,3.982,421.067,361.695,45.41,84.42857143,17,38.83870968,FALSE,null,Yala Safari Season,TRUE,Colombo,27.3,7.7,83.45833333,19.7
7/21/2023,4557,3798.890166,16.54117423,80.10904762,327.5,3.637,4.022,423.523,360.547,45.77,85.28571429,17,38.93548387,FALSE,null,Yala Safari Season,TRUE,Colombo,27.5,1.6,83.70833333,22
7/22/2023,4785,3798.890166,16.54117423,80.10904762,null,null,null,null,null,null,86.14285714,17,39.03225806,FALSE,null,Yala Safari Season,TRUE,Colombo,27.7,2.5,83.08333333,24.7
7/23/2023,5013,3798.890166,16.54117423,80.10904762,null,null,null,null,null,null,87,17,39.12903226,FALSE,null,Yala Safari Season,TRUE,Colombo,27.2,4,83.45833333,22.3
7/24/2023,4329,3798.890166,16.54117423,80.10904762,330,3.668,4.031,427.057,363.101,46.23,87.57142857,17,39.22580645,FALSE,null,Yala Safari Season,TRUE,Colombo,26.4,16.7,87.66666667,19.5
7/25/2023,4557,3798.890166,16.54117423,80.10904762,331,3.644,4.002,425.759,363.94,45.86,88.14285714,17,39.32258065,FALSE,null,Yala Safari Season,TRUE,Colombo,26.7,5.6,86.70833333,16.8
7/26/2023,4557,3798.890166,16.54117423,80.10904762,329,3.616,3.992,420.989,364.749,45.71,88.71428571,17,39.41935484,FALSE,null,Yala Safari Season,TRUE,Colombo,26,23.9,89.54166667,19.7
7/27/2023,4557,3798.890166,16.54117423,80.10904762,329,3.574,3.986,422.815,363.522,45.87,89.28571429,17,39.51612903,FALSE,null,Yala Safari Season,TRUE,Colombo,26.7,2.5,88.5,17.3
7/28/2023,4557,3798.890166,16.54117423,80.10904762,329,3.455,3.854,408.217,359.914,44.38,89.85714286,17,39.61290323,FALSE,null,Yala Safari Season,TRUE,Colombo,27.2,2.6,84.25,21.1
7/29/2023,4785,3798.890166,16.54117423,80.10904762,null,null,null,null,null,null,90.42857143,17,39.70967742,FALSE,null,Yala Safari Season,TRUE,Colombo,27.4,2.3,83.375,22.1
7/30/2023,5013,3798.890166,16.54117423,80.10904762,null,null,null,null,null,null,91,17,39.80645161,FALSE,null,Yala Safari Season | Lanka Premier League (Cricket),TRUE,Colombo,27.2,0.9,84,23.9
7/31/2023,4329,3798.890166,16.54117423,80.10904762,318,3.431,3.849,406.325,361.292,44.16,89.42857143,17,39.90322581,FALSE,null,Yala Safari Season | Lanka Premier League (Cricket),TRUE,Colombo,27.2,6.5,83.41666667,26.8
8/1/2023,4343,3798.890166,16.54117423,85.16826087,318,3.335,3.783,399.777,348.573,43.52,87.85714286,19,40,TRUE,Esala Full Moon Poya Day,Yala Safari Season | Lanka Premier League (Cricket),TRUE,Colombo,27.1,3.5,84.125,25.1
8/2/2023,4343,3798.890166,16.54117423,85.16826087,314.5,3.366,3.818,404.338,348.129,44.09,86.28571429,19,39.96774194,FALSE,null,Yala Safari Season | Lanka Premier League (Cricket),TRUE,Colombo,27,2.9,85.83333333,20.7
8/3/2023,4343,3798.890166,16.54117423,85.16826087,318,3.343,3.868,408.638,342.297,44.62,84.71428571,19,39.93548387,FALSE,null,Yala Safari Season | Lanka Premier League (Cricket),TRUE,Colombo,27,3.8,87.125,22.1
8/4/2023,4343,3798.890166,16.54117423,85.16826087,320.5,3.373,3.889,412.349,345.83,44.76,83.14285714,19,39.90322581,FALSE,null,Yala Safari Season | Lanka Premier League (Cricket),TRUE,Colombo,26.9,4.9,86.16666667,21.7
8/5/2023,4560,3798.890166,16.54117423,85.16826087,null,null,null,null,null,null,81.57142857,19,39.87096774,FALSE,null,Yala Safari Season | Lanka Premier League (Cricket),TRUE,Colombo,27,3.4,85.04166667,18.6
8/6/2023,4777,3798.890166,16.54117423,85.16826087,null,null,null,null,null,null,80,19,39.83870968,FALSE,null,Yala Safari Season | Lanka Premier League (Cricket),TRUE,Colombo,27.1,0.7,84.875,18.1
8/7/2023,4126,3798.890166,16.54117423,85.16826087,322.5,3.292,3.854,407.937,352.32,44.26,81.42857143,19,39.80645161,FALSE,null,Yala Safari Season | Lanka Premier League (Cricket),TRUE,Colombo,27,3.7,85.29166667,25.1
8/8/2023,4343,3798.890166,16.54117423,85.16826087,320,3.298,3.854,407.04,354.329,44.3,82.85714286,19,39.77419355,FALSE,null,Yala Safari Season | Lanka Premier League (Cricket),TRUE,Colombo,27,5,83.875,21.6
8/9/2023,4343,3798.890166,16.54117423,85.16826087,320,3.288,3.859,405.633,349.98,44.19,84.28571429,19,39.74193548,FALSE,null,Yala Safari Season | Lanka Premier League (Cricket),TRUE,Colombo,27,2.9,86.58333333,17.7
8/10/2023,4343,3798.890166,16.54117423,85.16826087,320,3.198,3.847,405.955,350.587,44.06,85.71428571,19,39.70967742,FALSE,null,Yala Safari Season | Lanka Premier League (Cricket),TRUE,Colombo,27,3.8,85.125,21.7
8/11/2023,4343,3798.890166,16.54117423,85.16826087,319.75,3.259,3.859,407.474,350.23,44.21,87.14285714,19,39.67741935,FALSE,null,Yala Safari Season | Lanka Premier League (Cricket),TRUE,Colombo,26.6,3,86.75,20.5
8/12/2023,4560,3798.890166,16.54117423,85.16826087,null,null,null,null,null,null,88.57142857,19,39.64516129,FALSE,null,Yala Safari Season | Lanka Premier League (Cricket),TRUE,Colombo,26.2,6.8,87.5,17.9
8/13/2023,4777,3798.890166,16.54117423,85.16826087,null,null,null,null,null,null,90,19,39.61290323,FALSE,null,Yala Safari Season | Lanka Premier League (Cricket),TRUE,Colombo,27.2,1.8,83.95833333,20.6
8/14/2023,4126,3798.890166,16.54117423,85.16826087,321.25,3.238,3.843,407.179,349.114,43.93,89.28571429,19,39.58064516,FALSE,null,Yala Safari Season | Lanka Premier League (Cricket),TRUE,Colombo,27,4.1,81.29166667,19.8
8/15/2023,4343,3798.890166,16.54117423,85.16826087,320.5,3.303,3.857,409.334,350.018,43.98,88.57142857,19,39.5483871,FALSE,null,Yala Safari Season | Lanka Premier League (Cricket),TRUE,Colombo,27.1,1.9,79.25,18.9
8/16/2023,4338,3798.890166,16.54117423,85.16826087,321.5,3.408,3.867,410.453,348.928,44.09,87.85714286,19,39.51612903,FALSE,null,Yala Safari Season | Lanka Premier League (Cricket),TRUE,Colombo,27,3.3,79.33333333,17.1
8/17/2023,4343,3798.890166,16.54117423,85.16826087,322,3.399,3.882,412.043,349.216,44.35,87.14285714,19,39.48387097,FALSE,null,Yala Safari Season | Lanka Premier League (Cricket),TRUE,Colombo,27.3,0.9,79.08333333,18.6
8/18/2023,4343,3798.890166,16.54117423,85.16826087,323.5,3.454,3.887,412.976,349.503,44.31,86.42857143,19,39.4516129,FALSE,null,Yala Safari Season | Lanka Premier League (Cricket),TRUE,Colombo,26.9,4.5,82.41666667,21.7
8/19/2023,4560,3798.890166,16.54117423,85.16826087,null,null,null,null,null,null,85.71428571,19,39.41935484,FALSE,null,Yala Safari Season | Lanka Premier League (Cricket),TRUE,Colombo,27.5,1.5,80.66666667,20.7
8/20/2023,4777,3798.890166,16.54117423,85.16826087,null,null,null,null,null,null,85,19,39.38709677,FALSE,null,Yala Safari Season | Lanka Premier League (Cricket),TRUE,Colombo,27.3,2.5,82.45833333,16.2
8/21/2023,4126,3798.890166,16.54117423,85.16826087,323.75,3.429,3.895,412.517,351.004,44.34,84.42857143,19,39.35483871,FALSE,null,Yala Safari Season | Kandy Esala Perahera (Kandy),TRUE,Colombo,27.4,4,83.54166667,19.4
8/22/2023,4343,3798.890166,16.54117423,85.16826087,324,3.436,3.913,411.751,351.779,44.37,83.85714286,19,39.32258065,FALSE,null,Yala Safari Season | Kandy Esala Perahera (Kandy),TRUE,Colombo,27.3,2.3,84.29166667,20.4
8/23/2023,4343,3798.890166,16.54117423,85.16826087,323.5,3.424,3.91,407.626,350.803,44.37,83.28571429,19,39.29032258,FALSE,null,Yala Safari Season | Kandy Esala Perahera (Kandy),TRUE,Colombo,27.1,2.4,84.125,17.4
8/24/2023,4343,3798.890166,16.54117423,85.16826087,323.5,3.4,3.906,406.915,350.746,44.3,82.71428571,19,39.25806452,FALSE,null,Yala Safari Season | Kandy Esala Perahera (Kandy),TRUE,Colombo,27.5,2.2,82.20833333,17.3
8/25/2023,4343,3798.890166,16.54117423,85.16826087,323.5,3.426,3.917,408.402,349.131,44.4,82.14285714,19,39.22580645,FALSE,null,Yala Safari Season | Kandy Esala Perahera (Kandy),TRUE,Colombo,27.4,2.5,82.29166667,17.5
8/26/2023,4560,3798.890166,16.54117423,85.16826087,null,null,null,null,null,null,81.57142857,19,39.19354839,FALSE,null,Yala Safari Season | Kandy Esala Perahera (Kandy),TRUE,Colombo,27.2,3.3,83.41666667,18.6
8/27/2023,4777,3798.890166,16.54117423,85.16826087,null,null,null,null,null,null,81,19,39.16129032,FALSE,null,Yala Safari Season | Kandy Esala Perahera (Kandy),TRUE,Colombo,27.6,2.3,80.33333333,18.5
8/28/2023,4126,3798.890166,16.54117423,85.16826087,324,3.359,3.879,405.873,348.84,44.01,79.71428571,19,39.12903226,FALSE,null,Yala Safari Season | Kandy Esala Perahera (Kandy),TRUE,Colombo,26.8,5.6,86.33333333,21
8/29/2023,4343,3798.890166,16.54117423,85.16826087,321,3.333,3.879,408.312,350.2,43.99,78.42857143,19,39.09677419,FALSE,null,Yala Safari Season | Kandy Esala Perahera (Kandy),TRUE,Colombo,26.2,19.3,87.16666667,21.8
8/30/2023,4343,3798.890166,16.54117423,85.16826087,321,3.328,3.851,404.333,348.64,43.87,77.14285714,19,39.06451613,TRUE,Nikini Full Moon Poya Day,Yala Safari Season | Kandy Esala Perahera (Kandy),TRUE,Colombo,26.6,15.7,84.625,18.7
8/31/2023,4343,3798.890166,16.54117423,85.16826087,319,3.304,3.851,401.621,350.114,43.85,75.85714286,19,39.03225806,FALSE,null,Yala Safari Season | Kandy Esala Perahera (Kandy),TRUE,Colombo,25.9,25.1,89.75,16.3
9/1/2023,3535,3798.890166,16.54117423,92.67333333,319,3.303,3.868,404.883,345.286,43.99,74.57142857,18,39,FALSE,null,Yala Safari Season,TRUE,Colombo,25.4,23.9,91.41666667,21.5
9/2/2023,3712,3798.890166,16.54117423,92.67333333,null,null,null,null,null,null,73.28571429,18,38.9,FALSE,null,Yala Safari Season,TRUE,Colombo,25.6,24,88.91666667,25.5
9/3/2023,3889,3798.890166,16.54117423,92.67333333,null,null,null,null,null,null,72,18,38.8,FALSE,null,Yala Safari Season,TRUE,Colombo,25.6,32.4,88.33333333,21.4
9/4/2023,3359,3798.890166,16.54117423,92.67333333,320.75,3.311,3.865,403.965,343.12,43.94,71.71428571,18,38.7,FALSE,null,Yala Safari Season,TRUE,Colombo,26.4,23.7,85.70833333,21.7
9/5/2023,3535,3798.890166,16.54117423,92.67333333,321.5,3.268,3.856,402.149,345.312,43.86,71.42857143,18,38.6,FALSE,null,Yala Safari Season,TRUE,Colombo,26.2,20.4,86.125,22.4
9/6/2023,3535,3798.890166,16.54117423,92.67333333,321.5,3.275,3.872,402.255,344.337,43.93,71.14285714,18,38.5,FALSE,null,Yala Safari Season,TRUE,Colombo,25.3,18.2,90.20833333,21.2
9/7/2023,3535,3798.890166,16.54117423,92.67333333,322.5,3.289,3.865,400.814,344.337,43.7,70.85714286,18,38.4,FALSE,null,Yala Safari Season,TRUE,Colombo,25.3,23.9,89.70833333,19.6
9/8/2023,3535,3798.890166,16.54117423,92.67333333,321.5,3.386,3.871,402.478,344.508,44.03,70.57142857,18,38.3,FALSE,null,Yala Safari Season,TRUE,Colombo,26,18.7,88.04166667,21.4
9/9/2023,3712,3798.890166,16.54117423,92.67333333,null,null,null,null,null,null,70.28571429,18,38.2,FALSE,null,Yala Safari Season,TRUE,Colombo,26.1,14.7,87.58333333,18.6
9/10/2023,3889,3798.890166,16.54117423,92.67333333,null,null,null,null,null,null,70,18,38.1,FALSE,null,Yala Safari Season,TRUE,Colombo,25.9,36.4,89.08333333,18.2
9/11/2023,3359,3798.890166,16.54117423,92.67333333,321.75,3.357,3.889,402.803,343.438,44.19,71,18,38,FALSE,null,Yala Safari Season,TRUE,Colombo,25.5,34.4,90.375,20.3
9/12/2023,3535,3798.890166,16.54117423,92.67333333,322.5,3.347,3.882,403.428,345.011,44.28,72,18,37.9,FALSE,null,Yala Safari Season,TRUE,Colombo,27,14.7,82.875,18.7
9/13/2023,3535,3798.890166,16.54117423,92.67333333,323,3.367,3.889,402.068,346.515,44.37,73,18,37.8,FALSE,null,Yala Safari Season,TRUE,Colombo,26.4,25.8,86.25,19.9
9/14/2023,3535,3798.890166,16.54117423,92.67333333,324,3.338,3.884,400.126,345.442,44.36,74,18,37.7,FALSE,null,Yala Safari Season,TRUE,Colombo,25.5,17.5,90.04166667,19.1
9/15/2023,3535,3798.890166,16.54117423,92.67333333,323.125,3.379,3.891,402.016,343.704,44.47,75,18,37.6,FALSE,null,Colombo Motor Show (Tourist Side Events) | Yala Safari Season,TRUE,Colombo,26.3,2.9,87.04166667,21.2
9/16/2023,3720,3798.890166,16.54117423,92.67333333,null,null,null,null,null,null,76,18,37.5,FALSE,null,Colombo Motor Show (Tourist Side Events) | Yala Safari Season,TRUE,Colombo,27.2,0.9,83.08333333,19.5
9/17/2023,3889,3798.890166,16.54117423,92.67333333,null,null,null,null,null,null,77,18,37.4,FALSE,null,Colombo Motor Show (Tourist Side Events) | Yala Safari Season,TRUE,Colombo,26.7,11.3,84.58333333,16.4
9/18/2023,3359,3798.890166,16.54117423,92.67333333,324.625,3.381,3.889,402.121,343.89,44.4,77.42857143,18,37.3,FALSE,null,Yala Safari Season,TRUE,Colombo,25.9,7.2,87.70833333,16.8
9/19/2023,3535,3798.890166,16.54117423,92.67333333,324.5,3.374,3.907,400.58,346.623,44.45,77.85714286,18,37.2,FALSE,null,Yala Safari Season,TRUE,Colombo,25.5,13.3,89.875,15.6
9/20/2023,3535,3798.890166,16.54117423,92.67333333,324.5,3.404,3.891,398.423,345.935,44.26,78.28571429,18,37.1,FALSE,null,Yala Safari Season,TRUE,Colombo,25.7,11.2,87.54166667,12.1
9/21/2023,3535,3798.890166,16.54117423,92.67333333,324,3.37,3.905,397.188,345.352,44.39,78.71428571,18,37,FALSE,null,Yala Safari Season,TRUE,Colombo,26.9,2,82.20833333,16.3
9/22/2023,3535,3798.890166,16.54117423,92.67333333,324.5,3.413,3.897,396.263,344.786,44.31,79.14285714,18,36.9,FALSE,null,Yala Safari Season | Colombo International Book Fair (BMICH),TRUE,Colombo,25.9,12.7,88.375,18.4
9/23/2023,3712,3798.890166,16.54117423,92.67333333,null,null,null,null,null,null,79.57142857,18,36.8,FALSE,null,Yala Safari Season | Colombo International Book Fair (BMICH),TRUE,Colombo,26.4,2.5,86.91666667,20
9/24/2023,3889,3798.890166,16.54117423,92.67333333,null,null,null,null,null,null,80,18,36.7,FALSE,null,Yala Safari Season | Colombo International Book Fair (BMICH),TRUE,Colombo,26.5,22.7,86.79166667,17.6
9/25/2023,3359,3798.890166,16.54117423,92.67333333,324.5,3.352,3.885,393.68,345.125,44.24,77.71428571,18,36.6,FALSE,null,Yala Safari Season | Colombo International Book Fair (BMICH),TRUE,Colombo,26.4,28.9,87.66666667,16.6
9/26/2023,3535,3798.890166,16.54117423,92.67333333,323.75,3.338,3.89,393.207,343.116,44.28,75.42857143,18,36.5,FALSE,null,Yala Safari Season | Colombo International Book Fair (BMICH),TRUE,Colombo,26.1,14.1,88.54166667,21.6
9/27/2023,3535,3798.890166,16.54117423,92.67333333,324,3.364,3.892,395.248,341.94,44.34,73.14285714,18,36.4,FALSE,null,Yala Safari Season | WSL Sri Lanka Pro – Arugam Bay (Surfing) | Colombo International Book Fair (BMICH),TRUE,Colombo,25.6,14.6,89.45833333,18.3
9/28/2023,3535,3798.890166,16.54117423,92.67333333,324,3.307,3.899,395.248,339.938,44.46,70.85714286,18,36.3,TRUE,Prophet's Birthday,Yala Safari Season | WSL Sri Lanka Pro – Arugam Bay (Surfing) | Colombo International Book Fair (BMICH),TRUE,Colombo,25.3,21.4,90.16666667,18.8
9/29/2023,3535,3798.890166,16.54117423,92.67333333,324,3.282,3.895,391.83,341.848,44.39,68.57142857,18,36.2,TRUE,Binara Full Moon Poya Day,Yala Safari Season | WSL Sri Lanka Pro – Arugam Bay (Surfing) | Colombo International Book Fair (BMICH),TRUE,Colombo,25.3,35.5,89.95833333,21.3
9/30/2023,3712,3798.890166,16.54117423,92.67333333,null,null,null,null,null,null,66.28571429,18,36.1,FALSE,null,Yala Safari Season | WSL Sri Lanka Pro – Arugam Bay (Surfing) | Colombo International Book Fair (BMICH),TRUE,Colombo,25.9,24.7,88.20833333,20.4
10/1/2023,3765,3798.890166,16.54117423,88.94772727,null,null,null,null,null,null,64,15,36,FALSE,null,Yala Safari Season | WSL Sri Lanka Pro – Arugam Bay (Surfing) | Colombo International Book Fair (BMICH),TRUE,Colombo,25.8,30.8,89.20833333,17.8
10/2/2023,3252,3798.890166,16.54117423,88.94772727,324.175,3.237,3.887,391.295,342.204,44.3,64,15,36.03225806,FALSE,null,Yala Safari Season,TRUE,Colombo,25.7,19,89.45833333,19.2
10/3/2023,3423,3798.890166,16.54117423,88.94772727,324,3.243,3.882,392.558,339.527,44.27,64,15,36.06451613,FALSE,null,Yala Safari Season,TRUE,Colombo,25.7,26,89.95833333,21
10/4/2023,3423,3798.890166,16.54117423,88.94772727,323.625,3.237,3.893,395.082,338.543,44.36,64,15,36.09677419,FALSE,null,Yala Safari Season,TRUE,Colombo,25.9,13.1,88.91666667,20.2
10/5/2023,3423,3798.890166,16.54117423,88.94772727,324.05,3.205,3.894,396.576,339.509,44.34,64,15,36.12903226,FALSE,null,Yala Safari Season,TRUE,Colombo,25.7,39.1,90.08333333,17.6
10/6/2023,3423,3798.890166,16.54117423,88.94772727,324,3.254,3.883,396.112,341.702,44.35,64,15,36.16129032,FALSE,null,Yala Safari Season,TRUE,Colombo,25.5,21.7,90.95833333,19.1
10/7/2023,3594,3798.890166,16.54117423,88.94772727,null,null,null,null,null,null,64,15,36.19354839,FALSE,null,Yala Safari Season,TRUE,Colombo,25.8,19.8,90.625,19
10/8/2023,3765,3798.890166,16.54117423,88.94772727,null,null,null,null,null,null,64,15,36.22580645,FALSE,null,Yala Safari Season,TRUE,Colombo,26.3,10.2,88.83333333,18.3
10/9/2023,3252,3798.890166,16.54117423,88.94772727,323.7,3.225,3.887,397.714,342.722,44.33,64.71428571,15,36.25806452,FALSE,null,Yala Safari Season,TRUE,Colombo,26.4,9.9,87.5,16.5
10/10/2023,3423,3798.890166,16.54117423,88.94772727,323.7,3.222,3.891,398.634,341.778,44.32,65.42857143,15,36.29032258,FALSE,null,Yala Safari Season,TRUE,Colombo,26.2,10.5,89.66666667,13.8
10/11/2023,3423,3798.890166,16.54117423,88.94772727,323.75,3.308,3.881,394.014,343.007,44.26,66.14285714,15,36.32258065,FALSE,null,Yala Safari Season,TRUE,Colombo,25.2,29.2,90.95833333,13.7
10/12/2023,3423,3798.890166,16.54117423,88.94772727,323.625,3.308,3.88,393.027,343.566,44.24,66.85714286,15,36.35483871,FALSE,null,Yala Safari Season,TRUE,Colombo,25.6,4.7,90,17.1
10/13/2023,3423,3798.890166,16.54117423,88.94772727,323.625,3.325,3.893,395.819,340.253,44.3,67.57142857,15,36.38709677,FALSE,null,Yala Safari Season,TRUE,Colombo,25.6,3.8,89.66666667,14.2
10/14/2023,3594,3798.890166,16.54117423,88.94772727,null,null,null,null,null,null,68.28571429,15,36.41935484,FALSE,null,Yala Safari Season,TRUE,Colombo,25.6,9,88.83333333,11.3
10/15/2023,3765,3798.890166,16.54117423,88.94772727,null,null,null,null,null,null,69,15,36.4516129,FALSE,null,Yala Safari Season,TRUE,Colombo,25,37,88.20833333,12.2
10/16/2023,3255,3798.890166,16.54117423,88.94772727,323.95,3.305,3.891,394.937,339.703,44.29,68.42857143,15,36.48387097,FALSE,null,null,FALSE,Colombo,26.3,0.3,81.625,13.9
10/17/2023,3423,3798.890166,16.54117423,88.94772727,324.25,3.307,3.895,394.067,341.974,44.36,67.85714286,15,36.51612903,FALSE,null,null,FALSE,Colombo,25.3,24.9,91.08333333,11.3
10/18/2023,3423,3798.890166,16.54117423,88.94772727,324.575,3.386,3.904,394.344,342.63,44.36,67.28571429,15,36.5483871,FALSE,null,null,FALSE,Colombo,24.5,73.8,94.04166667,15.5
10/19/2023,3423,3798.890166,16.54117423,88.94772727,324.75,3.41,3.914,396.226,341.861,44.48,66.71428571,15,36.58064516,FALSE,null,null,FALSE,Colombo,24.8,12,91.5,12.4
10/20/2023,3423,3798.890166,16.54117423,88.94772727,325.75,3.449,3.921,399.518,343.353,44.55,66.14285714,15,36.61290323,FALSE,null,null,FALSE,Colombo,25.1,17,90.45833333,17.4
10/21/2023,3594,3798.890166,16.54117423,88.94772727,null,null,null,null,null,null,65.57142857,15,36.64516129,FALSE,null,null,FALSE,Colombo,25.5,15.7,89.625,14.5
10/22/2023,3765,3798.890166,16.54117423,88.94772727,null,null,null,null,null,null,65,15,36.67741935,FALSE,null,null,FALSE,Colombo,25.7,23.5,89.58333333,11.9
10/23/2023,3252,3798.890166,16.54117423,88.94772727,326.15,3.498,3.939,398.24,344.802,44.73,65.14285714,15,36.70967742,FALSE,null,null,FALSE,Colombo,25.2,6.5,89.41666667,16
10/24/2023,3423,3798.890166,16.54117423,88.94772727,327.5,3.471,3.924,395.457,347.67,44.58,65.28571429,15,36.74193548,FALSE,null,null,FALSE,Colombo,26,12.8,85.79166667,13
10/25/2023,3423,3798.890166,16.54117423,88.94772727,326.5,3.486,3.922,396.283,346.228,44.63,65.42857143,15,36.77419355,FALSE,null,null,FALSE,Colombo,25.5,9.8,89,9.8
10/26/2023,3423,3798.890166,16.54117423,88.94772727,326.75,3.474,3.93,396.924,344.618,44.73,65.57142857,15,36.80645161,FALSE,null,null,FALSE,Colombo,25.7,9.5,88.91666667,10.9
10/27/2023,3423,3798.890166,16.54117423,88.94772727,327.4,3.533,3.928,398.231,344.784,44.71,65.71428571,15,36.83870968,FALSE,null,null,FALSE,Colombo,26.1,2.7,86.25,11.3
10/28/2023,3594,3798.890166,16.54117423,88.94772727,null,null,null,null,null,null,65.85714286,15,36.87096774,TRUE,Vap Full Moon Poya Day,null,FALSE,Colombo,25.4,23.9,90.125,11.5
10/29/2023,3765,3798.890166,16.54117423,88.94772727,null,null,null,null,null,null,66,15,36.90322581,FALSE,null,null,FALSE,Colombo,25.1,24.4,91.125,14.7
10/30/2023,3252,3798.890166,16.54117423,88.94772727,327.25,3.499,3.931,398.331,345.76,44.76,66.57142857,15,36.93548387,FALSE,null,null,FALSE,Colombo,25.4,7.3,90.125,12.2
10/31/2023,3423,3798.890166,16.54117423,88.94772727,327.75,3.537,3.932,398.249,347.045,44.75,67.14285714,15,36.96774194,FALSE,null,null,FALSE,Colombo,25.3,16.5,91,12.8
11/1/2023,4722,3798.890166,16.54117423,82.18636364,327.75,3.524,3.947,401.479,346.364,44.93,67.71428571,14,37,FALSE,null,null,FALSE,Colombo,25.5,10.4,89.33333333,10
11/2/2023,4722,3798.890166,16.54117423,82.18636364,329,3.538,3.95,406.911,346.102,44.99,68.28571429,14,37.06666667,FALSE,null,null,FALSE,Colombo,25.3,17.6,92.125,9.7
11/3/2023,4722,3798.890166,16.54117423,82.18636364,328.75,3.524,3.923,403.357,349.133,44.9,68.85714286,14,37.13333333,FALSE,null,null,FALSE,Colombo,25.1,27.2,91.04166667,15.9
11/4/2023,4958,3798.890166,16.54117423,82.18636364,null,null,null,null,null,null,69.42857143,14,37.2,FALSE,null,null,FALSE,Colombo,25.1,26.7,90.70833333,16.5
11/5/2023,5194,3798.890166,16.54117423,82.18636364,null,null,null,null,null,null,70,14,37.26666667,FALSE,null,null,FALSE,Colombo,25.3,15.7,89.45833333,11
11/6/2023,4486,3798.890166,16.54117423,82.18636364,326.75,3.556,3.934,403.116,352.448,44.98,71.14285714,14,37.33333333,FALSE,null,null,FALSE,Colombo,25.3,16.5,90.79166667,9.5
11/7/2023,4722,3798.890166,16.54117423,82.18636364,327.75,3.574,3.944,403.53,349.91,45.08,72.28571429,14,37.4,FALSE,null,null,FALSE,Colombo,25.3,15.5,90.375,10.8
11/8/2023,4722,3798.890166,16.54117423,82.18636364,328.5,3.567,3.924,399.998,350.392,44.89,73.42857143,14,37.46666667,FALSE,null,null,FALSE,Colombo,25.2,20.8,90.79166667,12.4
11/9/2023,4722,3798.890166,16.54117423,82.18636364,327.25,3.541,3.922,399.878,351.457,44.82,74.57142857,14,37.53333333,FALSE,null,null,FALSE,Colombo,25.2,25.3,91.25,11.5
11/10/2023,4722,3798.890166,16.54117423,82.18636364,327.125,3.552,3.923,401.217,348.778,44.79,75.71428571,14,37.6,FALSE,null,null,FALSE,Colombo,25.4,19.5,90.5,16.4
11/11/2023,4958,3798.890166,16.54117423,82.18636364,null,null,null,null,null,null,76.85714286,14,37.66666667,FALSE,null,null,FALSE,Colombo,25.6,5.5,89.875,10.9
11/12/2023,5194,3798.890166,16.54117423,82.18636364,null,null,null,null,null,null,78,14,37.73333333,TRUE,Deepavali Festival Day,null,FALSE,Colombo,25.2,32.9,91.25,12.1
11/13/2023,4486,3798.890166,16.54117423,82.18636364,326.75,3.619,3.948,409.655,349.002,45.16,77.71428571,14,37.8,FALSE,null,null,FALSE,Colombo,25.3,9.8,90.20833333,10.1
11/14/2023,4722,3798.890166,16.54117423,82.18636364,327.75,3.672,3.948,408.085,349.224,45.33,77.42857143,14,37.86666667,FALSE,null,null,FALSE,Colombo,25.2,12.4,91.25,13.9
11/15/2023,4722,3798.890166,16.54117423,82.18636364,328.65,3.668,3.941,406.983,356.396,45.25,77.14285714,14,37.93333333,FALSE,null,null,FALSE,Colombo,25.8,3.8,90.5,14.2
11/16/2023,4715,3798.890166,16.54117423,82.18636364,328,3.65,3.934,408.475,356.291,45.41,76.85714286,14,38,FALSE,null,null,FALSE,Colombo,26.4,5.4,88.625,8.6
11/17/2023,4722,3798.890166,16.54117423,82.18636364,327.75,3.701,3.933,410.164,355.609,45.71,76.57142857,14,38.06666667,FALSE,null,null,FALSE,Colombo,26.2,7.2,90.625,10.5
11/18/2023,4958,3798.890166,16.54117423,82.18636364,null,null,null,null,null,null,76.28571429,14,38.13333333,FALSE,null,null,FALSE,Colombo,25.6,30.4,91.16666667,11.9
11/19/2023,5194,3798.890166,16.54117423,82.18636364,null,null,null,null,null,null,76,14,38.2,FALSE,null,null,FALSE,Colombo,24.9,33.2,92.66666667,14.4
11/20/2023,4486,3798.890166,16.54117423,82.18636364,328,3.72,3.938,411.86,357.204,45.98,75.85714286,14,38.26666667,FALSE,null,null,FALSE,Colombo,25.8,1.9,90.41666667,9.8
11/21/2023,4722,3798.890166,16.54117423,82.18636364,328.45,3.713,3.939,410.428,358.493,45.86,75.71428571,14,38.33333333,FALSE,null,null,FALSE,Colombo,25.7,22.3,90.58333333,13
11/22/2023,4722,3798.890166,16.54117423,82.18636364,328.5,3.706,3.938,411.775,358.142,45.92,75.57142857,14,38.4,FALSE,null,null,FALSE,Colombo,25.1,44.5,92.5,14.9
11/23/2023,4722,3798.890166,16.54117423,82.18636364,328.5,3.675,3.938,413.948,357.366,45.9,75.42857143,14,38.46666667,FALSE,null,null,FALSE,Colombo,25.5,46.3,91.29166667,10.5
11/24/2023,4722,3798.890166,16.54117423,82.18636364,328.4,3.691,3.945,415.429,357.924,45.96,75.28571429,14,38.53333333,FALSE,null,null,FALSE,Colombo,26,1.8,89.33333333,10.5
11/25/2023,4958,3798.890166,16.54117423,82.18636364,null,null,null,null,null,null,75.14285714,14,38.6,FALSE,null,null,FALSE,Colombo,25.7,4.2,88.75,11.1
11/26/2023,5194,3798.890166,16.54117423,82.18636364,null,null,null,null,null,null,75,14,38.66666667,TRUE,Il Full Moon Poya Day,null,FALSE,Colombo,25.9,0.2,88,11.5
11/27/2023,4486,3798.890166,16.54117423,82.18636364,329,3.702,3.947,417.983,359.018,46.02,76.28571429,14,38.73333333,FALSE,null,null,FALSE,Colombo,26,11.5,87.75,11.3
11/28/2023,4722,3798.890166,16.54117423,82.18636364,329.25,3.701,3.938,417.031,360.08,46.03,77.57142857,14,38.8,FALSE,null,null,FALSE,Colombo,25.3,10.4,91.375,13.4
11/29/2023,4722,3798.890166,16.54117423,82.18636364,328.5,3.643,3.929,414.067,361.571,45.93,78.85714286,14,38.86666667,FALSE,null,null,FALSE,Colombo,25.6,2,88.29166667,8.8
11/30/2023,4722,3798.890166,16.54117423,82.18636364,328,3.593,3.936,416.905,360.025,45.9,80.14285714,14,38.93333333,FALSE,null,null,FALSE,Colombo,25.6,7.7,90,14.6
12/1/2023,6142,3798.890166,16.54117423,77.54095238,328,3.583,3.929,414.264,356.756,45.89,81.42857143,16,39,FALSE,null,null,FALSE,Colombo,25.4,18.7,90.41666667,17.2
12/2/2023,6449,3798.890166,16.54117423,77.54095238,null,null,null,null,null,null,82.71428571,16,39.06451613,FALSE,null,null,FALSE,Colombo,25.8,6.6,88.66666667,12.5
12/3/2023,6756,3798.890166,16.54117423,77.54095238,null,null,null,null,null,null,84,16,39.12903226,FALSE,null,null,FALSE,Colombo,25.5,21.7,90.58333333,15.3
12/4/2023,5835,3798.890166,16.54117423,77.54095238,328,3.633,3.934,412.958,356.658,45.86,83,16,39.19354839,FALSE,null,null,FALSE,Colombo,25.3,28.4,91.25,19.5
12/5/2023,6142,3798.890166,16.54117423,77.54095238,327.9,3.508,3.921,410.524,355.258,45.64,82,16,39.25806452,FALSE,null,null,FALSE,Colombo,25.5,13.1,91,17.2
12/6/2023,6142,3798.890166,16.54117423,77.54095238,326.85,3.532,3.917,411.383,353.86,45.65,81,16,39.32258065,FALSE,null,null,FALSE,Colombo,26.1,6.4,88.91666667,16.6
12/7/2023,6142,3798.890166,16.54117423,77.54095238,326.65,3.546,3.916,410.32,351.702,45.59,80,16,39.38709677,FALSE,null,null,FALSE,Colombo,26.3,6.3,87.375,13.1
12/8/2023,6142,3798.890166,16.54117423,77.54095238,327,3.573,3.92,410.565,352.359,45.53,79,16,39.4516129,FALSE,null,null,FALSE,Colombo,25.4,29.5,89.875,14.3
12/9/2023,6449,3798.890166,16.54117423,77.54095238,null,null,null,null,null,null,78,16,39.51612903,FALSE,null,null,FALSE,Colombo,25.6,8.7,89.25,9.4
12/10/2023,6756,3798.890166,16.54117423,77.54095238,null,null,null,null,null,null,77,16,39.58064516,FALSE,null,null,FALSE,Colombo,25.1,16.6,92.41666667,9.8
12/11/2023,5835,3798.890166,16.54117423,77.54095238,327,3.62,3.918,410.654,351.616,45.52,78.71428571,16,39.64516129,FALSE,null,null,FALSE,Colombo,25.7,8.6,89.875,11.9
12/12/2023,6142,3798.890166,16.54117423,77.54095238,326.875,3.654,3.917,412.31,351.681,45.51,80.42857143,16,39.70967742,FALSE,null,null,FALSE,Colombo,25,35.5,91.5,12.2
12/13/2023,6142,3798.890166,16.54117423,77.54095238,326.75,3.646,3.918,416.954,352.629,45.9,82.14285714,16,39.77419355,FALSE,null,null,FALSE,Colombo,26.5,2,81.16666667,17.3
12/14/2023,6142,3798.890166,16.54117423,77.54095238,326.6,3.605,3.937,414.492,355.003,45.91,83.85714286,16,39.83870968,FALSE,null,null,FALSE,Colombo,26,17.6,84.54166667,25.6
12/15/2023,6142,3798.890166,16.54117423,77.54095238,326.925,3.609,3.93,413.383,358.746,45.8,85.57142857,16,39.90322581,FALSE,null,null,FALSE,Colombo,25.4,40.3,90.08333333,16.3
12/16/2023,6449,3798.890166,16.54117423,77.54095238,null,null,null,null,null,null,87.28571429,16,39.96774194,FALSE,null,null,FALSE,Colombo,25.3,11.5,90.20833333,13.1
12/17/2023,6756,3798.890166,16.54117423,77.54095238,null,null,null,null,null,null,89,16,40.03225806,FALSE,null,null,FALSE,Colombo,25.3,11.7,92.08333333,15.5
12/18/2023,5835,3798.890166,16.54117423,77.54095238,326.875,3.611,3.931,416.337,356.07,45.82,90.57142857,16,40.09677419,FALSE,null,null,FALSE,Colombo,25.3,19.6,92.375,13.2
12/19/2023,6142,3798.890166,16.54117423,77.54095238,327,3.607,3.928,413.043,356.876,45.78,92.14285714,16,40.16129032,FALSE,null,null,FALSE,Colombo,25.7,8.3,89.58333333,10.7
12/20/2023,6142,3798.890166,16.54117423,77.54095238,326.8,3.512,3.919,413.98,358.772,45.68,93.71428571,16,40.22580645,FALSE,null,null,FALSE,Colombo,26,16.3,87.875,10.5
12/21/2023,6142,3798.890166,16.54117423,77.54095238,326.225,3.531,3.909,413.307,357.399,45.59,95.28571429,16,40.29032258,FALSE,null,null,FALSE,Colombo,26.2,1.2,88.125,10.5
12/22/2023,6142,3798.890166,16.54117423,77.54095238,325.4,3.536,3.911,412.965,359.026,45.58,96.85714286,16,40.35483871,FALSE,null,null,FALSE,Colombo,26.8,0,81.08333333,13.2
12/23/2023,6449,3798.890166,16.54117423,77.54095238,null,null,null,null,null,null,98.42857143,16,40.41935484,FALSE,null,null,FALSE,Colombo,26.6,0,81.95833333,13.5
12/24/2023,6756,3798.890166,16.54117423,77.54095238,null,null,null,null,null,null,100,16,40.48387097,FALSE,null,null,FALSE,Colombo,26.4,14.9,86.375,11
12/25/2023,5835,3798.890166,16.54117423,77.54095238,325.4,3.55,3.911,414.17,358.155,45.54,99.28571429,16,40.5483871,TRUE,Christmas Day,null,FALSE,Colombo,26.5,0.9,82.75,12.1
12/26/2023,6142,3798.890166,16.54117423,77.54095238,325.4,3.533,3.888,414.672,358.058,45.33,98.57142857,16,40.61290323,TRUE,Unduvap Full Moon Poya Day,null,FALSE,Colombo,26.8,0.4,77.54166667,20.9
12/27/2023,6142,3798.890166,16.54117423,77.54095238,324,3.659,3.893,412.326,359.196,45.54,97.85714286,16,40.67741935,FALSE,null,null,FALSE,Colombo,27,0.5,79.54166667,28.4
12/28/2023,6142,3798.890166,16.54117423,77.54095238,323.85,3.628,3.89,412.357,359.46,45.59,97.14285714,16,40.74193548,FALSE,null,null,FALSE,Colombo,26.3,23.8,86.66666667,13.1
12/29/2023,6142,3798.890166,16.54117423,77.54095238,323.9,3.616,3.877,411.099,358.09,45.45,96.42857143,16,40.80645161,FALSE,null,null,FALSE,Colombo,25.5,6.2,92,9.4
12/30/2023,6449,3798.890166,16.54117423,77.54095238,null,null,null,null,null,null,95.71428571,16,40.87096774,FALSE,null,null,FALSE,Colombo,25.5,13.9,89.75,16.7
12/31/2023,6756,3798.890166,16.54117423,77.54095238,null,null,null,null,null,null,95,16,40.93548387,FALSE,null,null,FALSE,Colombo,25.9,21.2,88.125,17.3
1/1/2024,5350,4515.567873,-0.429360049,79.11,323,3.555,3.861,406.001,357.346,44.99,95.14285714,18,41,FALSE,null,null,FALSE,Colombo,25.5,10.2,90,13.8
1/2/2024,5632,4515.567873,-0.429360049,79.11,321.75,3.505,3.872,408.731,356.445,45.1,95.28571429,18,41,FALSE,null,null,FALSE,Colombo,26.1,14.3,87.375,11.3
1/3/2024,5632,4515.567873,-0.429360049,79.11,322.75,3.53,3.874,409.216,351.721,45.04,95.42857143,18,41,FALSE,null,null,FALSE,Colombo,26.3,2.9,87.375,11.2
1/4/2024,5632,4515.567873,-0.429360049,79.11,322.7,3.547,3.878,410.283,352.202,45.15,95.57142857,18,41,FALSE,null,null,FALSE,Colombo,26.2,5.1,87.875,13.5
1/5/2024,5632,4515.567873,-0.429360049,79.11,322.6,3.544,3.88,411.044,352.912,45.03,95.71428571,18,41,FALSE,null,null,FALSE,Colombo,26.1,10.8,88.45833333,12.8
1/6/2024,5913,4515.567873,-0.429360049,79.11,null,null,null,null,null,null,95.85714286,18,41,FALSE,null,null,FALSE,Colombo,25.6,7.8,91.08333333,14.6
1/7/2024,6195,4515.567873,-0.429360049,79.11,null,null,null,null,null,null,96,18,41,FALSE,null,null,FALSE,Colombo,25.2,17.2,91.625,10.8
1/8/2024,5350,4515.567873,-0.429360049,79.11,322.425,3.597,3.879,409.866,352.847,44.97,95.28571429,18,41,FALSE,null,null,FALSE,Colombo,25.2,15.7,91.91666667,7.6
1/9/2024,5632,4515.567873,-0.429360049,79.11,322.5,3.611,3.887,411.408,352.777,45,94.57142857,18,41,FALSE,null,null,FALSE,Colombo,25.5,4.1,89.125,10.8
1/10/2024,5632,4515.567873,-0.429360049,79.11,322.875,3.644,3.882,411.686,352.351,44.98,93.85714286,18,41,FALSE,null,null,FALSE,Colombo,25.4,6.2,89.625,13.2
1/11/2024,5632,4515.567873,-0.429360049,79.11,322.6,3.632,3.886,410.838,354.089,44.92,93.14285714,18,41,FALSE,null,null,FALSE,Colombo,25.6,9.2,89,15.1
1/12/2024,5632,4515.567873,-0.429360049,79.11,322.15,3.67,3.887,410.001,353.783,44.9,92.42857143,18,41,FALSE,null,null,FALSE,Colombo,26.6,0,79.25,17.1
1/13/2024,5913,4515.567873,-0.429360049,79.11,null,null,null,null,null,null,91.71428571,18,41,FALSE,null,null,FALSE,Colombo,26.6,0,74.08333333,19.5
1/14/2024,6195,4515.567873,-0.429360049,79.11,null,null,null,null,null,null,91,18,41,FALSE,null,null,FALSE,Colombo,26.3,0,73.33333333,17.3
1/15/2024,5350,4515.567873,-0.429360049,79.11,322.15,3.648,3.868,406.295,352.558,44.69,91.28571429,18,41,TRUE,Tamil Thai Pongal Day,null,FALSE,Colombo,25,0,72.95833333,20.2
1/16/2024,5630,4515.567873,-0.429360049,79.11,321.525,3.62,3.856,406.773,352.526,44.58,91.57142857,18,41,FALSE,null,null,FALSE,Colombo,24.4,0,79.125,19.7
1/17/2024,5632,4515.567873,-0.429360049,79.11,320.9,3.584,3.853,407.672,349.49,44.54,91.85714286,18,41,FALSE,null,null,FALSE,Colombo,24.9,0.1,85.08333333,14.7
1/18/2024,5632,4515.567873,-0.429360049,79.11,320.85,3.63,3.852,406.782,349.062,44.5,92.14285714,18,41,FALSE,null,null,FALSE,Colombo,25.8,0.7,87.66666667,13
1/19/2024,5632,4515.567873,-0.429360049,79.11,320.25,3.634,3.848,406.641,348.512,44.46,92.42857143,18,41,FALSE,null,null,FALSE,Colombo,25.6,4.9,89.83333333,9.1
1/20/2024,5913,4515.567873,-0.429360049,79.11,null,null,null,null,null,null,92.71428571,18,41,FALSE,null,null,FALSE,Colombo,25.2,15.1,90.91666667,9.8
1/21/2024,6195,4515.567873,-0.429360049,79.11,null,null,null,null,null,null,93,18,41,FALSE,null,null,FALSE,Colombo,26.2,0.4,89.41666667,12.7
1/22/2024,5350,4515.567873,-0.429360049,79.11,319.95,3.597,3.844,405.538,348.813,44.56,91.71428571,18,41,FALSE,null,null,FALSE,Colombo,26.8,0,89.20833333,13.7
1/23/2024,5632,4515.567873,-0.429360049,79.11,319.85,3.583,3.825,405.005,347.974,44.45,90.42857143,18,41,FALSE,null,null,FALSE,Colombo,26.9,0.1,77.91666667,13.9
1/24/2024,5632,4515.567873,-0.429360049,79.11,318.25,3.572,3.822,404.448,346.779,44.35,89.14285714,18,41,FALSE,null,null,FALSE,Colombo,26,0.2,75.45833333,11.1
1/25/2024,5632,4515.567873,-0.429360049,79.11,318.25,3.537,3.82,403.448,346.079,44.23,87.85714286,18,41,TRUE,Duruthu Full Moon Poya Day,null,FALSE,Colombo,25.3,0,81.08333333,13.9
1/26/2024,5632,4515.567873,-0.429360049,79.11,317.6,3.557,3.82,403.892,344.903,44.22,86.57142857,18,41,FALSE,null,null,FALSE,Colombo,26,0,73.79166667,17.9
1/27/2024,5913,4515.567873,-0.429360049,79.11,null,null,null,null,null,null,85.28571429,18,41,FALSE,null,null,FALSE,Colombo,27.1,0,70.54166667,18.7
1/28/2024,6195,4515.567873,-0.429360049,79.11,null,null,null,null,null,null,84,18,41,FALSE,null,null,FALSE,Colombo,27.6,0.7,71.83333333,16.8
1/29/2024,5350,4515.567873,-0.429360049,79.11,317.8,3.537,3.811,402.495,344.551,44.14,84.71428571,18,41,FALSE,null,null,FALSE,Colombo,27.4,3.7,73.95833333,17.1
1/30/2024,5632,4515.567873,-0.429360049,79.11,316.95,3.51,3.799,400.718,344.056,44.04,85.42857143,18,41,FALSE,null,null,FALSE,Colombo,26.6,8.1,81.25,15
1/31/2024,5632,4515.567873,-0.429360049,79.11,315.85,3.464,3.775,399.206,343.538,43.62,86.14285714,18,41,FALSE,null,null,FALSE,Colombo,25.7,0.6,88.29166667,13
2/1/2024,5672,4515.567873,-0.429360049,81.79571429,313.25,3.423,3.753,393.803,341.461,43.31,86.85714286,16,41,FALSE,null,null,FALSE,Colombo,26.1,3.5,89.20833333,15.5
2/2/2024,5672,4515.567873,-0.429360049,81.79571429,311.75,3.45,3.762,391.751,340.448,43.4,87.57142857,16,41.34482759,FALSE,null,null,FALSE,Colombo,26.3,0.6,87.16666667,13.5
2/3/2024,5955,4515.567873,-0.429360049,81.79571429,null,null,null,null,null,null,88.28571429,16,41.68965517,FALSE,null,null,FALSE,Colombo,26.7,0.6,85.29166667,14.2
2/4/2024,6239,4515.567873,-0.429360049,81.79571429,null,null,null,null,null,null,89,16,42.03448276,TRUE,Independence Day,null,FALSE,Colombo,26.5,3.3,85.04166667,18.9
2/5/2024,5388,4515.567873,-0.429360049,81.79571429,312.55,3.463,3.774,395.246,335.922,43.59,87.85714286,16,42.37931034,FALSE,null,null,FALSE,Colombo,25.8,3.5,87.25,11.5
2/6/2024,5672,4515.567873,-0.429360049,81.79571429,313.75,3.414,3.769,395.225,335.549,43.46,86.71428571,16,42.72413793,FALSE,null,null,FALSE,Colombo,26.9,0,78.29166667,18
2/7/2024,5672,4515.567873,-0.429360049,81.79571429,313,3.43,3.769,394.944,337.138,43.46,85.57142857,16,43.06896552,FALSE,null,null,FALSE,Colombo,26.5,0,75.5,20.9
2/8/2024,5672,4515.567873,-0.429360049,81.79571429,313,3.435,3.766,395.004,336.863,43.45,84.42857143,16,43.4137931,FALSE,null,null,FALSE,Colombo,25.5,0,81.875,12.7
2/9/2024,5672,4515.567873,-0.429360049,81.79571429,312.8,3.434,3.775,395.809,337.019,43.54,83.28571429,16,43.75862069,FALSE,null,null,FALSE,Colombo,26.2,0,79.08333333,16.6
2/10/2024,5955,4515.567873,-0.429360049,81.79571429,null,null,null,null,null,null,82.14285714,16,44.10344828,FALSE,null,null,FALSE,Colombo,27.3,0,69.95833333,17.6
2/11/2024,6239,4515.567873,-0.429360049,81.79571429,null,null,null,null,null,null,81,16,44.44827586,FALSE,null,null,FALSE,Colombo,28.1,0,61.54166667,17.1
2/12/2024,5388,4515.567873,-0.429360049,81.79571429,313.4,3.421,3.766,394.334,337.045,43.51,82.57142857,16,44.79310345,FALSE,null,null,FALSE,Colombo,28.1,0.3,65.83333333,17.9
2/13/2024,5672,4515.567873,-0.429360049,81.79571429,313.15,3.416,3.77,393.457,337.37,43.52,84.14285714,16,45.13793103,FALSE,null,null,FALSE,Colombo,28.3,1.6,71.875,18.1
2/14/2024,5672,4515.567873,-0.429360049,81.79571429,313.125,3.389,3.768,394.144,335.129,43.47,85.71428571,16,45.48275862,FALSE,null,null,FALSE,Colombo,28.7,3.9,73.625,16.6
2/15/2024,5667,4515.567873,-0.429360049,81.79571429,312.8,3.393,3.76,393.562,335.862,43.4,87.28571429,16,45.82758621,FALSE,null,null,FALSE,Colombo,27.6,6,78.375,11.4
2/16/2024,5672,4515.567873,-0.429360049,81.79571429,312.35,3.379,3.759,393.138,336.809,43.35,88.85714286,16,46.17241379,FALSE,null,null,FALSE,Colombo,27.2,6,77.66666667,14.8
2/17/2024,5955,4515.567873,-0.429360049,81.79571429,null,null,null,null,null,null,90.42857143,16,46.51724138,FALSE,null,null,FALSE,Colombo,28.4,1.1,76.125,18.1
2/18/2024,6239,4515.567873,-0.429360049,81.79571429,null,null,null,null,null,null,92,16,46.86206897,FALSE,null,null,FALSE,Colombo,27.6,0.4,79.25,16.4
2/19/2024,5388,4515.567873,-0.429360049,81.79571429,312.15,3.367,3.761,393.633,336.364,43.35,90.57142857,16,47.20689655,FALSE,null,null,FALSE,Colombo,27.4,0,75.70833333,17.8
2/20/2024,5672,4515.567873,-0.429360049,81.79571429,311.85,3.384,3.753,393.547,336.35,43.29,89.14285714,16,47.55172414,FALSE,null,null,FALSE,Colombo,27.4,1.4,80.16666667,18.3
2/21/2024,5672,4515.567873,-0.429360049,81.79571429,311.4,3.339,3.75,393.504,336.838,43.18,87.71428571,16,47.89655172,FALSE,null,null,FALSE,Colombo,28.1,0.1,80.875,18.1
2/22/2024,5672,4515.567873,-0.429360049,81.79571429,310.8,3.318,3.747,393.846,336.733,43.17,86.28571429,16,48.24137931,FALSE,null,null,FALSE,Colombo,28,0.5,79.95833333,17.6
2/23/2024,5672,4515.567873,-0.429360049,81.79571429,310.8,3.356,3.748,394.266,336.271,43.16,84.85714286,16,48.5862069,TRUE,Nawam Full Moon Poya Day,null,FALSE,Colombo,28.3,0.1,77.83333333,17.7
2/24/2024,5955,4515.567873,-0.429360049,81.79571429,null,null,null,null,null,null,83.42857143,16,48.93103448,FALSE,null,null,FALSE,Colombo,27.7,1.1,79.70833333,14.1
2/25/2024,6239,4515.567873,-0.429360049,81.79571429,null,null,null,null,null,null,82,16,49.27586207,FALSE,null,null,FALSE,Colombo,27.9,0.1,79.16666667,18.8
2/26/2024,5388,4515.567873,-0.429360049,81.79571429,310.8,3.371,3.741,393.758,336.115,43.1,82,16,49.62068966,FALSE,null,null,FALSE,Colombo,29.2,0.8,72.33333333,18.2
2/27/2024,5672,4515.567873,-0.429360049,81.79571429,310.4,3.386,3.737,392.679,337.078,43.07,82,16,49.96551724,FALSE,null,null,FALSE,Colombo,29.3,1.3,69.66666667,22.5
2/28/2024,5672,4515.567873,-0.429360049,81.79571429,310.1,3.382,3.733,390.87,336.435,43.05,82,16,50.31034483,FALSE,null,null,FALSE,Colombo,29.1,1.9,67.58333333,22.2
2/29/2024,5672,4515.567873,-0.429360049,81.79571429,309.6,3.366,3.726,390.726,335.916,42.89,82,16,50.65517241,FALSE,null,null,FALSE,Colombo,28.2,0.2,71.20833333,17.9
3/1/2024,5596,4515.567873,-0.429360049,84.96142857,308.825,3.356,3.712,390.85,334.353,42.75,82,16,51,FALSE,null,null,FALSE,Colombo,29.2,0.5,66.95833333,17.2
3/2/2024,5876,4515.567873,-0.429360049,84.96142857,null,null,null,null,null,null,82,16,50.90322581,FALSE,null,null,FALSE,Colombo,28.2,0.1,72.08333333,15.3
3/3/2024,6156,4515.567873,-0.429360049,84.96142857,null,null,null,null,null,null,82,16,50.80645161,FALSE,null,null,FALSE,Colombo,27.8,1.2,77.95833333,17.8
3/4/2024,5316,4515.567873,-0.429360049,84.96142857,307.95,3.384,3.714,391.314,334.538,42.78,82.14285714,16,50.70967742,FALSE,null,null,FALSE,Colombo,27.8,0,76.58333333,20.1
3/5/2024,5596,4515.567873,-0.429360049,84.96142857,308,3.389,3.714,391.797,334.086,42.73,82.28571429,16,50.61290323,FALSE,null,null,FALSE,Colombo,27.4,0,74.79166667,19.4
3/6/2024,5596,4515.567873,-0.429360049,84.96142857,307.75,3.389,3.714,393.654,334.225,42.71,82.42857143,16,50.51612903,FALSE,null,Colombo Fashion Week (Main Week),TRUE,Colombo,27.6,0.1,77.33333333,14.8
3/7/2024,5596,4515.567873,-0.429360049,84.96142857,307.35,3.358,3.712,395.221,335.192,42.75,82.57142857,16,50.41935484,FALSE,null,Colombo Fashion Week (Main Week),TRUE,Colombo,27.8,0,76.25,18.8
3/8/2024,5596,4515.567873,-0.429360049,84.96142857,307.35,3.372,3.709,393.326,336.316,42.72,82.71428571,16,50.32258065,TRUE,Maha Sivarathri Day,Colombo Fashion Week (Main Week),TRUE,Colombo,27.6,2.4,79.04166667,13.8
3/9/2024,5876,4515.567873,-0.429360049,84.96142857,null,null,null,null,null,null,82.85714286,16,50.22580645,FALSE,null,Colombo Fashion Week (Main Week),TRUE,Colombo,27.7,0,78.66666667,18.1
3/10/2024,6156,4515.567873,-0.429360049,84.96142857,null,null,null,null,null,null,83,16,50.12903226,FALSE,null,null,FALSE,Colombo,28,0.1,77.33333333,19.1
3/11/2024,5316,4515.567873,-0.429360049,84.96142857,306.95,3.341,3.701,392.122,336.039,42.66,83.42857143,16,50.03225806,FALSE,null,null,FALSE,Colombo,27.7,0,77.16666667,27.3
3/12/2024,5596,4515.567873,-0.429360049,84.96142857,306.525,3.35,3.693,391.684,335.319,42.57,83.85714286,16,49.93548387,FALSE,null,null,FALSE,Colombo,28.4,0.4,76.83333333,15.8
3/13/2024,5596,4515.567873,-0.429360049,84.96142857,306.075,3.338,3.682,389.636,334.711,42.46,84.28571429,16,49.83870968,FALSE,null,null,FALSE,Colombo,28.4,1.1,78,19.1
3/14/2024,5596,4515.567873,-0.429360049,84.96142857,305.525,3.298,3.681,388.888,334.917,42.4,84.71428571,16,49.74193548,FALSE,null,null,FALSE,Colombo,27.7,0.6,76.66666667,14.9
3/15/2024,5596,4515.567873,-0.429360049,84.96142857,305.225,3.309,3.67,387.63,332.415,42.29,85.14285714,16,49.64516129,FALSE,null,null,FALSE,Colombo,28.3,0,74.875,15
3/16/2024,5876,4515.567873,-0.429360049,84.96142857,null,null,null,null,null,null,85.57142857,16,49.5483871,FALSE,null,null,FALSE,Colombo,28.5,0,71.75,20.2
3/17/2024,6156,4515.567873,-0.429360049,84.96142857,null,null,null,null,null,null,86,16,49.4516129,FALSE,null,null,FALSE,Colombo,28.4,0.2,76.08333333,18
3/18/2024,5316,4515.567873,-0.429360049,84.96142857,304.525,3.278,3.658,386.621,332.217,42.2,85.71428571,16,49.35483871,FALSE,null,null,FALSE,Colombo,28.3,0,74.125,17.1
3/19/2024,5596,4515.567873,-0.429360049,84.96142857,303.9,3.296,3.653,388.823,330.913,42.23,85.42857143,16,49.25806452,FALSE,null,null,FALSE,Colombo,28.5,0.1,70.875,20.5
3/20/2024,5596,4515.567873,-0.429360049,84.96142857,304.1,3.307,3.651,384.662,330.133,42.2,85.14285714,16,49.16129032,FALSE,null,null,FALSE,Colombo,28.7,0.3,71.54166667,18.1
3/21/2024,5596,4515.567873,-0.429360049,84.96142857,303.9,3.291,3.627,382.249,332.053,41.94,84.85714286,16,49.06451613,FALSE,null,null,FALSE,Colombo,28.2,3.1,76.91666667,13.8
3/22/2024,5596,4515.567873,-0.429360049,84.96142857,303.3,3.257,3.627,382.444,329.981,41.96,84.57142857,16,48.96774194,FALSE,null,null,FALSE,Colombo,27.2,9.7,85.20833333,15.1
3/23/2024,5876,4515.567873,-0.429360049,84.96142857,null,null,null,null,null,null,84.28571429,16,48.87096774,FALSE,null,null,FALSE,Colombo,27.5,10.8,83.625,14.2
3/24/2024,6156,4515.567873,-0.429360049,84.96142857,null,null,null,null,null,null,84,16,48.77419355,TRUE,Medin Full Moon Poya Day,null,FALSE,Colombo,27,13.2,86.625,13
3/25/2024,5316,4515.567873,-0.429360049,84.96142857,302.65,3.263,3.621,381.21,327.608,41.81,84,16,48.67741935,FALSE,null,Sigiriya Full Moon Climb (Special),TRUE,Colombo,27.7,0.7,83.95833333,13.5
3/26/2024,5596,4515.567873,-0.429360049,84.96142857,301.9,3.254,3.609,380.338,327.897,41.62,84,16,48.58064516,FALSE,null,null,FALSE,Colombo,28.3,1,81.41666667,15
3/27/2024,5596,4515.567873,-0.429360049,84.96142857,300.9,3.235,3.6,379.225,326.849,41.55,84,16,48.48387097,FALSE,null,null,FALSE,Colombo,27.8,17.7,82,15.6
3/28/2024,5596,4515.567873,-0.429360049,84.96142857,300.4,3.244,3.602,379.225,325.646,41.58,84,16,48.38709677,FALSE,null,null,FALSE,Colombo,28.2,13.3,81.25,13.9
3/29/2024,5596,4515.567873,-0.429360049,84.96142857,300.4,3.25,3.597,376.623,323.934,41.49,84,16,48.29032258,TRUE,Good Friday,null,FALSE,Colombo,28.4,0.5,79.20833333,15.7
3/30/2024,5876,4515.567873,-0.429360049,84.96142857,null,null,null,null,null,null,84,16,48.19354839,FALSE,null,null,FALSE,Colombo,28.3,1.9,77.54166667,14.5
3/31/2024,6156,4515.567873,-0.429360049,84.96142857,null,null,null,null,null,null,84,16,48.09677419,FALSE,null,null,FALSE,Colombo,28.6,0.9,73.75,13.4
4/1/2024,4912,4515.567873,-0.429360049,88.97454545,300.05,3.242,3.596,377.262,324.054,41.45,86.28571429,16,48,FALSE,null,null,FALSE,Colombo,28.3,2.2,77.79166667,13.3
4/2/2024,5171,4515.567873,-0.429360049,88.97454545,299.95,3.247,3.589,379.337,322.29,41.43,88.57142857,16,47.63333333,FALSE,null,null,FALSE,Colombo,29.1,2.4,74.5,15.5
4/3/2024,5171,4515.567873,-0.429360049,88.97454545,299.8,3.248,3.593,378.881,322.878,41.42,90.85714286,16,47.26666667,FALSE,null,null,FALSE,Colombo,28.2,2.5,79.29166667,16.8
4/4/2024,5171,4515.567873,-0.429360049,88.97454545,299.7,3.234,3.59,378.192,324.779,41.36,93.14285714,16,46.9,FALSE,null,null,FALSE,Colombo,28,4.7,80.91666667,15.1
4/5/2024,5171,4515.567873,-0.429360049,88.97454545,299.25,3.226,3.587,378.258,324.671,41.32,95.42857143,16,46.53333333,FALSE,null,null,FALSE,Colombo,28.3,2,82.54166667,16
4/6/2024,5429,4515.567873,-0.429360049,88.97454545,null,null,null,null,null,null,97.71428571,16,46.16666667,FALSE,null,null,FALSE,Colombo,28.9,3.2,79.95833333,14.8
4/7/2024,5688,4515.567873,-0.429360049,88.97454545,null,null,null,null,null,null,100,16,45.8,FALSE,null,null,FALSE,Colombo,28.4,1.8,80.375,18.1
4/8/2024,4912,4515.567873,-0.429360049,88.97454545,298.9,3.214,3.588,378.597,324.183,41.28,97.71428571,16,45.43333333,FALSE,null,null,FALSE,Colombo,28.4,2.6,81.375,13.1
4/9/2024,5171,4515.567873,-0.429360049,88.97454545,298.625,3.198,3.578,374.257,324.407,41.25,95.42857143,16,45.06666667,FALSE,null,null,FALSE,Colombo,28.8,0.2,76.875,18.9
4/10/2024,5171,4515.567873,-0.429360049,88.97454545,298.45,3.182,3.58,374.659,324.076,41.23,93.14285714,16,44.7,FALSE,null,null,FALSE,Colombo,29.6,0.5,71.41666667,15.6
4/11/2024,5171,4515.567873,-0.429360049,88.97454545,298.45,3.198,3.57,371.6,320.482,41.23,90.85714286,16,44.33333333,TRUE,Eid al-Fitr,null,FALSE,Colombo,28.3,8.5,81.33333333,17.1
4/12/2024,5171,4515.567873,-0.429360049,88.97454545,298.45,3.197,3.578,372.15,320.004,41.29,88.57142857,16,43.96666667,TRUE,Day Before Sinhala and Tamil New Year,null,FALSE,Colombo,27,27.9,87.375,15.3
4/13/2024,5429,4515.567873,-0.429360049,88.97454545,null,null,null,null,null,null,86.28571429,16,43.6,TRUE,Sinhala and Tamil New Year,null,FALSE,Colombo,27.6,1.4,84.20833333,14
4/14/2024,5688,4515.567873,-0.429360049,88.97454545,null,null,null,null,null,null,84,16,43.23333333,FALSE,null,null,FALSE,Colombo,26.9,27.3,88.29166667,8.7
4/15/2024,4912,4515.567873,-0.429360049,88.97454545,299,3.184,3.582,372.78,317.557,41.41,82.71428571,16,42.86666667,TRUE,Special Public Holiday,null,FALSE,Colombo,27.4,12.3,88.20833333,8.8
4/16/2024,5173,4515.567873,-0.429360049,88.97454545,300,3.199,3.597,375.488,317.492,41.58,81.42857143,16,42.5,FALSE,null,null,FALSE,Colombo,26.9,22.1,89.33333333,11.5
4/17/2024,5171,4515.567873,-0.429360049,88.97454545,301.5,3.179,3.603,374.946,318.245,41.58,80.14285714,16,42.13333333,FALSE,null,null,FALSE,Colombo,27.8,0.9,84.45833333,14.4
4/18/2024,5171,4515.567873,-0.429360049,88.97454545,301.5,3.236,3.609,373.046,321.197,41.57,78.85714286,16,41.76666667,FALSE,null,null,FALSE,Colombo,28.2,0.4,82.625,15.4
4/19/2024,5171,4515.567873,-0.429360049,88.97454545,301.5,3.192,3.602,371.04,320.354,41.46,77.57142857,16,41.4,FALSE,null,null,FALSE,Colombo,28.4,1.9,84.33333333,16
4/20/2024,5429,4515.567873,-0.429360049,88.97454545,null,null,null,null,null,null,76.28571429,16,41.03333333,FALSE,null,null,FALSE,Colombo,28.2,5.4,84.41666667,17.5
4/21/2024,5688,4515.567873,-0.429360049,88.97454545,null,null,null,null,null,null,75,16,40.66666667,FALSE,null,null,FALSE,Colombo,28.2,2.2,84.45833333,14
4/22/2024,4912,4515.567873,-0.429360049,88.97454545,300.45,3.222,3.604,374.06,320.685,41.45,74.85714286,16,40.3,FALSE,null,null,FALSE,Colombo,28.2,2.3,85,14.7
4/23/2024,5171,4515.567873,-0.429360049,88.97454545,300.45,3.226,3.573,371.412,319.88,41.09,74.71428571,16,39.93333333,TRUE,Bak Full Moon Poya Day,null,FALSE,Colombo,28,3.4,86.375,14.3
4/24/2024,5171,4515.567873,-0.429360049,88.97454545,298,3.218,3.562,371.478,321.291,40.99,74.57142857,16,39.56666667,FALSE,null,null,FALSE,Colombo,28.1,2.8,85.375,14.8
4/25/2024,5171,4515.567873,-0.429360049,88.97454545,296.85,3.22,3.548,369.703,318.503,40.83,74.42857143,16,39.2,FALSE,null,null,FALSE,Colombo,28.2,3.1,83.70833333,11.5
4/26/2024,5171,4515.567873,-0.429360049,88.97454545,295.975,3.177,3.554,372.745,318.437,40.99,74.28571429,16,38.83333333,FALSE,null,null,FALSE,Colombo,28.6,5.1,83.66666667,12.9
4/27/2024,5429,4515.567873,-0.429360049,88.97454545,null,null,null,null,null,null,74.14285714,16,38.46666667,FALSE,null,null,FALSE,Colombo,27.9,7.5,85.41666667,12.8
4/28/2024,5688,4515.567873,-0.429360049,88.97454545,null,null,null,null,null,null,74,16,38.1,FALSE,null,null,FALSE,Colombo,28.3,2.3,82.95833333,12.3
4/29/2024,4912,4515.567873,-0.429360049,88.97454545,296.7,3.181,3.561,371.622,316.376,41.04,73.42857143,16,37.73333333,FALSE,null,null,FALSE,Colombo,27.6,7.4,87.41666667,12.4
4/30/2024,5171,4515.567873,-0.429360049,88.97454545,297.5,3.15,3.561,372.679,317.818,41.17,72.85714286,16,37.36666667,FALSE,null,null,FALSE,Colombo,27.9,10.9,86.16666667,20.4
5/1/2024,3749,4515.567873,-0.429360049,83.05391304,297.5,3.258,3.556,372.26,316.987,41,72.28571429,18,37,TRUE,International Workers' Day,null,FALSE,Colombo,28.2,3.8,84.625,16.5
5/2/2024,3749,4515.567873,-0.429360049,83.05391304,297,3.226,3.562,372.82,318.355,41.01,71.71428571,18,36.64516129,FALSE,null,null,FALSE,Colombo,29.1,0,80.75,13.7
5/3/2024,3749,4515.567873,-0.429360049,83.05391304,297.15,3.256,3.568,374.991,318.425,41.33,71.14285714,18,36.29032258,FALSE,null,null,FALSE,Colombo,29.5,3.4,82.95833333,19.1
5/4/2024,3936,4515.567873,-0.429360049,83.05391304,null,null,null,null,null,null,70.57142857,18,35.93548387,FALSE,null,null,FALSE,Colombo,29.3,1,82.75,15.6
5/5/2024,4123,4515.567873,-0.429360049,83.05391304,null,null,null,null,null,null,70,18,35.58064516,FALSE,null,null,FALSE,Colombo,28.8,2.1,83.29166667,18.4
5/6/2024,3561,4515.567873,-0.429360049,83.05391304,298.5,3.274,3.587,374.693,319.513,41.47,70,18,35.22580645,FALSE,null,null,FALSE,Colombo,28.8,2.1,82.83333333,18.7
5/7/2024,3749,4515.567873,-0.429360049,83.05391304,299.55,3.257,3.575,373.315,320.886,41.3,70,18,34.87096774,FALSE,null,null,FALSE,Colombo,28.5,2.4,82,16.3
5/8/2024,3749,4515.567873,-0.429360049,83.05391304,298.7,3.226,3.578,374.155,321.945,41.34,70,18,34.51612903,FALSE,null,null,FALSE,Colombo,28.4,7,83.75,19
5/9/2024,3749,4515.567873,-0.429360049,83.05391304,298.75,3.221,3.573,374.125,320.661,41.3,70,18,34.16129032,FALSE,null,null,FALSE,Colombo,28.3,17.8,85.75,16.5
5/10/2024,3749,4515.567873,-0.429360049,83.05391304,298.75,3.275,3.594,377.021,321.921,41.48,70,18,33.80645161,FALSE,null,null,FALSE,Colombo,27.8,16.5,85.83333333,14.8
5/11/2024,3936,4515.567873,-0.429360049,83.05391304,null,null,null,null,null,null,70,18,33.4516129,FALSE,null,null,FALSE,Colombo,28.2,25.9,84.91666667,13.3
5/12/2024,4123,4515.567873,-0.429360049,83.05391304,null,null,null,null,null,null,70,18,33.09677419,FALSE,null,null,FALSE,Colombo,26.8,30,90.625,13.1
5/13/2024,3561,4515.567873,-0.429360049,83.05391304,300.2,3.29,3.599,379.019,321.455,41.54,70.85714286,18,32.74193548,FALSE,null,null,FALSE,Colombo,27.9,16.4,84.33333333,11.2
5/14/2024,3749,4515.567873,-0.429360049,83.05391304,301,3.305,3.62,383.229,323.64,41.83,71.71428571,18,32.38709677,FALSE,null,null,FALSE,Colombo,27.4,26.2,87.54166667,15.8
5/15/2024,3749,4515.567873,-0.429360049,83.05391304,302.1,3.308,3.601,380.957,325.081,41.63,72.57142857,18,32.03225806,FALSE,null,null,FALSE,Colombo,27.5,6.9,87.20833333,13
5/16/2024,3742,4515.567873,-0.429360049,83.05391304,300.7,3.289,3.592,380.332,328.636,41.42,73.42857143,18,31.67741935,FALSE,null,null,FALSE,Colombo,27,9.2,89.66666667,11.6
5/17/2024,3749,4515.567873,-0.429360049,83.05391304,299.45,3.304,3.595,380.672,326.602,41.4,74.28571429,18,31.32258065,FALSE,null,null,FALSE,Colombo,27,8.6,88.91666667,18.1
5/18/2024,3936,4515.567873,-0.429360049,83.05391304,null,null,null,null,null,null,75.14285714,18,30.96774194,FALSE,null,null,FALSE,Colombo,26.4,51.9,90.79166667,16.9
5/19/2024,4123,4515.567873,-0.429360049,83.05391304,null,null,null,null,null,null,76,18,30.61290323,FALSE,null,null,FALSE,Colombo,26.1,39.8,92.91666667,16.6
5/20/2024,3561,4515.567873,-0.429360049,83.05391304,299.6,3.323,3.6,381.143,325.339,41.42,74.28571429,18,30.25806452,FALSE,null,null,FALSE,Colombo,25.9,47.2,92.66666667,25
5/21/2024,3749,4515.567873,-0.429360049,83.05391304,299.9,3.325,3.602,381.51,325.162,41.41,72.57142857,18,29.90322581,FALSE,null,null,FALSE,Colombo,27.3,11.2,87.45833333,21.9
5/22/2024,3749,4515.567873,-0.429360049,83.05391304,300,3.273,3.602,380.97,325.343,41.41,70.85714286,18,29.5483871,FALSE,null,null,FALSE,Colombo,27.7,28.3,84.08333333,33.9
5/23/2024,3749,4515.567873,-0.429360049,83.05391304,300,3.347,3.61,382.125,324.522,41.4,69.14285714,18,29.19354839,TRUE,Vesak Full Moon Poya Day,null,FALSE,Colombo,27.4,35.3,86.04166667,34.5
5/24/2024,3749,4515.567873,-0.429360049,83.05391304,300,3.377,3.612,383.837,324.282,41.46,67.42857143,18,28.83870968,TRUE,Day Following Vesak Full Moon Poya Day,null,FALSE,Colombo,28,17.1,81.79166667,34.7
5/25/2024,3936,4515.567873,-0.429360049,83.05391304,null,null,null,null,null,null,65.71428571,18,28.48387097,FALSE,null,null,FALSE,Colombo,27.4,60,86.20833333,33.6
5/26/2024,4123,4515.567873,-0.429360049,83.05391304,null,null,null,null,null,null,64,18,28.12903226,FALSE,null,null,FALSE,Colombo,27.1,37.9,87.04166667,25.3
5/27/2024,3561,4515.567873,-0.429360049,83.05391304,300.6,3.406,3.626,385.349,325.242,41.64,63.85714286,18,27.77419355,FALSE,null,null,FALSE,Colombo,26.9,42.7,89.29166667,22.9
5/28/2024,3749,4515.567873,-0.429360049,83.05391304,301.95,3.365,3.614,382.871,326.174,41.58,63.71428571,18,27.41935484,FALSE,null,null,FALSE,Colombo,27.6,37.3,85.79166667,23.6
5/29/2024,3749,4515.567873,-0.429360049,83.05391304,301.45,3.339,3.622,384.347,327.495,41.73,63.57142857,18,27.06451613,FALSE,null,null,FALSE,Colombo,27.5,25.1,86,22.3
5/30/2024,3749,4515.567873,-0.429360049,83.05391304,301.875,3.339,3.615,384.696,325.512,41.67,63.42857143,18,26.70967742,FALSE,null,null,FALSE,Colombo,27.6,31,87.08333333,28
5/31/2024,3749,4515.567873,-0.429360049,83.05391304,301.9,3.379,3.63,386.614,326.904,41.67,63.28571429,18,26.35483871,FALSE,null,null,FALSE,Colombo,27.6,12.2,89.16666667,18.8
6/1/2024,4045,4515.567873,-0.429360049,82.9175,null,null,null,null,null,null,63.14285714,16,26,FALSE,null,null,FALSE,Colombo,26.2,42.5,91.83333333,18.8
6/2/2024,4238,4515.567873,-0.429360049,82.9175,null,null,null,null,null,null,63,16,26.43333333,FALSE,null,null,FALSE,Colombo,26.2,28.1,92.08333333,19.8
6/3/2024,3660,4515.567873,-0.429360049,82.9175,301.9,3.388,3.614,385.631,327.181,41.72,62.85714286,16,26.86666667,FALSE,null,null,FALSE,Colombo,26.7,7.4,87.33333333,17.9
6/4/2024,3853,4515.567873,-0.429360049,82.9175,302.1,3.394,3.625,386.615,329.022,41.7,62.71428571,16,27.3,FALSE,null,null,FALSE,Colombo,27.4,3,85.79166667,20.3
6/5/2024,3853,4515.567873,-0.429360049,82.9175,302.35,3.39,3.627,387.346,328.57,41.79,62.57142857,16,27.73333333,FALSE,null,null,FALSE,Colombo,27.6,2,83.79166667,20.6
6/6/2024,3853,4515.567873,-0.429360049,82.9175,302.85,3.381,3.621,384.982,328.455,41.74,62.42857143,16,28.16666667,FALSE,null,null,FALSE,Colombo,27.3,2.1,85,20.6
6/7/2024,3853,4515.567873,-0.429360049,82.9175,302.6,3.41,3.629,385.94,329.689,41.82,62.28571429,16,28.6,FALSE,null,null,FALSE,Colombo,27,6.8,85.875,23.9
6/8/2024,4045,4515.567873,-0.429360049,82.9175,null,null,null,null,null,null,62.14285714,16,29.03333333,FALSE,null,null,FALSE,Colombo,27.1,3.8,84.25,23.5
6/9/2024,4238,4515.567873,-0.429360049,82.9175,null,null,null,null,null,null,62,16,29.46666667,FALSE,null,null,FALSE,Colombo,26.9,20.8,84.54166667,22.1
6/10/2024,3660,4515.567873,-0.429360049,82.9175,303.15,3.397,3.625,386.402,326.7,41.79,63.57142857,16,29.9,FALSE,null,null,FALSE,Colombo,27.6,5.2,83.16666667,23.8
6/11/2024,3853,4515.567873,-0.429360049,82.9175,303.25,3.412,3.639,388.804,326.227,41.94,65.14285714,16,30.33333333,FALSE,null,null,FALSE,Colombo,27.6,6.3,83.54166667,25
6/12/2024,3853,4515.567873,-0.429360049,82.9175,303.8,3.456,3.635,387.679,325.606,41.88,66.71428571,16,30.76666667,FALSE,null,null,FALSE,Colombo,27.3,19.5,85.41666667,21.6
6/13/2024,3853,4515.567873,-0.429360049,82.9175,303.8,3.39,3.636,385.528,328.209,41.87,68.28571429,16,31.2,FALSE,null,null,FALSE,Colombo,27.7,3.6,83.75,20.1
6/14/2024,3853,4515.567873,-0.429360049,82.9175,303.9,3.424,3.638,386.09,326.076,41.87,69.85714286,16,31.63333333,FALSE,null,null,FALSE,Colombo,27.9,2.6,82.375,19.4
6/15/2024,4045,4515.567873,-0.429360049,82.9175,null,null,null,null,null,null,71.42857143,16,32.06666667,FALSE,null,null,FALSE,Colombo,27.1,7.7,85.5,21.9
6/16/2024,4238,4515.567873,-0.429360049,82.9175,null,null,null,null,null,null,73,16,32.5,FALSE,null,null,FALSE,Colombo,27.3,4.1,85.54166667,21.1
6/17/2024,3660,4515.567873,-0.429360049,82.9175,303.9,3.568,3.654,387.371,325.066,41.99,71.14285714,16,32.93333333,TRUE,Eid al-Adha,null,FALSE,Colombo,27.7,3,84.16666667,21.8
6/18/2024,3853,4515.567873,-0.429360049,82.9175,304.8,3.654,3.652,388.024,326.099,42.01,69.28571429,16,33.36666667,FALSE,null,null,FALSE,Colombo,26.6,15.3,87.625,19.9
6/19/2024,3853,4515.567873,-0.429360049,82.9175,305.05,3.497,3.648,386.323,327.079,42.02,67.42857143,16,33.8,FALSE,null,null,FALSE,Colombo,26.3,18.7,88.625,22.5
6/20/2024,3853,4515.567873,-0.429360049,82.9175,305.225,3.425,3.651,386.003,327.554,42.02,65.57142857,16,34.23333333,FALSE,null,null,FALSE,Colombo,26.9,10.7,84.91666667,22.1
6/21/2024,3853,4515.567873,-0.429360049,82.9175,305.225,3.466,3.653,387.158,326.457,42.01,63.71428571,16,34.66666667,TRUE,Poson Full Moon Poya Day,null,FALSE,Colombo,26.7,21.1,86.66666667,20.9
6/22/2024,4045,4515.567873,-0.429360049,82.9175,null,null,null,null,null,null,61.85714286,16,35.1,FALSE,null,null,FALSE,Colombo,26.9,16.2,85.375,27.6
6/23/2024,4238,4515.567873,-0.429360049,82.9175,null,null,null,null,null,null,60,16,35.53333333,FALSE,null,null,FALSE,Colombo,27.2,9.1,83.54166667,27.3
6/24/2024,3660,4515.567873,-0.429360049,82.9175,305.125,3.457,3.656,387.146,326.182,42.01,61.42857143,16,35.96666667,FALSE,null,null,FALSE,Colombo,27.2,13.4,84.70833333,23.6
6/25/2024,3853,4515.567873,-0.429360049,82.9175,305.2,3.459,3.653,385.398,327.326,42.01,62.85714286,16,36.4,FALSE,null,null,FALSE,Colombo,26.2,40.2,88.29166667,20.1
6/26/2024,3853,4515.567873,-0.429360049,82.9175,305.35,3.594,3.661,386.216,326.854,42.03,64.28571429,16,36.83333333,FALSE,null,null,FALSE,Colombo,26.6,26,86.41666667,23.7
6/27/2024,3853,4515.567873,-0.429360049,82.9175,305.55,3.567,3.669,386.844,326.03,42.09,65.71428571,16,37.26666667,FALSE,null,null,FALSE,Colombo,27.5,4.3,84.41666667,16.6
6/28/2024,3853,4515.567873,-0.429360049,82.9175,305.95,3.516,3.653,385.889,326.946,41.96,67.14285714,16,37.7,FALSE,null,null,FALSE,Colombo,27,8.3,87.25,14
6/29/2024,4045,4515.567873,-0.429360049,82.9175,null,null,null,null,null,null,68.57142857,16,38.13333333,FALSE,null,null,FALSE,Colombo,27,1.1,85.45833333,18.8
6/30/2024,4238,4515.567873,-0.429360049,82.9175,null,null,null,null,null,null,70,16,38.56666667,FALSE,null,null,FALSE,Colombo,26.9,2.7,86.375,17.7
7/1/2024,5945,4515.567873,-0.429360049,84.04869565,305.05,3.443,3.622,383.895,327.711,41.6,70,16,39,FALSE,null,Surf Open Arugam Bay | Lanka Premier League (Cricket),TRUE,Colombo,26.6,10,86.95833333,17.3
7/2/2024,6257,4515.567873,-0.429360049,84.04869565,302.625,3.463,3.641,387.754,327.509,41.84,70,16,38.77419355,FALSE,null,Surf Open Arugam Bay | Lanka Premier League (Cricket),TRUE,Colombo,27.7,1.9,84.33333333,17
7/3/2024,6257,4515.567873,-0.429360049,84.04869565,304.3,3.418,3.642,388.479,325.006,41.85,70,16,38.5483871,FALSE,null,Surf Open Arugam Bay | Lanka Premier League (Cricket),TRUE,Colombo,26.9,12,87.5,18.5
7/4/2024,6257,4515.567873,-0.429360049,84.04869565,304.45,3.46,3.646,390.33,328.08,41.89,70,16,38.32258065,FALSE,null,Surf Open Arugam Bay | Lanka Premier League (Cricket),TRUE,Colombo,26.7,7.3,87.625,16.3
7/5/2024,6257,4515.567873,-0.429360049,84.04869565,304.6,3.512,3.643,389.814,328.871,41.86,70,16,38.09677419,FALSE,null,Surf Open Arugam Bay | Lanka Premier League (Cricket),TRUE,Colombo,25.9,28.8,90.70833333,16.9
7/6/2024,6570,4515.567873,-0.429360049,84.04869565,null,null,null,null,null,null,70,16,37.87096774,FALSE,null,Surf Open Arugam Bay | Lanka Premier League (Cricket),TRUE,Colombo,26.7,5.9,86.08333333,15.4
7/7/2024,6883,4515.567873,-0.429360049,84.04869565,null,null,null,null,null,null,70,16,37.64516129,FALSE,null,Surf Open Arugam Bay | Lanka Premier League (Cricket),TRUE,Colombo,27,2.7,85.75,13.5
7/8/2024,5945,4515.567873,-0.429360049,84.04869565,304.375,3.513,3.639,388.71,329.956,41.79,71.14285714,16,37.41935484,FALSE,null,Lanka Premier League (Cricket),TRUE,Colombo,26.5,15.8,85.08333333,17.2
7/9/2024,6257,4515.567873,-0.429360049,84.04869565,304,3.436,3.635,390.209,329.259,41.73,72.28571429,16,37.19354839,FALSE,null,Lanka Premier League (Cricket),TRUE,Colombo,27.7,1.3,80,18.1
7/10/2024,6257,4515.567873,-0.429360049,84.04869565,303.7,3.48,3.625,391.133,328.577,41.72,73.42857143,16,36.96774194,FALSE,null,Lanka Premier League (Cricket),TRUE,Colombo,27.4,5.6,81.54166667,19.2
7/11/2024,6257,4515.567873,-0.429360049,84.04869565,302.875,3.433,3.612,392.159,328.799,41.6,74.57142857,16,36.74193548,FALSE,null,Lanka Premier League (Cricket),TRUE,Colombo,27.4,3,84.75,17.9
7/12/2024,6257,4515.567873,-0.429360049,84.04869565,301.8,3.421,3.617,392.217,329.083,41.64,75.71428571,16,36.51612903,FALSE,null,Lanka Premier League (Cricket),TRUE,Colombo,27.2,5.7,85.08333333,21.1
7/13/2024,6570,4515.567873,-0.429360049,84.04869565,null,null,null,null,null,null,76.85714286,16,36.29032258,FALSE,null,Lanka Premier League (Cricket),TRUE,Colombo,26.1,25.1,89.16666667,22.4
7/14/2024,6883,4515.567873,-0.429360049,84.04869565,null,null,null,null,null,null,78,16,36.06451613,FALSE,null,Lanka Premier League (Cricket),TRUE,Colombo,27.8,5.4,82.08333333,24.6
7/15/2024,5945,4515.567873,-0.429360049,84.04869565,302.45,3.427,3.627,393.549,328.979,41.69,78.14285714,16,35.83870968,FALSE,null,Esala Perahera | Lanka Premier League (Cricket),TRUE,Colombo,26.6,32.1,87.5,22.7
7/16/2024,6266,4515.567873,-0.429360049,84.04869565,303.5,3.429,3.63,395.164,329.326,41.79,78.28571429,16,35.61290323,FALSE,null,Esala Perahera | Lanka Premier League (Cricket),TRUE,Colombo,26.8,8.9,87.20833333,20.4
7/17/2024,6257,4515.567873,-0.429360049,84.04869565,303.75,3.435,3.633,393.319,330.179,41.83,78.42857143,16,35.38709677,FALSE,null,Esala Perahera | Lanka Premier League (Cricket),TRUE,Colombo,27.1,20.7,85.91666667,21.1
7/18/2024,6257,4515.567873,-0.429360049,84.04869565,303.85,3.461,3.625,392.314,331.938,41.75,78.57142857,16,35.16129032,FALSE,null,Esala Perahera | Lanka Premier League (Cricket),TRUE,Colombo,27,5.9,86.45833333,16.9
7/19/2024,6257,4515.567873,-0.429360049,84.04869565,303.625,3.457,3.63,392.987,330.881,41.76,78.71428571,16,34.93548387,FALSE,null,Esala Perahera | Lanka Premier League (Cricket),TRUE,Colombo,27.7,4.3,83.33333333,22
7/20/2024,6570,4515.567873,-0.429360049,84.04869565,null,null,null,null,null,null,78.85714286,16,34.70967742,TRUE,Esala Full Moon Poya Day,Esala Perahera | Lanka Premier League (Cricket),TRUE,Colombo,28,0.4,82.25,18.1
7/21/2024,6883,4515.567873,-0.429360049,84.04869565,null,null,null,null,null,null,79,16,34.48387097,FALSE,null,Esala Perahera | Lanka Premier League (Cricket),TRUE,Colombo,27.6,0,84.25,13.8
7/22/2024,5945,4515.567873,-0.429360049,84.04869565,303.875,3.455,3.626,391.921,330.117,41.72,78,16,34.25806452,FALSE,null,Esala Perahera,TRUE,Colombo,26.9,6.4,87.125,15
7/23/2024,6257,4515.567873,-0.429360049,84.04869565,303.65,3.518,3.624,391.792,330.784,41.77,77,16,34.03225806,FALSE,null,Esala Perahera,TRUE,Colombo,27.3,2.1,86.75,16.8
7/24/2024,6257,4515.567873,-0.429360049,84.04869565,303.55,3.567,3.62,389.85,329.328,41.92,76,16,33.80645161,FALSE,null,null,FALSE,Colombo,27.7,2.7,85,18.2
7/25/2024,6257,4515.567873,-0.429360049,84.04869565,303.35,3.518,3.616,389.965,328.825,41.77,75,16,33.58064516,FALSE,null,null,FALSE,Colombo,27.6,3.7,83.70833333,21.7
7/26/2024,6257,4515.567873,-0.429360049,84.04869565,303.05,3.502,3.613,389.238,328.79,41.68,74,16,33.35483871,FALSE,null,null,FALSE,Colombo,27.9,1.9,83.58333333,23.2
7/27/2024,6570,4515.567873,-0.429360049,84.04869565,null,null,null,null,null,null,73,16,33.12903226,FALSE,null,null,FALSE,Colombo,27.9,3.4,84.875,23
7/28/2024,6883,4515.567873,-0.429360049,84.04869565,null,null,null,null,null,null,72,16,32.90322581,FALSE,null,null,FALSE,Colombo,27.6,20.9,83.75,22.9
7/29/2024,5945,4515.567873,-0.429360049,84.04869565,302.65,3.526,3.611,388.338,328.828,41.7,72.57142857,16,32.67741935,FALSE,null,null,FALSE,Colombo,26.1,39.4,88.95833333,21.5
7/30/2024,6257,4515.567873,-0.429360049,84.04869565,302.55,3.508,3.61,388.749,327.383,41.86,73.14285714,16,32.4516129,FALSE,null,null,FALSE,Colombo,26.6,13.2,88.66666667,17.7
7/31/2024,6257,4515.567873,-0.429360049,84.04869565,302.375,3.534,3.609,385.163,327.046,41.71,73.71428571,16,32.22580645,FALSE,null,null,FALSE,Colombo,27,19.5,86.54166667,18.4
8/1/2024,5926,4515.567873,-0.429360049,79.01863636,302.325,3.53,3.601,386.481,327.186,42.15,74.28571429,18,32,FALSE,null,null,FALSE,Colombo,27,5.4,86.125,21.4
8/2/2024,5926,4515.567873,-0.429360049,79.01863636,301.95,3.562,3.596,386.392,326.104,42.39,74.85714286,18,32.51612903,FALSE,null,null,FALSE,Colombo,26.5,9.1,87.41666667,18.7
8/3/2024,6222,4515.567873,-0.429360049,79.01863636,null,null,null,null,null,null,75.42857143,18,33.03225806,FALSE,null,null,FALSE,Colombo,27.4,1.7,83.58333333,17.9
8/4/2024,6518,4515.567873,-0.429360049,79.01863636,null,null,null,null,null,null,76,18,33.5483871,FALSE,null,null,FALSE,Colombo,27.2,5.1,83.16666667,22.3
8/5/2024,5629,4515.567873,-0.429360049,79.01863636,302.4,3.525,3.597,383.489,329.264,42.19,77.71428571,18,34.06451613,FALSE,null,null,FALSE,Colombo,27.1,5.7,83.29166667,23.1
8/6/2024,5926,4515.567873,-0.429360049,79.01863636,302.15,3.515,3.592,382.808,331.079,42,79.42857143,18,34.58064516,FALSE,null,null,FALSE,Colombo,27.2,2.2,84.04166667,18.2
8/7/2024,5926,4515.567873,-0.429360049,79.01863636,301.625,3.469,3.581,383.682,330.086,41.91,81.14285714,18,35.09677419,FALSE,null,null,FALSE,Colombo,27.3,1.4,82.41666667,18.6
8/8/2024,5926,4515.567873,-0.429360049,79.01863636,300.95,3.385,3.573,382.89,329.268,41.84,82.85714286,18,35.61290323,FALSE,null,null,FALSE,Colombo,26.9,13.2,84.875,20.6
8/9/2024,5926,4515.567873,-0.429360049,79.01863636,300,3.29,3.566,382.263,328.413,41.72,84.57142857,18,36.12903226,FALSE,null,null,FALSE,Colombo,27.3,0.8,82.625,15.6
8/10/2024,6222,4515.567873,-0.429360049,79.01863636,null,null,null,null,null,null,86.28571429,18,36.64516129,FALSE,null,null,FALSE,Colombo,27.1,10,83.375,18.8
8/11/2024,6518,4515.567873,-0.429360049,79.01863636,null,null,null,null,null,null,88,18,37.16129032,FALSE,null,null,FALSE,Colombo,26.5,19.6,86.58333333,15.5
8/12/2024,5629,4515.567873,-0.429360049,79.01863636,299.45,3.304,3.563,384.69,327.425,41.79,87.28571429,18,37.67741935,FALSE,null,null,FALSE,Colombo,26.3,32,91.16666667,14.9
8/13/2024,5926,4515.567873,-0.429360049,79.01863636,299.125,3.331,3.562,383.72,327.274,41.9,86.57142857,18,38.19354839,FALSE,null,null,FALSE,Colombo,25.9,4.1,90.375,14.8
8/14/2024,5926,4515.567873,-0.429360049,79.01863636,299.15,3.363,3.56,384.32,328.686,41.65,85.85714286,18,38.70967742,FALSE,null,null,FALSE,Colombo,26.4,4.9,86.66666667,17.7
8/15/2024,5926,4515.567873,-0.429360049,79.01863636,299,3.339,3.56,386.797,329.369,41.69,85.14285714,18,39.22580645,FALSE,null,null,FALSE,Colombo,26.9,3.7,85.20833333,19.6
8/16/2024,5924,4515.567873,-0.429360049,79.01863636,298.8,3.325,3.562,388.201,327.923,41.83,84.42857143,18,39.74193548,FALSE,null,null,FALSE,Colombo,26.2,34.3,89.75,18.7
8/17/2024,6222,4515.567873,-0.429360049,79.01863636,null,null,null,null,null,null,83.71428571,18,40.25806452,FALSE,null,null,FALSE,Colombo,26,48.3,88.75,21.1
8/18/2024,6518,4515.567873,-0.429360049,79.01863636,null,null,null,null,null,null,83,18,40.77419355,FALSE,null,null,FALSE,Colombo,26.6,20.8,85.83333333,15
8/19/2024,5629,4515.567873,-0.429360049,79.01863636,298.8,3.285,3.574,390.484,329.406,41.97,82.14285714,18,41.29032258,TRUE,Nikini Full Moon Poya Day,null,FALSE,Colombo,26.3,18.6,88,20.5
8/20/2024,5926,4515.567873,-0.429360049,79.01863636,299.6,3.281,3.579,393.296,331.109,42.08,81.28571429,18,41.80645161,FALSE,null,null,FALSE,Colombo,25.7,12,89.375,21.8
8/21/2024,5926,4515.567873,-0.429360049,79.01863636,300.375,3.296,3.586,394.236,333.232,42.12,80.42857143,18,42.32258065,FALSE,null,null,FALSE,Colombo,25.2,19.6,90.5,18
8/22/2024,5926,4515.567873,-0.429360049,79.01863636,301.15,3.275,3.576,396.177,334.749,42.06,79.57142857,18,42.83870968,FALSE,null,null,FALSE,Colombo,26.7,1.7,84.91666667,20
8/23/2024,5926,4515.567873,-0.429360049,79.01863636,299.85,3.268,3.586,396.746,334.471,42.22,78.71428571,18,43.35483871,FALSE,null,null,FALSE,Colombo,27,2.7,84.58333333,19.4
8/24/2024,6222,4515.567873,-0.429360049,79.01863636,null,null,null,null,null,null,77.85714286,18,43.87096774,FALSE,null,null,FALSE,Colombo,27,2,82.75,19.2
8/25/2024,6518,4515.567873,-0.429360049,79.01863636,null,null,null,null,null,null,77,18,44.38709677,FALSE,null,null,FALSE,Colombo,27.2,2.2,81.58333333,20.7
8/26/2024,5629,4515.567873,-0.429360049,79.01863636,300.85,3.282,3.578,398.301,335.364,42.15,76.71428571,18,44.90322581,FALSE,null,null,FALSE,Colombo,27.5,1.3,79.25,19.6
8/27/2024,5926,4515.567873,-0.429360049,79.01863636,300.4,3.284,3.58,396.537,335.611,42.17,76.42857143,18,45.41935484,FALSE,null,null,FALSE,Colombo,27.8,0.1,76.33333333,17.7
8/28/2024,5926,4515.567873,-0.429360049,79.01863636,300.6,3.261,3.576,395.154,335.856,42.27,76.14285714,18,45.93548387,FALSE,null,null,FALSE,Colombo,27.8,0.4,76.70833333,20.8
8/29/2024,5926,4515.567873,-0.429360049,79.01863636,300.075,3.298,3.565,392.85,334.156,42.16,75.85714286,18,46.4516129,FALSE,null,null,FALSE,Colombo,27,7.2,81.83333333,20
8/30/2024,5926,4515.567873,-0.429360049,79.01863636,299.2,3.328,3.561,393.135,332.31,41.99,75.57142857,18,46.96774194,FALSE,null,null,FALSE,Colombo,25.8,22.6,88.45833333,20.5
8/31/2024,6222,4515.567873,-0.429360049,79.01863636,null,null,null,null,null,null,75.28571429,18,47.48387097,FALSE,null,null,FALSE,Colombo,25.8,21.3,88.04166667,20.2
9/1/2024,5315,4515.567873,-0.429360049,73.05761905,null,null,null,null,null,null,75,16,48,FALSE,null,null,FALSE,Colombo,25.8,27.2,89.625,17.3
9/2/2024,4590,4515.567873,-0.429360049,73.05761905,298.95,3.406,3.561,392.174,330.305,41.98,75.42857143,16,47.63333333,FALSE,null,null,FALSE,Colombo,26.7,38.7,86.66666667,23.4
9/3/2024,4832,4515.567873,-0.429360049,73.05761905,299.05,3.415,3.559,392.919,330.912,42.01,75.85714286,16,47.26666667,FALSE,null,null,FALSE,Colombo,26,36.5,88.08333333,20.4
9/4/2024,4832,4515.567873,-0.429360049,73.05761905,298.9,3.385,3.556,393.759,330.186,42.11,76.28571429,16,46.9,FALSE,null,null,FALSE,Colombo,26.8,14.4,86.29166667,20.2
9/5/2024,4832,4515.567873,-0.429360049,73.05761905,298.8,3.308,3.559,392.5,331.186,42.16,76.71428571,16,46.53333333,FALSE,null,null,FALSE,Colombo,27.9,3.5,80.125,23.9
9/6/2024,4832,4515.567873,-0.429360049,73.05761905,299.025,3.322,3.582,393.513,331.911,42.28,77.14285714,16,46.16666667,FALSE,null,null,FALSE,Colombo,27.9,4.3,79.41666667,26.5
9/7/2024,5073,4515.567873,-0.429360049,73.05761905,null,null,null,null,null,null,77.57142857,16,45.8,FALSE,null,null,FALSE,Colombo,27.9,2.2,79.70833333,23.8
9/8/2024,5315,4515.567873,-0.429360049,73.05761905,null,null,null,null,null,null,78,16,45.43333333,FALSE,null,null,FALSE,Colombo,27.1,3.4,83,21.7
9/9/2024,4590,4515.567873,-0.429360049,73.05761905,301,3.302,3.577,393.185,331.271,42.2,76.85714286,16,45.06666667,FALSE,null,null,FALSE,Colombo,26.9,17,84.20833333,22.3
9/10/2024,4832,4515.567873,-0.429360049,73.05761905,300.6,3.285,3.582,392.464,331.903,42.25,75.71428571,16,44.7,FALSE,null,null,FALSE,Colombo,26.5,17.4,85.41666667,18.9
9/11/2024,4832,4515.567873,-0.429360049,73.05761905,300.9,3.378,3.59,395.689,331.121,42.33,74.57142857,16,44.33333333,FALSE,null,null,FALSE,Colombo,26.2,21.5,87.54166667,18.2
9/12/2024,4832,4515.567873,-0.429360049,73.05761905,301.5,3.35,3.594,396.33,331.211,42.5,73.42857143,16,43.96666667,FALSE,null,null,FALSE,Colombo,26.9,2.3,85.20833333,18.1
9/13/2024,4832,4515.567873,-0.429360049,73.05761905,302,3.299,3.595,399.138,333.66,42.6,72.28571429,16,43.6,FALSE,null,null,FALSE,Colombo,27,5.3,85.25,20.6
9/14/2024,5073,4515.567873,-0.429360049,73.05761905,null,null,null,null,null,null,71.14285714,16,43.23333333,FALSE,null,null,FALSE,Colombo,27,6.2,85.375,19.4
9/15/2024,5315,4515.567873,-0.429360049,73.05761905,null,null,null,null,null,null,70,16,42.86666667,FALSE,null,null,FALSE,Colombo,28,1.6,81.45833333,20.4
9/16/2024,4590,4515.567873,-0.429360049,73.05761905,302,3.295,3.598,397.463,333.941,42.65,69.14285714,16,42.5,TRUE,Prophet's Birthday,null,FALSE,Colombo,27.1,19.2,84.75,21.8
9/17/2024,4832,4515.567873,-0.429360049,73.05761905,302,3.238,3.624,400.817,335.63,42.81,68.28571429,16,42.13333333,TRUE,Binara Full Moon Poya Day,null,FALSE,Colombo,27.4,3.9,83.91666667,22.1
9/18/2024,4832,4515.567873,-0.429360049,73.05761905,303.35,3.3,3.637,404.314,335.057,43.04,67.42857143,16,41.76666667,FALSE,null,null,FALSE,Colombo,27.4,1.7,82.79166667,22.6
9/19/2024,4832,4515.567873,-0.429360049,73.05761905,304.35,3.303,3.653,406.655,337.098,43.25,66.57142857,16,41.4,FALSE,null,null,FALSE,Colombo,26.9,2.9,83.08333333,21.1
9/20/2024,4832,4515.567873,-0.429360049,73.05761905,305.25,3.324,3.64,406.083,339.518,43.12,65.71428571,16,41.03333333,FALSE,null,null,FALSE,Colombo,27.7,2,77.5,20.5
9/21/2024,5073,4515.567873,-0.429360049,73.05761905,null,null,null,null,null,null,64.85714286,16,40.66666667,FALSE,null,null,FALSE,Colombo,27.5,5.6,79.83333333,23.1
9/22/2024,5315,4515.567873,-0.429360049,73.05761905,null,null,null,null,null,null,64,16,40.3,FALSE,null,null,FALSE,Colombo,27.1,8.1,81.58333333,23.3
9/23/2024,4590,4515.567873,-0.429360049,73.05761905,304.25,3.265,3.624,406.466,340.441,43.09,63.85714286,16,39.93333333,FALSE,null,null,FALSE,Colombo,27.9,1.8,76,23.4
9/24/2024,4832,4515.567873,-0.429360049,73.05761905,303.05,3.249,3.594,400.72,337.916,42.73,63.71428571,16,39.56666667,FALSE,null,null,FALSE,Colombo,27,9.5,82.83333333,21.7
9/25/2024,4832,4515.567873,-0.429360049,73.05761905,300.75,3.236,3.583,402.264,338.754,42.74,63.57142857,16,39.2,FALSE,null,null,FALSE,Colombo,27,4.5,84.875,21.3
9/26/2024,4832,4515.567873,-0.429360049,73.05761905,299.85,3.167,3.567,399.631,334.517,42.6,63.42857143,16,38.83333333,FALSE,null,null,FALSE,Colombo,27.2,2.1,85.125,18.4
9/27/2024,4832,4515.567873,-0.429360049,73.05761905,298.8,3.183,3.532,396.153,334.945,42.17,63.28571429,16,38.46666667,FALSE,null,null,FALSE,Colombo,26.2,19.1,89.25,14
9/28/2024,5073,4515.567873,-0.429360049,73.05761905,null,null,null,null,null,null,63.14285714,16,38.1,FALSE,null,null,FALSE,Colombo,26.7,5.4,89.33333333,10.3
9/29/2024,5315,4515.567873,-0.429360049,73.05761905,null,null,null,null,null,null,63,16,37.73333333,TRUE,Special Public Holiday,null,FALSE,Colombo,26.2,9.9,89.75,13.2
9/30/2024,4590,4515.567873,-0.429360049,73.05761905,296.2,3.075,3.512,391.723,333.439,41.99,63.85714286,16,37.36666667,FALSE,null,null,FALSE,Colombo,25.9,13.2,90.875,8.8
10/1/2024,4686,4515.567873,-0.429360049,75.26652174,294.85,3.084,3.514,392.07,329.566,42.03,64.71428571,16,37,FALSE,null,null,FALSE,Colombo,26.8,3.4,85.29166667,19.5
10/2/2024,4686,4515.567873,-0.429360049,75.26652174,295.5,3.101,3.497,385.861,326.229,41.86,65.57142857,16,35.80645161,FALSE,null,null,FALSE,Colombo,27.2,1.1,82.20833333,23.5
10/3/2024,4686,4515.567873,-0.429360049,75.26652174,294,3.093,3.496,385.714,325.828,41.86,66.42857143,16,34.61290323,FALSE,null,null,FALSE,Colombo,27.2,1.2,84.95833333,18
10/4/2024,4686,4515.567873,-0.429360049,75.26652174,294,3.048,3.491,383.754,324.061,41.77,67.28571429,16,33.41935484,FALSE,null,null,FALSE,Colombo,27.6,0.3,82.29166667,17.8
10/5/2024,4920,4515.567873,-0.429360049,75.26652174,null,null,null,null,null,null,68.14285714,16,32.22580645,FALSE,null,null,FALSE,Colombo,27.1,5,84.79166667,17.8
10/6/2024,5154,4515.567873,-0.429360049,75.26652174,null,null,null,null,null,null,69,16,31.03225806,FALSE,null,null,FALSE,Colombo,27.1,2.5,84.125,14.8
10/7/2024,4451,4515.567873,-0.429360049,75.26652174,293.3,3.028,3.488,384.126,322.475,41.5,69.14285714,16,29.83870968,FALSE,null,null,FALSE,Colombo,25.1,39.7,90.375,14.8
10/8/2024,4686,4515.567873,-0.429360049,75.26652174,293.125,3.019,3.488,382.9,321.758,41.36,69.28571429,16,28.64516129,FALSE,null,null,FALSE,Colombo,26.1,11.7,87.66666667,12.3
10/9/2024,4686,4515.567873,-0.429360049,75.26652174,292.95,3.03,3.486,382.433,321.714,41.34,69.42857143,16,27.4516129,FALSE,null,null,FALSE,Colombo,26.5,12.7,86.45833333,18.4
10/10/2024,4686,4515.567873,-0.429360049,75.26652174,292.85,3.055,3.48,382.747,320.403,41.42,69.57142857,16,26.25806452,FALSE,null,null,FALSE,Colombo,25.5,26.9,90.375,20
10/11/2024,4686,4515.567873,-0.429360049,75.26652174,292.9,3.066,3.485,382.872,320.067,41.35,69.71428571,16,25.06451613,FALSE,null,null,FALSE,Colombo,25.2,52.9,90.70833333,21.9
10/12/2024,4920,4515.567873,-0.429360049,75.26652174,null,null,null,null,null,null,69.85714286,16,23.87096774,FALSE,null,null,FALSE,Colombo,25.5,35.8,89.79166667,16.9
10/13/2024,5154,4515.567873,-0.429360049,75.26652174,null,null,null,null,null,null,70,16,22.67741935,FALSE,null,null,FALSE,Colombo,25.4,30.9,90.41666667,17.4
10/14/2024,4451,4515.567873,-0.429360049,75.26652174,293.175,3.027,3.486,383.301,320.126,41.15,70.42857143,16,21.48387097,FALSE,null,null,FALSE,Colombo,24.7,41.7,92.95833333,20.2
10/15/2024,4686,4515.567873,-0.429360049,75.26652174,293.2,3.025,3.484,380.427,319.743,41.13,70.85714286,16,20.29032258,FALSE,null,null,FALSE,Colombo,26.2,13.4,86.29166667,20
10/16/2024,4682,4515.567873,-0.429360049,75.26652174,292.85,3.025,3.482,380.983,319.077,41.1,71.28571429,16,19.09677419,FALSE,null,null,FALSE,Colombo,26.8,4.5,85.625,18.1
10/17/2024,4686,4515.567873,-0.429360049,75.26652174,292.85,3.026,3.484,382.409,318.01,41.24,71.71428571,16,17.90322581,TRUE,Vap Full Moon Poya Day,null,FALSE,Colombo,27.6,1.7,80.83333333,19.3
10/18/2024,4686,4515.567873,-0.429360049,75.26652174,293,3.027,3.484,380.591,317.132,41.15,72.14285714,16,16.70967742,FALSE,null,null,FALSE,Colombo,27.2,0.7,83.875,16.1
10/19/2024,4920,4515.567873,-0.429360049,75.26652174,null,null,null,null,null,null,72.57142857,16,15.51612903,FALSE,null,null,FALSE,Colombo,26.7,2.4,84.20833333,13.6
10/20/2024,5154,4515.567873,-0.429360049,75.26652174,null,null,null,null,null,null,73,16,14.32258065,FALSE,null,null,FALSE,Colombo,26.2,3.1,88.41666667,11.9
10/21/2024,4451,4515.567873,-0.429360049,75.26652174,293.1,3.061,3.486,380.677,318.265,41.15,73,16,13.12903226,FALSE,null,null,FALSE,Colombo,25.9,9.3,90.29166667,13.3
10/22/2024,4686,4515.567873,-0.429360049,75.26652174,293.2,3.055,3.487,379.103,316.88,41.16,73,16,11.93548387,FALSE,null,null,FALSE,Colombo,25.7,3.5,90.58333333,12
10/23/2024,4686,4515.567873,-0.429360049,75.26652174,293.4,3.05,3.491,380.967,316.46,41.23,73,16,10.74193548,FALSE,null,null,FALSE,Colombo,25.1,26.2,92.20833333,13.9
10/24/2024,4686,4515.567873,-0.429360049,75.26652174,293.65,3.017,3.489,380.434,316.207,41.2,73,16,9.548387097,FALSE,null,null,FALSE,Colombo,26.2,14.2,85.66666667,20
10/25/2024,4686,4515.567873,-0.429360049,75.26652174,293.5,3.021,3.491,380.92,317.827,41.19,73,16,8.35483871,FALSE,null,null,FALSE,Colombo,26.4,10.8,86.5,17.1
10/26/2024,4920,4515.567873,-0.429360049,75.26652174,null,null,null,null,null,null,73,16,7.161290323,FALSE,null,null,FALSE,Colombo,25.6,19.5,89.625,16.1
10/27/2024,5154,4515.567873,-0.429360049,75.26652174,null,null,null,null,null,null,73,16,5.967741935,FALSE,null,null,FALSE,Colombo,25.9,7.3,89.16666667,18
10/28/2024,4451,4515.567873,-0.429360049,75.26652174,293.625,3.011,3.492,382.2,316.667,41.17,73.57142857,16,4.774193548,FALSE,null,null,FALSE,Colombo,25.8,15.9,88.33333333,17.6
10/29/2024,4686,4515.567873,-0.429360049,75.26652174,293.65,3.022,3.483,379.722,317.386,41.16,74.14285714,16,3.580645161,FALSE,null,null,FALSE,Colombo,26.8,3.8,87.125,14.9
10/30/2024,4686,4515.567873,-0.429360049,75.26652174,292.95,3.008,3.482,377.876,317.616,41.15,74.71428571,16,2.387096774,FALSE,null,null,FALSE,Colombo,26.9,1.7,86.29166667,16.2
10/31/2024,4686,4515.567873,-0.429360049,75.26652174,292.95,2.989,3.483,378.712,317.972,41.12,75.28571429,16,1.193548387,TRUE,Deepavali Festival Day,null,FALSE,Colombo,26.2,6.8,87.5,12.9
11/1/2024,6442,4515.567873,-0.429360049,73.50857143,292.95,2.98,3.483,379.881,318.763,41.28,75.85714286,16,0,FALSE,null,null,FALSE,Colombo,25.6,12,91.33333333,9.1
11/2/2024,6765,4515.567873,-0.429360049,73.50857143,null,null,null,null,null,null,76.42857143,16,0.766666667,FALSE,null,null,FALSE,Colombo,25.6,12.4,90.58333333,12.1
11/3/2024,7087,4515.567873,-0.429360049,73.50857143,null,null,null,null,null,null,77,16,1.533333333,FALSE,null,null,FALSE,Colombo,25.7,4.4,89.25,12.3
11/4/2024,6120,4515.567873,-0.429360049,73.50857143,293.175,2.996,3.483,382.196,317.299,41.24,76.28571429,16,2.3,FALSE,null,null,FALSE,Colombo,25.3,18.4,90.41666667,13.2
11/5/2024,6442,4515.567873,-0.429360049,73.50857143,293.05,3.011,3.472,377.097,318.805,40.78,75.57142857,16,3.066666667,FALSE,null,null,FALSE,Colombo,25.2,9.5,90.29166667,9.6
11/6/2024,6442,4515.567873,-0.429360049,73.50857143,292.8,2.985,3.47,379.985,320.249,40.96,74.85714286,16,3.833333333,FALSE,null,null,FALSE,Colombo,26.4,0.3,83.375,19.6
11/7/2024,6442,4515.567873,-0.429360049,73.50857143,292.6,2.997,3.465,378.095,314.062,40.74,74.14285714,16,4.6,FALSE,null,null,FALSE,Colombo,26.1,2.6,86.58333333,18.3
11/8/2024,6442,4515.567873,-0.429360049,73.50857143,292.575,3.047,3.465,376.562,316.071,40.54,73.42857143,16,5.366666667,FALSE,null,null,FALSE,Colombo,25.1,25.2,90.91666667,15.5
11/9/2024,6765,4515.567873,-0.429360049,73.50857143,null,null,null,null,null,null,72.71428571,16,6.133333333,FALSE,null,null,FALSE,Colombo,26.3,1.7,85,17.4
11/10/2024,7087,4515.567873,-0.429360049,73.50857143,null,null,null,null,null,null,72,16,6.9,FALSE,null,null,FALSE,Colombo,26.4,1,80.625,18.9
11/11/2024,6120,4515.567873,-0.429360049,73.50857143,292.6,2.975,3.464,372.769,313.502,40.42,72.42857143,16,7.666666667,FALSE,null,null,FALSE,Colombo,26.6,1.2,82.625,16.8
11/12/2024,6442,4515.567873,-0.429360049,73.50857143,292.425,2.966,3.461,371.363,311.683,40.43,72.85714286,16,8.433333333,FALSE,null,null,FALSE,Colombo,26.4,1.6,87.33333333,17.5
11/13/2024,6442,4515.567873,-0.429360049,73.50857143,292.25,2.935,3.458,370.038,310.563,40.39,73.28571429,16,9.2,FALSE,null,null,FALSE,Colombo,26.9,4.9,84.625,9.3
11/14/2024,6442,4515.567873,-0.429360049,73.50857143,292.15,2.921,3.46,368.694,308.651,40.38,73.71428571,16,9.966666667,FALSE,null,null,FALSE,Colombo,26.1,3,87.79166667,12.9
11/15/2024,6442,4515.567873,-0.429360049,73.50857143,292.15,2.92,3.451,369.403,307.581,40.24,74.14285714,16,10.73333333,TRUE,Il Full Moon Poya Day,null,FALSE,Colombo,25.7,16.7,89.25,9.9
11/16/2024,6770,4515.567873,-0.429360049,73.50857143,null,null,null,null,null,null,74.57142857,16,11.5,FALSE,null,null,FALSE,Colombo,25.9,5.1,88,7.1
11/17/2024,7087,4515.567873,-0.429360049,73.50857143,null,null,null,null,null,null,75,16,12.26666667,FALSE,null,null,FALSE,Colombo,26.4,5.8,86.79166667,9.6
11/18/2024,6120,4515.567873,-0.429360049,73.50857143,291.35,2.892,3.446,368.953,307.903,40.18,75.57142857,16,13.03333333,FALSE,null,null,FALSE,Colombo,25.8,8.4,90.33333333,10.2
11/19/2024,6442,4515.567873,-0.429360049,73.50857143,290.95,2.892,3.448,368.096,308.691,40.15,76.14285714,16,13.8,FALSE,null,null,FALSE,Colombo,25.4,19.8,90.20833333,11.7
11/20/2024,6442,4515.567873,-0.429360049,73.50857143,290.95,2.872,3.442,366.277,308.209,40.19,76.71428571,16,14.56666667,FALSE,null,null,FALSE,Colombo,25.1,19.4,91.33333333,9.3
11/21/2024,6442,4515.567873,-0.429360049,73.50857143,290.95,2.789,3.446,364.73,306.696,40.16,77.28571429,16,15.33333333,FALSE,null,null,FALSE,Colombo,25.7,13.1,88.29166667,12.8
11/22/2024,6442,4515.567873,-0.429360049,73.50857143,291.05,2.797,3.452,365.787,304.66,40.18,77.85714286,16,16.1,FALSE,null,null,FALSE,Colombo,25.5,19.5,89.58333333,12.1
11/23/2024,6765,4515.567873,-0.429360049,73.50857143,null,null,null,null,null,null,78.42857143,16,16.86666667,FALSE,null,null,FALSE,Colombo,25.7,1.1,89.375,13
11/24/2024,7087,4515.567873,-0.429360049,73.50857143,null,null,null,null,null,null,79,16,17.63333333,FALSE,null,null,FALSE,Colombo,25.4,10,89.375,19.6
11/25/2024,6120,4515.567873,-0.429360049,73.50857143,291,2.759,3.452,365.961,303.222,40.14,78.42857143,16,18.4,FALSE,null,null,FALSE,Colombo,24.3,26,93.16666667,22
11/26/2024,6442,4515.567873,-0.429360049,73.50857143,291.15,2.571,3.446,369.02,305.27,40.14,77.85714286,16,19.16666667,FALSE,null,null,FALSE,Colombo,24.8,40.3,91.375,26.1
11/27/2024,6442,4515.567873,-0.429360049,73.50857143,291.025,2.691,3.44,368.855,305.277,40.12,77.28571429,16,19.93333333,FALSE,null,null,FALSE,Colombo,25.6,57,87.20833333,30.2
11/28/2024,6442,4515.567873,-0.429360049,73.50857143,290.7,2.729,3.436,370.245,307.307,40.12,76.71428571,16,20.7,FALSE,null,null,FALSE,Colombo,25.9,5.6,80.29166667,23.4
11/29/2024,6442,4515.567873,-0.429360049,73.50857143,290.65,2.729,3.429,367.847,306.723,39.96,76.14285714,16,21.46666667,FALSE,null,null,FALSE,Colombo,25.6,5,87.54166667,16.4
11/30/2024,6765,4515.567873,-0.429360049,73.50857143,null,null,null,null,null,null,75.57142857,16,22.23333333,FALSE,null,null,FALSE,Colombo,26.6,3.2,82.04166667,17.8
12/1/2024,9263,4515.567873,-0.429360049,73.22772727,null,null,null,null,null,null,75,18,23,FALSE,null,null,FALSE,Colombo,27.9,1.5,72.25,21.4
12/2/2024,8000,4515.567873,-0.429360049,73.22772727,290.65,2.766,3.43,368.15,307.31,39.86,75.57142857,18,23.74193548,FALSE,null,null,FALSE,Colombo,28,0,69,18.4
12/3/2024,8421,4515.567873,-0.429360049,73.22772727,290.5,2.765,3.426,368.881,305.043,39.96,76.14285714,18,24.48387097,FALSE,null,null,FALSE,Colombo,27.4,0,75.41666667,11.3
12/4/2024,8421,4515.567873,-0.429360049,73.22772727,290.4,2.874,3.425,370.394,305.234,39.97,76.71428571,18,25.22580645,FALSE,null,null,FALSE,Colombo,26.8,0,80.08333333,11.5
12/5/2024,8421,4515.567873,-0.429360049,73.22772727,290.3,2.887,3.428,369.976,305.158,39.91,77.28571429,18,25.96774194,FALSE,null,null,FALSE,Colombo,26.3,2.2,82.58333333,9.1
12/6/2024,8421,4515.567873,-0.429360049,73.22772727,290.325,2.903,3.42,370.196,307.259,39.98,77.85714286,18,26.70967742,FALSE,null,null,FALSE,Colombo,27,0.2,80.04166667,10.6
12/7/2024,8842,4515.567873,-0.429360049,73.22772727,null,null,null,null,null,null,78.42857143,18,27.4516129,FALSE,null,null,FALSE,Colombo,26.6,1.7,83.25,9.7
12/8/2024,9263,4515.567873,-0.429360049,73.22772727,null,null,null,null,null,null,79,18,28.19354839,FALSE,null,null,FALSE,Colombo,26.3,13.2,83.70833333,10.2
12/9/2024,8000,4515.567873,-0.429360049,73.22772727,290.35,2.816,3.419,370.649,306.736,40.02,79.42857143,18,28.93548387,FALSE,null,null,FALSE,Colombo,27.1,1.9,75.04166667,15.2
12/10/2024,8421,4515.567873,-0.429360049,73.22772727,290.25,2.75,3.42,370.02,306.325,39.95,79.85714286,18,29.67741935,FALSE,null,null,FALSE,Colombo,27.2,0.2,70.20833333,18.9
12/11/2024,8421,4515.567873,-0.429360049,73.22772727,290.2,2.763,3.42,367.768,305.465,39.9,80.28571429,18,30.41935484,FALSE,null,null,FALSE,Colombo,27,3.6,79.25,20.7
12/12/2024,8421,4515.567873,-0.429360049,73.22772727,290.175,2.776,3.42,366.218,304.454,39.87,80.71428571,18,31.16129032,FALSE,null,null,FALSE,Colombo,26.2,8.7,86.25,22.7
12/13/2024,8421,4515.567873,-0.429360049,73.22772727,290.2,2.806,3.422,368.715,303.7,39.91,81.14285714,18,31.90322581,FALSE,null,null,FALSE,Colombo,25.9,17.9,88.95833333,8.2
12/14/2024,8842,4515.567873,-0.429360049,73.22772727,null,null,null,null,null,null,81.57142857,18,32.64516129,TRUE,Unduvap Full Moon Poya Day,null,FALSE,Colombo,25.5,10.3,89.91666667,11.9
12/15/2024,9263,4515.567873,-0.429360049,73.22772727,null,null,null,null,null,null,82,18,33.38709677,FALSE,null,null,FALSE,Colombo,26.7,0,77.25,19.8
12/16/2024,7993,4515.567873,-0.429360049,73.22772727,290.75,2.782,3.427,370.052,304.716,39.95,83.42857143,18,34.12903226,FALSE,null,null,FALSE,Colombo,25.4,4.3,85.95833333,17.1
12/17/2024,8421,4515.567873,-0.429360049,73.22772727,291.15,2.783,3.43,366.455,305.526,39.98,84.85714286,18,34.87096774,FALSE,null,null,FALSE,Colombo,25.8,7.4,87.83333333,16.4
12/18/2024,8421,4515.567873,-0.429360049,73.22772727,291.45,2.829,3.439,366.198,305.23,40.12,86.28571429,18,35.61290323,FALSE,null,null,FALSE,Colombo,26.2,0.8,85.79166667,13.1
12/19/2024,8421,4515.567873,-0.429360049,73.22772727,292.9,2.849,3.455,369.07,301.554,40.22,87.71428571,18,36.35483871,FALSE,null,null,FALSE,Colombo,26.5,1.9,86.25,9.6
12/20/2024,8421,4515.567873,-0.429360049,73.22772727,293.6,2.924,3.478,371.208,303.399,40.56,89.14285714,18,37.09677419,FALSE,null,null,FALSE,Colombo,26.2,9.4,87.95833333,14.7
12/21/2024,8842,4515.567873,-0.429360049,73.22772727,null,null,null,null,null,null,90.57142857,18,37.83870968,FALSE,null,null,FALSE,Colombo,26,7,89.45833333,12.1
12/22/2024,9263,4515.567873,-0.429360049,73.22772727,null,null,null,null,null,null,92,18,38.58064516,FALSE,null,null,FALSE,Colombo,27,5.2,85.79166667,10.8
12/23/2024,8000,4515.567873,-0.429360049,73.22772727,296.125,2.945,3.457,369.809,306.091,40.36,92.14285714,18,39.32258065,FALSE,null,null,FALSE,Colombo,26.8,0,80.58333333,13.8
12/24/2024,8421,4515.567873,-0.429360049,73.22772727,294.75,2.959,3.456,370.073,307.988,40.35,92.28571429,18,40.06451613,FALSE,null,null,FALSE,Colombo,26.6,0,76.625,11.5
12/25/2024,8421,4515.567873,-0.429360049,73.22772727,294.75,2.938,3.447,368.342,306.192,40.27,92.42857143,18,40.80645161,TRUE,Christmas Day,null,FALSE,Colombo,27.3,0,67.375,11.8
12/26/2024,8421,4515.567873,-0.429360049,73.22772727,294.05,2.761,3.419,367.666,306.398,40.01,92.57142857,18,41.5483871,FALSE,null,null,FALSE,Colombo,27.2,0.5,70.91666667,13.8
12/27/2024,8421,4515.567873,-0.429360049,73.22772727,292.25,2.646,3.418,367.146,306.303,40.05,92.71428571,18,42.29032258,FALSE,null,null,FALSE,Colombo,26.9,9.6,79.20833333,12
12/28/2024,8842,4515.567873,-0.429360049,73.22772727,null,null,null,null,null,null,92.85714286,18,43.03225806,FALSE,null,null,FALSE,Colombo,27,1.8,77.625,8.3
12/29/2024,9263,4515.567873,-0.429360049,73.22772727,null,null,null,null,null,null,93,18,43.77419355,FALSE,null,null,FALSE,Colombo,26.6,4.6,79.29166667,16.8
12/30/2024,8000,4515.567873,-0.429360049,73.22772727,292.5,2.581,3.423,366.802,304.468,40.14,93.57142857,18,44.51612903,FALSE,null,null,FALSE,Colombo,26.1,10.9,85.16666667,11.2
12/31/2024,8421,4515.567873,-0.429360049,73.22772727,293.125,2.58,3.418,366.763,304.249,40.11,94.14285714,18,45.25806452,FALSE,null,null,FALSE,Colombo,25.8,5.2,87.66666667,10.6
1/1/2025,6879,4515.567873,-0.429360049,78.19391304,293,2.64,3.417,362.996,303.343,40.15,94.71428571,18,46,FALSE,null,null,FALSE,Colombo,25.1,23.8,88.45833333,16.3
1/2/2025,9392,4515.567873,-0.429360049,78.19391304,293.2,2.656,3.422,364.881,303.194,40.09,95.28571429,18,45.93548387,FALSE,null,null,FALSE,Colombo,25.1,4.1,83.20833333,17.7
1/3/2025,8974,4515.567873,-0.429360049,78.19391304,293.75,2.749,3.447,370.121,300.838,40.35,95.85714286,18,45.87096774,FALSE,null,null,FALSE,Colombo,26.1,0.2,74.66666667,17.4
1/4/2025,6990,4515.567873,-0.429360049,78.19391304,null,null,null,null,null,null,96.42857143,18,45.80645161,FALSE,null,null,FALSE,Colombo,25.6,2.7,80.66666667,14.3
1/5/2025,7180,4515.567873,-0.429360049,78.19391304,null,null,null,null,null,null,97,18,45.74193548,FALSE,null,null,FALSE,Colombo,26.1,0.8,79.29166667,11.3
1/6/2025,8066,4515.567873,-0.429360049,78.19391304,295.6,2.753,3.441,368.696,302.54,40.3,97.42857143,18,45.67741935,FALSE,null,null,FALSE,Colombo,26.1,0,75.33333333,13.3
1/7/2025,7372,4515.567873,-0.429360049,78.19391304,295.5,2.831,3.443,365.93,307.025,40.35,97.85714286,18,45.61290323,FALSE,null,null,FALSE,Colombo,26,0,79.66666667,9.7
1/8/2025,8334,4515.567873,-0.429360049,78.19391304,296,2.88,3.428,362.595,305.259,40.17,98.28571429,18,45.5483871,FALSE,null,null,FALSE,Colombo,26.7,0.2,77.79166667,12.5
1/9/2025,7757,4515.567873,-0.429360049,78.19391304,294.625,2.893,3.414,359.602,305.206,40.15,98.71428571,18,45.48387097,FALSE,null,null,FALSE,Colombo,27.7,2.5,70.66666667,11.6
1/10/2025,8477,4515.567873,-0.429360049,78.19391304,294.55,2.865,3.397,359.41,303.276,40.15,99.14285714,18,45.41935484,FALSE,null,null,FALSE,Colombo,27.5,5.6,76.375,14.2
1/11/2025,8373,4515.567873,-0.429360049,78.19391304,null,null,null,null,null,null,99.57142857,18,45.35483871,FALSE,null,null,FALSE,Colombo,26.4,1.6,74.75,24.9
1/12/2025,8219,4515.567873,-0.429360049,78.19391304,null,null,null,null,null,null,100,18,45.29032258,FALSE,null,null,FALSE,Colombo,24.4,25.2,91.58333333,18
1/13/2025,8715,4515.567873,-0.429360049,78.19391304,294.55,2.866,3.402,359.823,301.583,40.16,97.28571429,18,45.22580645,TRUE,Duruthu Full Moon Poya Day,null,FALSE,Colombo,25.4,16.6,89.20833333,12.1
1/14/2025,7687,4515.567873,-0.429360049,78.19391304,294.55,2.883,3.42,361.964,301.583,40.31,94.57142857,18,45.16129032,TRUE,Tamil Thai Pongal Day,null,FALSE,Colombo,24.8,18.8,91.125,9.7
1/15/2025,8196,4515.567873,-0.429360049,78.19391304,295.625,2.891,3.421,362.701,303.438,40.4,91.85714286,18,45.09677419,FALSE,null,null,FALSE,Colombo,25.5,9.3,88.375,13.2
1/16/2025,8050,4515.567873,-0.429360049,78.19391304,296.3,2.891,3.422,360.691,304.04,40.45,89.14285714,18,45.03225806,FALSE,null,null,FALSE,Colombo,25.4,3.6,88.04166667,12.5
1/17/2025,8710,4515.567873,-0.429360049,78.19391304,296.45,2.938,3.441,365.883,305.027,40.63,86.42857143,18,44.96774194,FALSE,null,null,FALSE,Colombo,26.4,0,76.45833333,20.9
1/18/2025,8322,4515.567873,-0.429360049,78.19391304,null,null,null,null,null,null,83.71428571,18,44.90322581,FALSE,null,null,FALSE,Colombo,25.6,27.5,87.20833333,17.5
1/19/2025,8069,4515.567873,-0.429360049,78.19391304,null,null,null,null,null,null,81,18,44.83870968,FALSE,null,null,FALSE,Colombo,23.9,40.1,95.95833333,12.7
1/20/2025,8511,4515.567873,-0.429360049,78.19391304,296.85,2.989,3.44,367.7,304.33,40.89,81.71428571,18,44.77419355,FALSE,null,null,FALSE,Colombo,25.6,10.1,84.58333333,19
1/21/2025,7615,4515.567873,-0.429360049,78.19391304,297.6,3.007,3.453,367.832,308.983,41.04,82.42857143,18,44.70967742,FALSE,null,null,FALSE,Colombo,24.9,8.2,86.375,16.3
1/22/2025,7516,4515.567873,-0.429360049,78.19391304,298.625,2.989,3.453,368.846,310.158,40.95,83.14285714,18,44.64516129,FALSE,null,null,FALSE,Colombo,25,10.1,89.95833333,12.7
1/23/2025,8091,4515.567873,-0.429360049,78.19391304,298.6,3.048,3.457,372.276,310.649,41.14,83.85714286,18,44.58064516,FALSE,null,null,FALSE,Colombo,24.9,25.1,90.625,9.4
1/24/2025,9788,4515.567873,-0.429360049,78.19391304,298.25,3.064,3.455,373.035,310.888,41.15,84.57142857,18,44.51612903,FALSE,null,null,FALSE,Colombo,24.7,5.3,90.20833333,12.3
1/25/2025,9224,4515.567873,-0.429360049,78.19391304,null,null,null,null,null,null,85.28571429,18,44.4516129,FALSE,null,null,FALSE,Colombo,25.9,0.7,83.375,15.1
1/26/2025,8332,4515.567873,-0.429360049,78.19391304,null,null,null,null,null,null,86,18,44.38709677,FALSE,null,null,FALSE,Colombo,26.2,2.9,84.75,13.8
1/27/2025,8769,4515.567873,-0.429360049,78.19391304,298.5,3.028,3.428,369.466,312.796,40.93,86.57142857,18,44.32258065,FALSE,null,null,FALSE,Colombo,25.6,0,74.33333333,15.2
1/28/2025,7608,4515.567873,-0.429360049,78.19391304,296.95,2.986,3.421,369.187,313.051,40.87,87.14285714,18,44.25806452,FALSE,null,null,FALSE,Colombo,24.5,1.4,83.66666667,9
1/29/2025,7383,4515.567873,-0.429360049,78.19391304,296.5,3.019,3.434,369.528,309.503,41.01,87.71428571,18,44.19354839,FALSE,null,null,FALSE,Colombo,25.5,18.8,84.66666667,15.7
1/30/2025,7790,4515.567873,-0.429360049,78.19391304,297.55,3.021,3.439,369.312,308.849,41.06,88.28571429,18,44.12903226,FALSE,null,null,FALSE,Colombo,25.6,8.9,88.83333333,14.4
1/31/2025,8376,4515.567873,-0.429360049,78.19391304,298,3.001,3.442,372.955,308.999,41.29,88.85714286,18,44.06451613,FALSE,null,null,FALSE,Colombo,26,4.5,88.45833333,8.1
2/1/2025,9099,4515.567873,-0.429360049,75.193,null,null,null,null,null,null,89.42857143,17,44,FALSE,null,null,FALSE,Colombo,25.8,1.5,88.70833333,10.9
2/2/2025,9096,4515.567873,-0.429360049,75.193,null,null,null,null,null,null,90,17,43.25,FALSE,null,null,FALSE,Colombo,26,0,83.5,11.5
2/3/2025,9974,4515.567873,-0.429360049,75.193,299.55,2.973,3.438,373.823,308.58,41.29,89.42857143,17,42.5,FALSE,null,null,FALSE,Colombo,26.4,0,77.5,12.9
2/4/2025,7897,4515.567873,-0.429360049,75.193,299.55,3.045,3.416,373.381,309.699,41.03,88.85714286,17,41.75,TRUE,Independence Day,null,FALSE,Colombo,25.5,0,80.25,11.9
2/5/2025,8224,4515.567873,-0.429360049,75.193,298.55,3.081,3.403,370.889,310.687,40.89,88.28571429,17,41,FALSE,null,null,FALSE,Colombo,26.6,0.5,75.95833333,14.1
2/6/2025,8236,4515.567873,-0.429360049,75.193,298.25,3.063,3.388,368.902,310.396,40.76,87.71428571,17,40.25,FALSE,null,null,FALSE,Colombo,26.6,0.3,80.04166667,9.6
2/7/2025,9138,4515.567873,-0.429360049,75.193,297.25,3.071,3.392,367.126,309.458,40.61,87.14285714,17,39.5,FALSE,null,null,FALSE,Colombo,28,0,65.5,17.6
2/8/2025,9174,4515.567873,-0.429360049,75.193,null,null,null,null,null,null,86.57142857,17,38.75,FALSE,null,null,FALSE,Colombo,27.7,0,60.04166667,17.2
2/9/2025,8837,4515.567873,-0.429360049,75.193,null,null,null,null,null,null,86,17,38,FALSE,null,null,FALSE,Colombo,27.5,0,58.83333333,21.6
2/10/2025,9300,4515.567873,-0.429360049,75.193,296.8,3.076,3.419,369.584,306.815,40.61,85.71428571,17,37.25,FALSE,null,null,FALSE,Colombo,27.2,0,63.91666667,18.4
2/11/2025,7730,4515.567873,-0.429360049,75.193,296.95,3.157,3.415,369.51,305.779,40.61,85.42857143,17,36.5,FALSE,null,null,FALSE,Colombo,28.1,1,72.20833333,13.8
2/12/2025,7836,4515.567873,-0.429360049,75.193,296.95,3.304,3.41,371.78,307.485,40.56,85.14285714,17,35.75,TRUE,Nawam Full Moon Poya Day,null,FALSE,Colombo,28.5,0.4,73,13.9
2/13/2025,10497,4515.567873,-0.429360049,75.193,295.85,3.243,3.411,371.994,308.138,40.73,84.85714286,17,35,FALSE,null,null,FALSE,Colombo,27.7,0.1,74.33333333,14.3
2/14/2025,9789,4515.567873,-0.429360049,75.193,295.55,3.229,3.402,373.244,309.42,40.67,84.57142857,17,34.25,FALSE,null,null,FALSE,Colombo,27.2,0.4,74.16666667,13.8
2/15/2025,9040,4515.567873,-0.429360049,75.193,null,null,null,null,null,null,84.28571429,17,33.5,FALSE,null,null,FALSE,Colombo,27.6,0,69.79166667,16.1
2/16/2025,7942,4515.567873,-0.429360049,75.193,null,null,null,null,null,null,84,17,32.75,FALSE,null,null,FALSE,Colombo,27.7,0,71.83333333,16.2
2/17/2025,9323,4515.567873,-0.429360049,75.193,295.65,3.233,3.405,373.488,310.009,40.66,83.85714286,17,32,FALSE,null,null,FALSE,Colombo,28.2,1.1,71.125,13.8
2/18/2025,7964,4515.567873,-0.429360049,75.193,296.125,3.311,3.415,373.679,309.743,40.75,83.71428571,17,31.25,FALSE,null,null,FALSE,Colombo,27.9,0.6,73.25,13.3
2/19/2025,8003,4515.567873,-0.429360049,75.193,296.9,3.338,3.417,375.193,309.172,40.79,83.57142857,17,30.5,FALSE,null,null,FALSE,Colombo,27.6,1.1,77.16666667,12.7
2/20/2025,8333,4515.567873,-0.429360049,75.193,296.15,3.339,3.411,373.451,309.295,40.74,83.42857143,17,29.75,FALSE,null,null,FALSE,Colombo,28,0,70.70833333,12.5
2/21/2025,9001,4515.567873,-0.429360049,75.193,295.65,3.368,3.41,373.227,310.8,40.77,83.28571429,17,29,FALSE,null,null,FALSE,Colombo,28,0.8,71.33333333,15.2
2/22/2025,10815,4515.567873,-0.429360049,75.193,null,null,null,null,null,null,83.14285714,17,28.25,FALSE,null,null,FALSE,Colombo,27.6,0.4,73.83333333,12.8
2/23/2025,8738,4515.567873,-0.429360049,75.193,null,null,null,null,null,null,83,17,27.5,FALSE,null,null,FALSE,Colombo,27,1.4,74.08333333,15.4
2/24/2025,8851,4515.567873,-0.429360049,75.193,295.625,3.412,3.391,374.422,309.034,40.74,83,17,26.75,FALSE,null,null,FALSE,Colombo,27.8,3.6,73.125,21.7
2/25/2025,6569,4515.567873,-0.429360049,75.193,295.6,3.403,3.39,374.629,309.323,40.7,83,17,26,FALSE,null,null,FALSE,Colombo,28.9,6.1,69.20833333,17.1
2/26/2025,6450,4515.567873,-0.429360049,75.193,295.6,3.366,3.38,372.093,310.659,40.52,83,17,25.25,TRUE,Maha Sivarathri Day,null,FALSE,Colombo,27.8,6.4,74.79166667,11.3
2/27/2025,6482,4515.567873,-0.429360049,75.193,295.3,3.303,3.375,371.38,309.773,40.52,83,17,24.5,FALSE,null,null,FALSE,Colombo,26.3,9.3,84.20833333,15.8
2/28/2025,7879,4515.567873,-0.429360049,75.193,295.25,3.291,3.382,374.968,306.971,40.52,83,17,23.75,FALSE,null,null,FALSE,Colombo,26.2,14,86.625,13.9
3/1/2025,7667,4515.567873,-0.429360049,71.74142857,null,null,null,null,null,null,83,16,23,FALSE,null,null,FALSE,Colombo,25.8,39.1,89.41666667,10.3
3/2/2025,8375,4515.567873,-0.429360049,71.74142857,null,null,null,null,null,null,83,16,23.4516129,FALSE,null,null,FALSE,Colombo,25.5,14.4,89.16666667,11.6
3/3/2025,8187,4515.567873,-0.429360049,71.74142857,295.25,3.288,3.381,377.694,306.27,40.61,83.85714286,16,23.90322581,FALSE,null,null,FALSE,Colombo,25.5,5.7,88.875,8.8
3/4/2025,6595,4515.567873,-0.429360049,71.74142857,295.2,3.265,3.397,380.742,309.547,40.7,84.71428571,16,24.35483871,FALSE,null,null,FALSE,Colombo,26.3,0,87.33333333,10.5
3/5/2025,6945,4515.567873,-0.429360049,71.74142857,295.275,3.32,3.394,380.772,313.567,40.77,85.57142857,16,24.80645161,FALSE,null,null,FALSE,Colombo,26.9,1.1,84.41666667,8.2
3/6/2025,7311,4515.567873,-0.429360049,71.74142857,295.55,3.282,3.391,381.766,318.462,40.83,86.42857143,16,25.25806452,FALSE,null,null,FALSE,Colombo,27.2,0,83.5,14.2
3/7/2025,8033,4515.567873,-0.429360049,71.74142857,295.45,3.371,3.383,380.496,318.638,40.68,87.28571429,16,25.70967742,FALSE,null,null,FALSE,Colombo,26.8,1.2,81.25,11.8
3/8/2025,9073,4515.567873,-0.429360049,71.74142857,null,null,null,null,null,null,88.14285714,16,26.16129032,FALSE,null,null,FALSE,Colombo,27.4,0,76.04166667,15.5
3/9/2025,8263,4515.567873,-0.429360049,71.74142857,null,null,null,null,null,null,89,16,26.61290323,FALSE,null,null,FALSE,Colombo,27.8,0.1,67.5,14.8
3/10/2025,7439,4515.567873,-0.429360049,71.74142857,295.45,3.45,3.386,382.59,319.977,40.86,88.28571429,16,27.06451613,FALSE,null,null,FALSE,Colombo,28.3,0,67.08333333,21.5
3/11/2025,6127,4515.567873,-0.429360049,71.74142857,295.425,3.388,3.388,382.877,319.977,40.8,87.57142857,16,27.51612903,FALSE,null,null,FALSE,Colombo,25.9,12.4,87.75,13.6
3/12/2025,6383,4515.567873,-0.429360049,71.74142857,295.35,3.424,3.396,382.464,322.518,40.76,86.85714286,16,27.96774194,FALSE,null,null,FALSE,Colombo,27.1,0.5,81.75,9.7
3/13/2025,7457,4515.567873,-0.429360049,71.74142857,295.35,3.465,3.408,383.349,321.464,40.93,86.14285714,16,28.41935484,TRUE,Medin Full Moon Poya Day,null,FALSE,Colombo,27.1,2.3,81.625,9.9
3/14/2025,7897,4515.567873,-0.429360049,71.74142857,296.4,3.55,3.417,385.036,320.46,40.96,85.42857143,16,28.87096774,FALSE,null,null,FALSE,Colombo,27.1,3.3,82.70833333,11.4
3/15/2025,7778,4515.567873,-0.429360049,71.74142857,null,null,null,null,null,null,84.71428571,16,29.32258065,FALSE,null,null,FALSE,Colombo,26.7,15.3,82.58333333,9.9
3/16/2025,7752,4515.567873,-0.429360049,71.74142857,null,null,null,null,null,null,84,16,29.77419355,FALSE,null,null,FALSE,Colombo,26.4,1.3,84.04166667,6.9
3/17/2025,8002,4515.567873,-0.429360049,71.74142857,296.375,3.621,3.421,384.927,322.345,40.94,83.42857143,16,30.22580645,FALSE,null,null,FALSE,Colombo,26.8,0.6,83.83333333,9.2
3/18/2025,6589,4515.567873,-0.429360049,71.74142857,296.075,3.527,3.432,385.424,323.589,40.97,82.85714286,16,30.67741935,FALSE,null,null,FALSE,Colombo,27.4,1.3,80.08333333,14.3
3/19/2025,6594,4515.567873,-0.429360049,71.74142857,296.4,3.49,3.433,384.407,323.913,40.89,82.28571429,16,31.12903226,FALSE,null,null,FALSE,Colombo,26.7,7.5,85.41666667,8.3
3/20/2025,6516,4515.567873,-0.429360049,71.74142857,296.45,3.506,3.445,382.78,322.997,40.87,81.71428571,16,31.58064516,FALSE,null,null,FALSE,Colombo,27.1,0.2,83.33333333,10
3/21/2025,8228,4515.567873,-0.429360049,71.74142857,296.35,3.537,3.466,383.458,321.624,40.89,81.14285714,16,32.03225806,FALSE,null,null,FALSE,Colombo,27.6,2.7,80.20833333,11.5
3/22/2025,7479,4515.567873,-0.429360049,71.74142857,null,null,null,null,null,null,80.57142857,16,32.48387097,FALSE,null,null,FALSE,Colombo,27.4,0.8,80.125,10.6
3/23/2025,7627,4515.567873,-0.429360049,71.74142857,null,null,null,null,null,null,80,16,32.93548387,FALSE,null,null,FALSE,Colombo,27.5,1.9,79.125,11.2
3/24/2025,7058,4515.567873,-0.429360049,71.74142857,296.725,3.502,3.461,383.79,320.419,40.83,80,16,33.38709677,FALSE,null,null,FALSE,Colombo,27.5,3.7,79.20833333,10.9
3/25/2025,5789,4515.567873,-0.429360049,71.74142857,296.5,3.524,3.458,381.899,320.382,40.76,80,16,33.83870968,FALSE,null,null,FALSE,Colombo,27.7,0.8,80.33333333,9
3/26/2025,6819,4515.567873,-0.429360049,71.74142857,296.31,3.505,3.458,383.614,319.845,40.76,80,16,34.29032258,FALSE,null,null,FALSE,Colombo,27.5,4,79.95833333,12.8
3/27/2025,7010,4515.567873,-0.429360049,71.74142857,296.25,3.486,3.462,383.342,318.539,40.77,80,16,34.74193548,FALSE,null,null,FALSE,Colombo,28.3,0.1,73.25,13.4
3/28/2025,8619,4515.567873,-0.429360049,71.74142857,296.2,3.568,3.465,382.646,319.926,40.8,80,16,35.19354839,FALSE,null,null,FALSE,Colombo,28.7,1.3,71.45833333,11.3
3/29/2025,8259,4515.567873,-0.429360049,71.74142857,null,null,null,null,null,null,80,16,35.64516129,FALSE,null,null,FALSE,Colombo,28.9,0.3,69.04166667,12.9
3/30/2025,7143,4515.567873,-0.429360049,71.74142857,null,null,null,null,null,null,80,16,36.09677419,FALSE,null,null,FALSE,Colombo,28.9,1.1,66.91666667,11.5
3/31/2025,6284,4515.567873,-0.429360049,71.74142857,296.2,3.503,3.458,382.603,320.642,40.71,81,16,36.5483871,TRUE,Eid al-Fitr,null,FALSE,Colombo,28.3,1.6,71,14.2
4/1/2025,5540,4515.567873,-0.429360049,66.92727273,296.075,3.513,3.463,385.058,320.345,40.72,82,17,37,FALSE,null,null,FALSE,Colombo,28.5,0.9,70.16666667,14.4
4/2/2025,5540,4515.567873,-0.429360049,66.92727273,296.05,3.529,3.479,388.888,319.473,40.75,83,17,37.1,FALSE,null,null,FALSE,Colombo,27.9,11.4,77.95833333,11.8
4/3/2025,5540,4515.567873,-0.429360049,66.92727273,296.85,3.51,3.467,382.491,321.308,40.73,84,17,37.2,FALSE,null,null,FALSE,Colombo,27.1,4.3,82.33333333,9.8
4/4/2025,5540,4515.567873,-0.429360049,66.92727273,296.7,3.456,3.466,379.041,327.964,40.74,85,17,37.3,FALSE,null,null,FALSE,Colombo,26.2,7.6,85.83333333,10.8
4/5/2025,5817,4515.567873,-0.429360049,66.92727273,null,null,null,null,null,null,86,17,37.4,FALSE,null,null,FALSE,Colombo,26.5,19.8,84.79166667,9.5
4/6/2025,6094,4515.567873,-0.429360049,66.92727273,null,null,null,null,null,null,87,17,37.5,FALSE,null,null,FALSE,Colombo,26.7,8,86.625,12.4
4/7/2025,5263,4515.567873,-0.429360049,66.92727273,298,3.489,3.472,382.661,324.925,40.81,88.14285714,17,37.6,FALSE,null,null,FALSE,Colombo,26.6,3,86.83333333,14.4
4/8/2025,5540,4515.567873,-0.429360049,66.92727273,299.75,3.491,3.47,385.746,324.667,40.92,89.28571429,17,37.7,FALSE,null,null,FALSE,Colombo,27.1,1.7,85.16666667,11.6
4/9/2025,5540,4515.567873,-0.429360049,66.92727273,301,3.557,3.445,385.843,328.132,40.6,90.42857143,17,37.8,FALSE,null,null,FALSE,Colombo,26.5,6.9,87.20833333,14.7
4/10/2025,5540,4515.567873,-0.429360049,66.92727273,297.5,3.578,3.456,389.96,329.351,40.85,91.57142857,17,37.9,FALSE,null,null,FALSE,Colombo,25.4,15.6,90,13.1
4/11/2025,5540,4515.567873,-0.429360049,66.92727273,298.1,3.621,3.461,393.194,332.551,40.73,92.71428571,17,38,FALSE,null,null,FALSE,Colombo,25.7,17.9,89.25,13.5
4/12/2025,5817,4515.567873,-0.429360049,66.92727273,null,null,null,null,null,null,93.85714286,17,38.1,TRUE,Bak Full Moon Poya Day,null,FALSE,Colombo,27.3,5.5,83.25,16
4/13/2025,6094,4515.567873,-0.429360049,66.92727273,null,null,null,null,null,null,95,17,38.2,TRUE,Day Before Sinhala and Tamil New Year,null,FALSE,Colombo,27.4,4.6,85.29166667,14.2
4/14/2025,5263,4515.567873,-0.429360049,66.92727273,298.1,3.565,3.475,394.402,338.414,40.72,92.71428571,17,38.3,TRUE,Sinhala and Tamil New Year,null,FALSE,Colombo,27.3,2,86.70833333,10.2
4/15/2025,5540,4515.567873,-0.429360049,66.92727273,298.1,3.595,3.484,395.259,338.087,40.84,90.42857143,17,38.4,FALSE,null,null,FALSE,Colombo,27.2,2,84.95833333,11
4/16/2025,5545,4515.567873,-0.429360049,66.92727273,298.5,3.637,3.499,396.687,336.061,40.93,88.14285714,17,38.5,FALSE,null,null,FALSE,Colombo,28,0.2,80.45833333,11.5
4/17/2025,5540,4515.567873,-0.429360049,66.92727273,299.025,3.639,3.496,397.599,340.116,40.93,85.85714286,17,38.6,FALSE,null,null,FALSE,Colombo,28.7,0.7,78.375,12.5
4/18/2025,5540,4515.567873,-0.429360049,66.92727273,299.025,3.693,3.512,400.289,339.583,41.02,83.57142857,17,38.7,TRUE,Good Friday,null,FALSE,Colombo,28.7,0.4,74.875,15.9
4/19/2025,5817,4515.567873,-0.429360049,66.92727273,null,null,null,null,null,null,81.28571429,17,38.8,FALSE,null,null,FALSE,Colombo,29,3.7,73.08333333,16.6
4/20/2025,6094,4515.567873,-0.429360049,66.92727273,null,null,null,null,null,null,79,17,38.9,FALSE,null,null,FALSE,Colombo,28.3,4.7,78.16666667,15.9
4/21/2025,5263,4515.567873,-0.429360049,66.92727273,299.225,3.678,3.52,399.73,340.42,41.01,78.71428571,17,39,FALSE,null,null,FALSE,Colombo,27.7,2.3,82.54166667,11.9
4/22/2025,5540,4515.567873,-0.429360049,66.92727273,299.85,3.611,3.511,397.208,344.439,41.13,78.42857143,17,39.1,FALSE,null,null,FALSE,Colombo,27.5,3,82.75,14.8
4/23/2025,5540,4515.567873,-0.429360049,66.92727273,299.7,3.605,3.515,400.224,342.444,41.15,78.14285714,17,39.2,FALSE,null,null,FALSE,Colombo,27.7,2.5,82.16666667,15.9
4/24/2025,5540,4515.567873,-0.429360049,66.92727273,299.95,3.626,3.509,398.933,339.111,41.11,77.85714286,17,39.3,FALSE,null,null,FALSE,Colombo,28,3.3,81.95833333,13.8
4/25/2025,5540,4515.567873,-0.429360049,66.92727273,299.6,3.625,3.518,402.678,341.628,41.07,77.57142857,17,39.4,FALSE,null,null,FALSE,Colombo,27.2,7.9,84.41666667,10.2
4/26/2025,5817,4515.567873,-0.429360049,66.92727273,null,null,null,null,null,null,77.28571429,17,39.5,FALSE,null,null,FALSE,Colombo,27.5,1.4,80.25,13.8
4/27/2025,6094,4515.567873,-0.429360049,66.92727273,null,null,null,null,null,null,77,17,39.6,FALSE,null,null,FALSE,Colombo,27.7,7,80.16666667,12.1
4/28/2025,5263,4515.567873,-0.429360049,66.92727273,299.6,3.652,3.517,401.555,340.496,41.2,76.85714286,17,39.7,FALSE,null,null,FALSE,Colombo,27.7,3.9,80.58333333,14.8
4/29/2025,5540,4515.567873,-0.429360049,66.92727273,299.5,3.652,3.54,399.215,342.203,41.19,76.71428571,17,39.8,FALSE,null,null,FALSE,Colombo,27.6,10.6,80.33333333,17.6
4/30/2025,5540,4515.567873,-0.429360049,66.92727273,299.475,3.652,3.54,397.763,340.996,41.19,76.57142857,17,39.9,FALSE,null,null,FALSE,Colombo,26.2,14.2,87.41666667,13.8
5/1/2025,4016,4515.567873,-0.429360049,64.09272727,299.475,3.619,3.543,397.511,339.261,41.19,76.42857143,19,40,TRUE,International Workers' Day,null,FALSE,Colombo,27.4,1.5,84.91666667,13.5
5/2/2025,4016,4515.567873,-0.429360049,64.09272727,299.5,3.684,3.553,398.141,338.182,41.19,76.28571429,19,39.96774194,FALSE,null,null,FALSE,Colombo,27.9,3.7,82.41666667,12.3
5/3/2025,4217,4515.567873,-0.429360049,64.09272727,null,null,null,null,null,null,76.14285714,19,39.93548387,FALSE,null,null,FALSE,Colombo,27.4,10.6,84.66666667,11.7
5/4/2025,4418,4515.567873,-0.429360049,64.09272727,null,null,null,null,null,null,76,19,39.90322581,FALSE,null,null,FALSE,Colombo,28.4,2,79.91666667,13.4
5/5/2025,3816,4515.567873,-0.429360049,64.09272727,299.5,3.675,3.553,400.402,338.316,41.5,76.14285714,19,39.87096774,FALSE,null,null,FALSE,Colombo,28.4,1.9,81.16666667,15.6
5/6/2025,4016,4515.567873,-0.429360049,64.09272727,299.5,3.713,3.533,397.881,338.87,41.43,76.28571429,19,39.83870968,FALSE,null,null,FALSE,Colombo,28.1,1.6,80.45833333,14.9
5/7/2025,4016,4515.567873,-0.429360049,64.09272727,299.35,3.63,3.497,396.233,340.547,41.34,76.42857143,19,39.80645161,FALSE,null,null,FALSE,Colombo,26.5,20.3,87,15.3
5/8/2025,4016,4515.567873,-0.429360049,64.09272727,299.1,3.622,3.499,397.635,338.371,41.3,76.57142857,19,39.77419355,FALSE,null,null,FALSE,Colombo,27.3,4.1,82.375,13.9
5/9/2025,4016,4515.567873,-0.429360049,64.09272727,298.85,3.69,3.521,393.765,335.83,41.49,76.71428571,19,39.74193548,FALSE,null,null,FALSE,Colombo,28.1,0.3,80.875,14.6
5/10/2025,4217,4515.567873,-0.429360049,64.09272727,null,null,null,null,null,null,76.85714286,19,39.70967742,FALSE,null,null,FALSE,Colombo,28.6,1.7,80.5,15.7
5/11/2025,4418,4515.567873,-0.429360049,64.09272727,null,null,null,null,null,null,77,19,39.67741935,FALSE,null,null,FALSE,Colombo,28.7,1.2,77.16666667,16
5/12/2025,3816,4515.567873,-0.429360049,64.09272727,298.85,3.743,3.505,397.695,336.147,41.47,75,19,39.64516129,TRUE,Vesak Full Moon Poya Day,null,FALSE,Colombo,28.2,4.6,80.20833333,18.4
5/13/2025,4016,4515.567873,-0.429360049,64.09272727,298.85,3.716,3.497,396.1,331.35,41.43,73,19,39.61290323,TRUE,Day Following Vesak Full Moon Poya Day,null,FALSE,Colombo,27.9,7.9,82.66666667,14.1
5/14/2025,4016,4515.567873,-0.429360049,64.09272727,298.65,3.731,3.489,397.035,334.279,41.42,71,19,39.58064516,FALSE,null,null,FALSE,Colombo,27.9,10.8,84.25,19.9
5/15/2025,4016,4515.567873,-0.429360049,64.09272727,298.5,3.693,3.499,397.107,333.742,41.49,69,19,39.5483871,FALSE,null,null,FALSE,Colombo,28.2,2.6,81.375,17.3
5/16/2025,4022,4515.567873,-0.429360049,64.09272727,299.15,3.715,3.513,400.845,333.992,41.58,67,19,39.51612903,FALSE,null,null,FALSE,Colombo,28.5,7,79.20833333,17.7
5/17/2025,4217,4515.567873,-0.429360049,64.09272727,null,null,null,null,null,null,65,19,39.48387097,FALSE,null,null,FALSE,Colombo,27.5,8.3,81.70833333,15.4
5/18/2025,4418,4515.567873,-0.429360049,64.09272727,null,null,null,null,null,null,63,19,39.4516129,FALSE,null,null,FALSE,Colombo,26.4,13.7,89.125,15.5
5/19/2025,3816,4515.567873,-0.429360049,64.09272727,300,3.725,3.511,402.274,333.956,41.6,62.85714286,19,39.41935484,FALSE,null,null,FALSE,Colombo,26.6,18.4,86.875,20
5/20/2025,4016,4515.567873,-0.429360049,64.09272727,300.35,3.756,3.499,401.996,337.305,41.59,62.71428571,19,39.38709677,FALSE,null,null,FALSE,Colombo,27.9,10,80.375,20.9
5/21/2025,4016,4515.567873,-0.429360049,64.09272727,299.55,3.757,3.481,401.665,338.885,41.55,62.57142857,19,39.35483871,FALSE,null,null,FALSE,Colombo,27.7,8.5,82.375,18.1
5/22/2025,4016,4515.567873,-0.429360049,64.09272727,299.325,3.766,3.514,405.313,339.42,41.7,62.42857143,19,39.32258065,FALSE,null,null,FALSE,Colombo,27.9,18.9,85.875,15.4
5/23/2025,4016,4515.567873,-0.429360049,64.09272727,299.4,3.758,3.522,406.498,337.654,41.7,62.28571429,19,39.29032258,FALSE,null,null,FALSE,Colombo,27.9,7.7,85.08333333,18.2
5/24/2025,4217,4515.567873,-0.429360049,64.09272727,null,null,null,null,null,null,62.14285714,19,39.25806452,FALSE,null,null,FALSE,Colombo,27,33.1,86.375,20.4
5/25/2025,4418,4515.567873,-0.429360049,64.09272727,null,null,null,null,null,null,62,19,39.22580645,FALSE,null,null,FALSE,Colombo,27.8,5.8,84.20833333,21.2
5/26/2025,3816,4515.567873,-0.429360049,64.09272727,299.7,3.733,3.511,404.67,340.268,41.64,62.57142857,19,39.19354839,FALSE,null,null,FALSE,Colombo,27.6,13.3,85.25,23
5/27/2025,4016,4515.567873,-0.429360049,64.09272727,299.6,3.749,3.506,403.299,341.298,41.62,63.14285714,19,39.16129032,FALSE,null,null,FALSE,Colombo,27.6,7.4,84.75,23.9
5/28/2025,4016,4515.567873,-0.429360049,64.09272727,299.45,3.892,3.504,403.756,339.417,41.65,63.71428571,19,39.12903226,FALSE,null,null,FALSE,Colombo,28.6,3.4,80.70833333,26.9
5/29/2025,4016,4515.567873,-0.429360049,64.09272727,299.3,3.864,3.501,403.075,338.169,41.59,64.28571429,19,39.09677419,FALSE,null,null,FALSE,Colombo,28.3,11.9,80.5,27.4
5/30/2025,4016,4515.567873,-0.429360049,64.09272727,299.45,3.779,3.509,405.643,340.364,41.6,64.85714286,19,39.06451613,FALSE,null,null,FALSE,Colombo,26.9,17.7,85.20833333,28.6
5/31/2025,4217,4515.567873,-0.429360049,64.09272727,null,null,null,null,null,null,65.42857143,19,39.03225806,FALSE,null,null,FALSE,Colombo,27.5,14.3,83.70833333,22.7
6/1/2025,4563,4515.567873,-0.429360049,69.84666667,null,null,null,null,null,null,66,19,39,FALSE,null,null,FALSE,Colombo,28.3,3.9,82.625,19.8
6/2/2025,3941,4515.567873,-0.429360049,69.84666667,299.5,3.791,3.493,404.647,339.816,41.65,66.71428571,19,38.9,FALSE,null,null,FALSE,Colombo,27.7,7.3,83.95833333,17.3
6/3/2025,4148,4515.567873,-0.429360049,69.84666667,299.35,3.777,3.485,405.672,342.688,41.66,67.42857143,19,38.8,FALSE,null,null,FALSE,Colombo,28.2,2.9,81.625,16.3
6/4/2025,4148,4515.567873,-0.429360049,69.84666667,299.3,3.873,3.485,405.962,340.391,41.69,68.14285714,19,38.7,FALSE,null,null,FALSE,Colombo,27.1,6.9,88,17.3
6/5/2025,4148,4515.567873,-0.429360049,69.84666667,299.15,3.793,3.486,404.465,341.726,41.6,68.85714286,19,38.6,FALSE,null,null,FALSE,Colombo,27.7,4.8,84.66666667,20
6/6/2025,4148,4515.567873,-0.429360049,69.84666667,299.05,3.786,3.491,405.213,342.377,41.64,69.57142857,19,38.5,FALSE,null,null,FALSE,Colombo,27.9,3.3,81.79166667,16.2
6/7/2025,4356,4515.567873,-0.429360049,69.84666667,null,null,null,null,null,null,70.28571429,19,38.4,TRUE,Eid al-Adha,null,FALSE,Colombo,27.9,2,78.75,18
6/8/2025,4563,4515.567873,-0.429360049,69.84666667,null,null,null,null,null,null,71,19,38.3,FALSE,null,null,FALSE,Colombo,28.1,1.5,78.08333333,17
6/9/2025,3941,4515.567873,-0.429360049,69.84666667,299.05,3.811,3.494,403.658,340.768,41.61,70,19,38.2,FALSE,null,null,FALSE,Colombo,28.3,2.8,76.25,21.9
6/10/2025,4148,4515.567873,-0.429360049,69.84666667,299.05,3.76,3.498,404.924,341.575,41.56,69,19,38.1,TRUE,Poson Full Moon Poya Day,null,FALSE,Colombo,26.3,21.1,88.95833333,23.3
6/11/2025,4148,4515.567873,-0.429360049,69.84666667,298.925,3.738,3.494,407.112,341.665,41.69,68,19,38,FALSE,null,null,FALSE,Colombo,26.2,40.7,87.33333333,22.3
6/12/2025,4148,4515.567873,-0.429360049,69.84666667,299.05,3.762,3.482,406.761,343.39,41.75,67,19,37.9,FALSE,null,null,FALSE,Colombo,26.9,13.3,82.875,20.8
6/13/2025,4148,4515.567873,-0.429360049,69.84666667,299.85,3.826,3.505,408.464,346.45,41.9,66,19,37.8,FALSE,null,null,FALSE,Colombo,26.7,24.5,85.625,22.2
6/14/2025,4356,4515.567873,-0.429360049,69.84666667,null,null,null,null,null,null,65,19,37.7,FALSE,null,null,FALSE,Colombo,26,29.8,88.70833333,22
6/15/2025,4563,4515.567873,-0.429360049,69.84666667,null,null,null,null,null,null,64,19,37.6,FALSE,null,null,FALSE,Colombo,26.1,16.5,86.41666667,20.1
6/16/2025,3944,4515.567873,-0.429360049,69.84666667,300.85,3.831,3.484,403.847,346.402,41.86,64.42857143,19,37.5,FALSE,null,null,FALSE,Colombo,26.5,27.1,85.125,18.6
6/17/2025,4148,4515.567873,-0.429360049,69.84666667,300.75,3.828,3.477,403.317,347.843,41.8,64.85714286,19,37.4,FALSE,null,null,FALSE,Colombo,26.8,10,85.95833333,15.4
6/18/2025,4148,4515.567873,-0.429360049,69.84666667,300.5,3.836,3.462,404.901,345.276,41.82,65.28571429,19,37.3,FALSE,null,null,FALSE,Colombo,27.5,1.3,83.66666667,14.1
6/19/2025,4148,4515.567873,-0.429360049,69.84666667,300.65,3.828,3.471,404.173,345.004,41.85,65.71428571,19,37.2,FALSE,null,null,FALSE,Colombo,27.4,3.2,84.54166667,16
6/20/2025,4148,4515.567873,-0.429360049,69.84666667,300.5,3.837,3.479,407.324,345.597,41.95,66.14285714,19,37.1,FALSE,null,null,FALSE,Colombo,27,5.9,85.16666667,15.7
6/21/2025,4356,4515.567873,-0.429360049,69.84666667,null,null,null,null,null,null,66.57142857,19,37,FALSE,null,null,FALSE,Colombo,27.1,6,85.08333333,17.8
6/22/2025,4563,4515.567873,-0.429360049,69.84666667,null,null,null,null,null,null,67,19,36.9,FALSE,null,null,FALSE,Colombo,27.5,5.1,82.08333333,20
6/23/2025,3941,4515.567873,-0.429360049,69.84666667,301.175,3.834,3.496,409.078,346.251,41.89,68,19,36.8,FALSE,null,null,FALSE,Colombo,27.1,4.8,86.41666667,17.1
6/24/2025,4148,4515.567873,-0.429360049,69.84666667,300.45,3.836,3.489,410.14,348.671,41.82,69,19,36.7,FALSE,null,null,FALSE,Colombo,27.8,2.8,82.29166667,22.5
6/25/2025,4148,4515.567873,-0.429360049,69.84666667,300.15,3.809,3.503,411.817,348.808,41.85,70,19,36.6,FALSE,null,null,FALSE,Colombo,27.3,6.8,83.70833333,17.8
6/26/2025,4148,4515.567873,-0.429360049,69.84666667,299.95,3.82,3.509,411.26,349.96,41.81,71,19,36.5,FALSE,null,null,FALSE,Colombo,26,20.7,89.25,14.4
6/27/2025,4148,4515.567873,-0.429360049,69.84666667,299.85,3.836,3.501,412.05,350.957,41.88,72,19,36.4,FALSE,null,null,FALSE,Colombo,26.8,7.2,87.16666667,16.5
6/28/2025,4356,4515.567873,-0.429360049,69.84666667,null,null,null,null,null,null,73,19,36.3,FALSE,null,null,FALSE,Colombo,26.1,14.2,88.875,13.5
6/29/2025,4563,4515.567873,-0.429360049,69.84666667,null,null,null,null,null,null,74,19,36.2,FALSE,null,null,FALSE,Colombo,27.1,6,84.875,13.5
6/30/2025,3941,4515.567873,-0.429360049,69.84666667,300,3.821,3.503,412.327,351.424,41.86,74.42857143,19,36.1,FALSE,null,null,FALSE,Colombo,27.9,0.8,81.875,18
7/1/2025,6705,4515.567873,-0.429360049,69.84666667,299.95,3.8,3.503,409.023,353.625,41.86,74.85714286,18,36,FALSE,null,null,FALSE,Colombo,27.9,2,78.625,18.1
7/2/2025,6705,4515.567873,-0.429360049,69.84666667,299.925,3.793,3.511,409.563,354.136,41.84,75.28571429,18,36.16129032,FALSE,null,null,FALSE,Colombo,27.7,1.9,81.95833333,14.6
7/3/2025,6705,4515.567873,-0.429360049,69.84666667,299.925,3.81,3.509,409.639,353.867,41.87,75.71428571,18,36.32258065,FALSE,null,null,FALSE,Colombo,27,10.8,86.16666667,14.7
7/4/2025,6705,4515.567873,-0.429360049,69.84666667,300.025,3.828,3.513,409.685,352.607,41.99,76.14285714,18,36.48387097,FALSE,null,null,FALSE,Colombo,27.5,1.2,84.29166667,11.9
7/5/2025,7040,4515.567873,-0.429360049,69.84666667,null,null,null,null,null,null,76.57142857,18,36.64516129,FALSE,null,Kandy Perahera,TRUE,Colombo,28,2.1,82.79166667,17.3
7/6/2025,7375,4515.567873,-0.429360049,69.84666667,null,null,null,null,null,null,77,18,36.80645161,FALSE,null,Kandy Perahera,TRUE,Colombo,27.6,5.5,80.5,18.2
7/7/2025,6369,4515.567873,-0.429360049,69.84666667,301.25,3.829,3.505,408.591,353.4,41.9,76.42857143,18,36.96774194,FALSE,null,Kandy Perahera,TRUE,Colombo,28.5,1.4,75.25,20.2
7/8/2025,6705,4515.567873,-0.429360049,69.84666667,300.6,3.843,3.506,408.199,352.719,41.84,75.85714286,18,37.12903226,FALSE,null,Kandy Perahera,TRUE,Colombo,28.6,0.4,76.45833333,18.5
7/9/2025,6705,4515.567873,-0.429360049,69.84666667,300.4,3.874,3.503,407.838,352.453,41.87,75.28571429,18,37.29032258,FALSE,null,Kandy Perahera,TRUE,Colombo,28.5,3.5,77.08333333,19.4
7/10/2025,6705,4515.567873,-0.429360049,69.84666667,300.4,3.857,3.503,405.893,352.099,41.94,74.71428571,18,37.4516129,TRUE,Esala Full Moon Poya Day,Kandy Perahera,TRUE,Colombo,27.8,4.1,82.45833333,16.9
7/11/2025,6705,4515.567873,-0.429360049,69.84666667,300.65,3.853,3.498,404.049,351.483,41.98,74.14285714,18,37.61290323,FALSE,null,Kandy Perahera,TRUE,Colombo,28.3,2.1,75.79166667,27.1
7/12/2025,7040,4515.567873,-0.429360049,69.84666667,null,null,null,null,null,null,73.57142857,18,37.77419355,FALSE,null,Kandy Perahera,TRUE,Colombo,28.1,6.1,78.41666667,19.9
7/13/2025,7375,4515.567873,-0.429360049,69.84666667,null,null,null,null,null,null,73,18,37.93548387,FALSE,null,Kandy Perahera,TRUE,Colombo,28,12.4,79.45833333,21.1
7/14/2025,6369,4515.567873,-0.429360049,69.84666667,300.9,3.854,3.5,402.743,351.46,41.95,73.71428571,18,38.09677419,FALSE,null,null,FALSE,Colombo,27,24.3,84.79166667,19.6
7/15/2025,6705,4515.567873,-0.429360049,69.84666667,300.925,3.847,3.51,404.621,350.985,41.99,74.42857143,18,38.25806452,FALSE,null,null,FALSE,Colombo,27.4,2.5,82.04166667,19.6
7/16/2025,6701,4515.567873,-0.429360049,69.84666667,301.45,3.862,3.504,404.426,349.103,41.96,75.14285714,18,38.41935484,FALSE,null,null,FALSE,Colombo,26.7,44.3,86.25,18
7/17/2025,6705,4515.567873,-0.429360049,69.84666667,301.45,3.832,3.502,404.468,350.737,42.02,75.85714286,18,38.58064516,FALSE,null,null,FALSE,Colombo,27.5,3.6,80.125,23.4
7/18/2025,6705,4515.567873,-0.429360049,69.84666667,301.65,3.859,3.501,407.121,349.562,42.05,76.57142857,18,38.74193548,FALSE,null,null,FALSE,Colombo,27.1,9.4,84.08333333,26.5
7/19/2025,7040,4515.567873,-0.429360049,69.84666667,null,null,null,null,null,null,77.28571429,18,38.90322581,FALSE,null,null,FALSE,Colombo,26.6,11.7,84.79166667,26.7
7/20/2025,7375,4515.567873,-0.429360049,69.84666667,null,null,null,null,null,null,78,18,39.06451613,FALSE,null,null,FALSE,Colombo,26.1,14.3,85.79166667,24.3
7/21/2025,6369,4515.567873,-0.429360049,69.84666667,301.75,3.844,3.496,408.358,350.699,42.06,78.85714286,18,39.22580645,FALSE,null,null,FALSE,Colombo,25.8,22.4,87.83333333,19.2
7/22/2025,6705,4515.567873,-0.429360049,69.84666667,301.75,3.848,3.493,409.754,352.912,42.14,79.71428571,18,39.38709677,FALSE,null,null,FALSE,Colombo,26.2,19.3,87.125,18.6
7/23/2025,6705,4515.567873,-0.429360049,69.84666667,301.7,3.808,3.494,407.698,354.692,42.18,80.57142857,18,39.5483871,FALSE,null,null,FALSE,Colombo,26.2,10.8,86.08333333,18.2
7/24/2025,6705,4515.567873,-0.429360049,69.84666667,301.775,3.801,3.49,405.641,355.161,42.11,81.42857143,18,39.70967742,FALSE,null,null,FALSE,Colombo,26.3,12.7,85.33333333,23.6
7/25/2025,6705,4515.567873,-0.429360049,69.84666667,301.85,3.712,3.483,403.315,354.541,42.07,82.28571429,18,39.87096774,FALSE,null,null,FALSE,Colombo,26.3,4.1,86.29166667,18.5
7/26/2025,7040,4515.567873,-0.429360049,69.84666667,null,null,null,null,null,null,83.14285714,18,40.03225806,FALSE,null,null,FALSE,Colombo,26,25.9,86.16666667,15.3
7/27/2025,7375,4515.567873,-0.429360049,69.84666667,null,null,null,null,null,null,84,18,40.19354839,FALSE,null,null,FALSE,Colombo,26.4,0.3,85.83333333,16.2
7/28/2025,6369,4515.567873,-0.429360049,69.84666667,301.95,3.725,3.468,403.349,354.432,42.09,84.42857143,18,40.35483871,FALSE,null,null,FALSE,Colombo,26.9,0.6,86.16666667,18.8
7/29/2025,6705,4515.567873,-0.429360049,69.84666667,302.1,3.73,3.446,400.02,349.93,42,84.85714286,18,40.51612903,FALSE,null,null,FALSE,Colombo,27,0.1,84.29166667,15.9
7/30/2025,6705,4515.567873,-0.429360049,69.84666667,302.175,3.727,3.453,399.182,348.804,41.98,85.28571429,18,40.67741935,FALSE,null,Kandy Esala Perahera (Kandy),TRUE,Colombo,26.8,0,85.91666667,15.5
7/31/2025,6705,4515.567873,-0.429360049,69.84666667,302.25,3.765,3.453,400.011,344.646,41.77,85.71428571,18,40.83870968,FALSE,null,Kandy Esala Perahera (Kandy),TRUE,Colombo,27,2.3,85.54166667,18.6
8/1/2025,6339,4515.567873,-0.429360049,69.84666667,301.225,3.77,3.432,399.746,345.034,41.92,86.14285714,21,41,FALSE,null,Kandy Esala Perahera (Kandy),TRUE,Colombo,26.9,6.8,87.20833333,19.1
8/2/2025,6656,4515.567873,-0.429360049,69.84666667,null,null,null,null,null,null,86.57142857,21,40.96774194,FALSE,null,Kandy Esala Perahera (Kandy),TRUE,Colombo,26.5,6.6,86.41666667,20
8/3/2025,6973,4515.567873,-0.429360049,69.84666667,null,null,null,null,null,null,87,21,40.93548387,FALSE,null,Kandy Esala Perahera (Kandy),TRUE,Colombo,25.9,16.8,88.79166667,17.7
8/4/2025,6022,4515.567873,-0.429360049,69.84666667,300.9,3.759,3.424,400.013,348.984,41.86,87.28571429,21,40.90322581,FALSE,null,Kandy Esala Perahera (Kandy),TRUE,Colombo,26.6,3.3,84.375,21.1
8/5/2025,6339,4515.567873,-0.429360049,69.84666667,300.75,3.759,3.428,401.712,348.171,41.87,87.57142857,21,40.87096774,FALSE,null,Kandy Esala Perahera (Kandy),TRUE,Colombo,26.3,9.4,84.91666667,17.2
8/6/2025,6339,4515.567873,-0.429360049,69.84666667,300.75,3.794,3.439,404.216,348.133,41.87,87.85714286,21,40.83870968,FALSE,null,Kandy Esala Perahera (Kandy),TRUE,Colombo,26.6,1.2,84.66666667,18.9
8/7/2025,6339,4515.567873,-0.429360049,69.84666667,300.7,3.759,3.437,404.457,350.66,41.86,88.14285714,21,40.80645161,FALSE,null,Kandy Esala Perahera (Kandy),TRUE,Colombo,26.7,3.3,85.25,17
8/8/2025,6339,4515.567873,-0.429360049,69.84666667,300.7,3.784,3.432,404.049,350.782,41.84,88.42857143,21,40.77419355,TRUE,Nikini Full Moon Poya Day,Kandy Esala Perahera (Kandy),TRUE,Colombo,26.9,2.6,83.20833333,16.3
8/9/2025,6656,4515.567873,-0.429360049,69.84666667,null,null,null,null,null,null,88.71428571,21,40.74193548,FALSE,null,Kandy Esala Perahera (Kandy) | Nallur Kandaswamy Kovil Festival (Jaffna),TRUE,Colombo,26.7,0.7,83.875,14.5
8/10/2025,6973,4515.567873,-0.429360049,69.84666667,null,null,null,null,null,null,89,21,40.70967742,FALSE,null,Nallur Kandaswamy Kovil Festival (Jaffna),TRUE,Colombo,26.9,3.1,81.29166667,19.5
8/11/2025,6022,4515.567873,-0.429360049,69.84666667,300.8,3.789,3.436,406.369,350.015,41.93,87.42857143,21,40.67741935,FALSE,null,Nallur Kandaswamy Kovil Festival (Jaffna),TRUE,Colombo,25.6,8.8,87.54166667,14.2
8/12/2025,6339,4515.567873,-0.429360049,69.84666667,301.025,3.787,3.44,408.419,349.395,41.93,85.85714286,21,40.64516129,FALSE,null,Nallur Kandaswamy Kovil Festival (Jaffna),TRUE,Colombo,26.4,5.1,83.66666667,22
8/13/2025,6339,4515.567873,-0.429360049,69.84666667,300.85,3.775,3.433,407.46,351.402,41.93,84.28571429,21,40.61290323,FALSE,null,Nallur Kandaswamy Kovil Festival (Jaffna),TRUE,Colombo,26.5,4.9,84.375,19.6
8/14/2025,6339,4515.567873,-0.429360049,69.84666667,301.075,3.756,3.44,407.971,352.175,41.91,82.71428571,21,40.58064516,FALSE,null,Nallur Kandaswamy Kovil Festival (Jaffna),TRUE,Colombo,26.4,5.9,84.625,16.2
8/15/2025,6339,4515.567873,-0.429360049,69.84666667,301.03,3.752,3.449,406.606,350.693,41.91,81.14285714,21,40.5483871,FALSE,null,Nallur Kandaswamy Kovil Festival (Jaffna),TRUE,Colombo,26.5,3.5,82.04166667,20.3
8/16/2025,6660,4515.567873,-0.429360049,69.84666667,null,null,null,null,null,null,79.57142857,21,40.51612903,FALSE,null,Nallur Kandaswamy Kovil Festival (Jaffna),TRUE,Colombo,26.9,5.2,80.08333333,20.7
8/17/2025,6973,4515.567873,-0.429360049,69.84666667,null,null,null,null,null,null,78,21,40.48387097,FALSE,null,Nallur Kandaswamy Kovil Festival (Jaffna),TRUE,Colombo,26.8,8.7,84.58333333,17.8
8/18/2025,6022,4515.567873,-0.429360049,69.84666667,301.1,3.731,3.461,406.585,352.145,41.96,78,21,40.4516129,FALSE,null,Nallur Kandaswamy Kovil Festival (Jaffna),TRUE,Colombo,26.8,3,85.5,16.9
8/19/2025,6339,4515.567873,-0.429360049,69.84666667,301.375,3.749,3.468,406.08,351.097,42.05,78,21,40.41935484,FALSE,null,Nallur Kandaswamy Kovil Festival (Jaffna),TRUE,Colombo,27.2,0.1,84,12.7
8/20/2025,6339,4515.567873,-0.429360049,69.84666667,301.75,3.747,3.459,404.924,351.027,42.04,78,21,40.38709677,FALSE,null,Nallur Kandaswamy Kovil Festival (Jaffna),TRUE,Colombo,26.9,0.5,86.08333333,13.1
8/21/2025,6339,4515.567873,-0.429360049,69.84666667,301.9,3.748,3.457,408.366,351.584,42.13,78,21,40.35483871,FALSE,null,Nallur Kandaswamy Kovil Festival (Jaffna),TRUE,Colombo,27.1,0.1,83.83333333,12.5
8/22/2025,6339,4515.567873,-0.429360049,69.84666667,301.9,3.744,3.449,406.543,350.37,42.25,78,21,40.32258065,FALSE,null,Nallur Kandaswamy Kovil Festival (Jaffna),TRUE,Colombo,27,2.9,84.125,18.8
8/23/2025,6656,4515.567873,-0.429360049,69.84666667,null,null,null,null,null,null,78,21,40.29032258,FALSE,null,Nallur Kandaswamy Kovil Festival (Jaffna),TRUE,Colombo,26.5,5.7,85.16666667,11.3
8/24/2025,6973,4515.567873,-0.429360049,69.84666667,null,null,null,null,null,null,78,21,40.25806452,FALSE,null,Nallur Kandaswamy Kovil Festival (Jaffna),TRUE,Colombo,27.4,0.6,81.875,13.6
8/25/2025,6022,4515.567873,-0.429360049,69.84666667,302.15,3.755,3.449,407.448,353.721,42.26,77.85714286,21,40.22580645,FALSE,null,Nallur Kandaswamy Kovil Festival (Jaffna),TRUE,Colombo,27.7,0.3,79.25,19.4
8/26/2025,6339,4515.567873,-0.429360049,69.84666667,302.25,3.763,3.449,408.131,351.053,42.26,77.71428571,21,40.19354839,FALSE,null,Nallur Kandaswamy Kovil Festival (Jaffna),TRUE,Colombo,27.9,2.4,74.54166667,18.8
8/27/2025,6339,4515.567873,-0.429360049,69.84666667,302.375,3.765,3.452,408.566,351.88,42.4,77.57142857,21,40.16129032,FALSE,null,Nallur Kandaswamy Kovil Festival (Jaffna),TRUE,Colombo,27.3,3.1,77.5,21.1
8/28/2025,6339,4515.567873,-0.429360049,69.84666667,302.35,3.78,3.426,407.904,351.92,42.36,77.42857143,21,40.12903226,FALSE,null,Nallur Kandaswamy Kovil Festival (Jaffna),TRUE,Colombo,26.8,9.7,82.41666667,20.9
8/29/2025,6339,4515.567873,-0.429360049,69.84666667,302.05,3.748,3.431,409.006,353.221,42.3,77.28571429,21,40.09677419,FALSE,null,Nallur Kandaswamy Kovil Festival (Jaffna),TRUE,Colombo,26.7,21.3,84.375,19.8
8/30/2025,6656,4515.567873,-0.429360049,69.84666667,null,null,null,null,null,null,77.14285714,21,40.06451613,FALSE,null,Nallur Kandaswamy Kovil Festival (Jaffna),TRUE,Colombo,26.3,18.6,85.75,18.1
8/31/2025,6973,4515.567873,-0.429360049,69.84666667,null,null,null,null,null,null,77,21,40.03225806,FALSE,null,Nallur Kandaswamy Kovil Festival (Jaffna),TRUE,Colombo,26.9,8.4,84.875,17.3
9/1/2025,4942,4515.567873,-0.429360049,69.84666667,301.95,3.751,3.434,404.73,352.976,42.32,76.57142857,18,40,FALSE,null,Colombo International Tourism Fair | Nallur Kandaswamy Kovil Festival (Jaffna),TRUE,Colombo,27,8.3,83.79166667,21.1
9/2/2025,5202,4515.567873,-0.429360049,69.84666667,302.15,3.729,3.43,406.107,353.614,42.29,76.14285714,18,40,FALSE,null,Colombo International Tourism Fair | Nallur Kandaswamy Kovil Festival (Jaffna),TRUE,Colombo,27.3,1.9,82.54166667,18.4
9/3/2025,5202,4515.567873,-0.429360049,69.84666667,302.05,3.714,3.424,405.625,351.732,42.28,75.71428571,18,40,FALSE,null,Colombo International Tourism Fair | Nallur Kandaswamy Kovil Festival (Jaffna),TRUE,Colombo,27,6.4,80,22.5
9/4/2025,5202,4515.567873,-0.429360049,69.84666667,301.95,3.716,3.424,407.92,352.236,42.33,75.28571429,18,40,FALSE,null,Nallur Kandaswamy Kovil Festival (Jaffna),TRUE,Colombo,26.7,1.9,83.375,18.3
9/5/2025,5202,4515.567873,-0.429360049,69.84666667,301.95,3.716,3.424,407.421,351.727,42.33,74.85714286,18,40,TRUE,Prophet's Birthday,Nallur Kandaswamy Kovil Festival (Jaffna),TRUE,Colombo,27,3.9,82.54166667,17.8
9/6/2025,5463,4515.567873,-0.429360049,69.84666667,null,null,null,null,null,null,74.42857143,18,40,FALSE,null,Nallur Kandaswamy Kovil Festival (Jaffna),TRUE,Colombo,27.1,4.3,83.125,17.8
9/7/2025,5723,4515.567873,-0.429360049,69.84666667,null,null,null,null,null,null,74,18,40,TRUE,Binara Full Moon Poya Day,Nallur Kandaswamy Kovil Festival (Jaffna),TRUE,null,null,null,null,null
9/8/2025,4942,4515.567873,-0.429360049,69.84666667,301.95,3.64,3.43,408.478,353.855,42.35,73,18,40,FALSE,null,Nallur Kandaswamy Kovil Festival (Jaffna),TRUE,null,null,null,null,null
9/9/2025,5202,4515.567873,-0.429360049,69.84666667,null,null,null,null,null,null,72,18,40,FALSE,null,null,FALSE,null,null,null,null,null
9/10/2025,5202,4515.567873,-0.429360049,69.84666667,null,null,null,null,null,null,71,18,40,FALSE,null,null,FALSE,null,null,null,null,null
9/11/2025,5202,4515.567873,-0.429360049,69.84666667,null,null,null,null,null,null,70,18,40,FALSE,null,null,FALSE,null,null,null,null,null
9/12/2025,5202,4515.567873,-0.429360049,69.84666667,null,null,null,null,null,null,69,18,40,FALSE,null,null,FALSE,null,null,null,null,null
9/13/2025,5463,4515.567873,-0.429360049,69.84666667,null,null,null,null,null,null,68,18,40,FALSE,null,null,FALSE,null,null,null,null,null
9/14/2025,5723,4515.567873,-0.429360049,69.84666667,null,null,null,null,null,null,67,18,40,FALSE,null,null,FALSE,null,null,null,null,null
9/15/2025,4942,4515.567873,-0.429360049,69.84666667,null,null,null,null,null,null,67.28571429,18,40,FALSE,null,null,FALSE,null,null,null,null,null
9/16/2025,5208,4515.567873,-0.429360049,69.84666667,null,null,null,null,null,null,67.57142857,18,40,FALSE,null,null,FALSE,null,null,null,null,null
9/17/2025,5242,4515.567873,-0.429360049,69.84666667,null,null,null,null,null,null,67.85714286,18,40,FALSE,null,null,FALSE,null,null,null,null,null
9/18/2025,5202,4515.567873,-0.429360049,69.84666667,null,null,null,null,null,null,68.14285714,18,40,FALSE,null,null,FALSE,null,null,null,null,null
